江苏倾城商贸集团有限公司,,,,
江苏省岗埠农场有限公司,,,,
江苏鑫海湾投资有限公司,,,,
江苏逢源建设工程有限公司,,,,
江苏海立威物业服务有限公司,,,,
江苏省金肯科技实业股份有限公司,,,,
江苏振港建设工程有限公司,,,,
连云港易耕农业服务有限公司,,,,
江苏优驰工程项目管理有限公司,,,,
江苏易智立建设工程有限公司,,,,
连云港市亚诺化工设备有限公司,,,,
连云港云源市政工程有限公司,,,,
连云港河海饲料有限公司,,,,
江苏Z卓建筑科技有限公司,,,,
连云港云亮实业有限公司,,,,
连云港市顺城园林工程有限责任公司,,,,
江苏百城航迅教育咨询有限公司,,,,
江苏恩铭机电科技有限公司,,,,
连云港苏源水产养殖有限公司,,,,
江苏诺德中域企业管理服务有限公司,,,,
江苏金万禾农业科技有限公司,,,,
连云港新锦源水务有限公司,,,,
连云港富邦通电子信息科技有限公司,,,,
连云港华驰实业发展有限公司,,,,
连云港中升汇宝汽车销售服务有限公司,,,,
连云港加莱贸易有限公司,,,,
连云港市广源金银珠宝有限责任公司,,,,
连云港贝斯特化工有限公司,,,,
江苏港安消防科技有限公司,,,,
江苏盛昭瑞建设工程有限公司,,,,
江苏鑫易达保安服务有限公司,,,,
江苏神洲旅游开发有限公司,,,,
连云港福特康贸易有限公司,,,,
江苏标造网络科技有限公司,,,,
江苏创富汇通经济信息咨询有限公司,,,,
江苏俊贤智能工程有限公司,,,,
江苏啄木鸟装饰工程有限公司,,,,
江苏博诺建设工程有限公司,,,,
江苏迈权建设有限公司,,,,
江苏团发实业有限公司,,,,
连云港汉丰广告装饰工程有限公司,,,,
江苏淘港城网络技术有限公司,,,,
江苏万伦工程咨询有限公司,,,,
江苏智道合建设工程有限公司,,,,
江苏帝标建设有限公司,,,,
连云港西顿机电设备有限公司,,,,
连云港新厨尚食品贸易有限公司,,,,
连云港天鸟贸易有限公司,,,,
连云港凯然电器设备有限公司,,,,
连云港市中泰混凝土有限公司,,,,
连云港悉心建设工程有限公司,,,,
江苏一起出发旅游服务有限公司,,,,
连云港富裕酒店管理有限公司,,,,
江苏恩诺维实验室设备有限公司,,,,
连云港嘉祥物流有限公司,,,,
连云港憨哥后勤服务有限公司,,,,
连云港欣吉化工有限公司,,,,
连云港德川澳门豆捞餐饮有限公司,,,,
江苏亿洲新材料有限公司,,,,
连云港梓涛建筑工程有限公司,,,,
连云港盛德防虫技术服务有限公司,,,,
江苏筒滋味实业发展有限公司,,,,
江苏用电通电气有限公司,,,,
江苏凯续元宏项目管理有限公司,,,,
连云港建杰建设工程有限公司,,,,
江苏耀亚投资有限公司,,,,
连云港市华瑞房地产开发有限公司,,,,
江苏宝晶建筑工程有限公司,,,,
江苏尚都生活服务有限公司,,,,
江苏马斯克软件技术有限公司,,,,
连云港晶辉老龄产业投资有限公司,,,,
江苏德蚨霖建设工程有限公司,,,,
江苏广视文化传媒有限公司,,,,
江苏万钧建设装饰工程有限公司,,,,
江苏寇华建设工程有限公司,,,,
江苏译辉医疗有限公司,,,,
江苏袋鼠信息科技有限公司,,,,
江苏中亿佳建筑工程有限公司,,,,
连云港博玖贸易有限公司,,,,
连云港旭力起重安装工程有限公司,,,,
连云港环普新能源科技有限公司,,,,
江苏海疆润滑油销售有限公司,,,,
滴滴巴巴网络科技江苏有限公司,,,,
连云港龙见喜油脂有限公司,,,,
江苏润轩农业发展有限公司,,,,
江苏力文网络技术有限公司,,,,
江苏天宏电力工程有限公司,,,,
江苏有爱肉制品有限公司,,,,
连云港瀚远国际贸易有限公司,,,,
江苏柏慕企业管理有限公司,,,,
江苏品瑞建筑工程有限公司,,,,
连云港鹤鸣农业开发有限公司,,,,
连云港沿海钢铁贸易有限公司,,,,
连云港宋家鑫花卉苗木有限公司,,,,
江苏博联印务有限公司,,,,
连云港仁通建筑工程有限公司,,,,
江苏精匠建筑装饰工程有限公司,,,,
江苏亚之星企业管理有限公司,,,,
连云港市万嘉鑫营销策划顾问有限公司,,,,
连云港良尧建材贸易有限公司,,,,
连云港金源鸿国际贸易有限公司,,,,
连云港樽六喜贸易有限公司,,,,
江苏英伦新能源科技发展有限公司,,,,
连云港莱泽商贸有限公司,,,,
江苏典霖教育咨询有限公司,,,,
连云港恒迈信息咨询有限公司,,,,
连云港众幕础工程有限公司,,,,
连云港顺耀工程机械有限公司,,,,
江苏酷利建设有限公司,,,,
江苏都挺好电气有限公司,,,,
江苏百鑫吉建设有限公司,,,,
江苏啾咪网络科技有限公司,,,,
江苏宝中宝电动车科技有限公司,,,,
连云港皓海繁星文化传媒有限公司,,,,
江苏对坤建设工程有限公司,,,,
江苏久圣达贸易有限公司,,,,
江苏金立特酒品销售有限公司,,,,
江苏森之亚建设有限公司,,,,
江苏铭澳建筑劳务有限公司,,,,
江苏进霖荣建设工程有限公司,,,,
江苏宇宽建设工程有限公司,,,,
江苏今天广告有限公司,,,,
江苏琦佩实业有限公司,,,,
连云港市金顺建设工程有限公司,,,,
连云港博Z源机械设备有限公司,,,,
江苏段氏机械吊装有限公司,,,,
江苏六尺巷装饰工程有限公司,,,,
江苏康家装饰设计有限公司,,,,
江苏妍佰纷商贸有限公司,,,,
连云港云创建设工程有限公司,,,,
江苏李记明章健康食品集团有限公司,,,,
江苏蝶雨健康文化传媒有限公司,,,,
江苏军昊企业管理咨询有限公司,,,,
江苏华盛致远信息科技有限公司,,,,
连云港鲲鹏消防装备有限公司,,,,
江苏润凡斯生物科技有限公司,,,,
江苏银勾建设工程有限公司,,,,
连云港牛呱呱贸易有限公司,,,,
江苏大北建设工程有限公司,,,,
江苏创壹嘉供应链有限公司,,,,
江苏亚坤生物科技有限公司,,,,
江苏绍宽建设工程有限公司,,,,
江苏贝世丰农业科技有限公司,,,,
连云港杰祝机电工程有限公司,,,,
江苏百千万新能源科技有限公司,,,,
江苏萌牛电子科技有限公司,,,,
连云港鼎丰投资有限公司,,,,
江苏路达顺物流有限公司,,,,
连云港天雄工程设备有限公司,,,,
连云港融成劳务有限公司,,,,
江苏弘之城建筑工程有限公司,,,,
江苏正标建设有限公司,,,,
连云港亿荭酒店有限公司,,,,
连云港百万欣建设工程有限公司,,,,
连云港市子烈商务信息咨询有限公司,,,,
连云港中旅会展有限公司,,,,
江苏百利人建设工程有限公司,,,,
连云港市兴凡装饰工程有限公司,,,,
连云港戴瑞建材有限公司,,,,
江苏万业法律咨询有限公司,,,,
连云港琰宇建设工程有限公司,,,,
江苏中科嘉骥智能制造有限公司,,,,
江苏连泽环保建材有限公司,,,,
江苏天之水建设有限公司,,,,
连云港市兆凯装饰工程有限公司,,,,
连云港市新滩建设工程有限公司,,,,
江苏药德农业科技开发有限公司,,,,
连云港市镧溪新材料有限公司,,,,
连云港欧亚气体有限公司,,,,
连云港连海保税服务有限公司,,,,
江苏鑫尚电力建设有限公司,,,,
连云港达N新材料科技有限公司,,,,
江苏科盛富邦饲料有限公司,,,,
连云港二十一世纪房地产开发有限公司,,,,
连云港永世国际贸易有限公司,,,,
甘肃省发展和改革委员会驻连云港办事处,,,,
连云港荣华建材有限公司,,,,
连云港鼎正石油化工有限公司,,,,
江苏中垠瑞科能源科技有限公司,,,,
连云港宏镍国际贸易有限公司,,,,
连云港海金船务有限公司,,,,
连云港硕达国际贸易有限公司,,,,
江苏硕海石油化工有限公司,,,,
连云港海源建筑安装工程有限公司,,,,
江苏福运能源有限公司,,,,
江苏鸿景石化有限公司,,,,
江苏海瑞石油化工有限公司,,,,
连云港徐圩车辆检测服务有限公司,,,,
江苏陇海陆桥国际贸易有限公司,,,,
江苏万开洋水产科技有限公司,,,,
连云港亚卓贸易有限公司,,,,
江苏赛能特实业有限公司,,,,
江苏连云港惠丰生物肥料有限公司,,,,
连云港连桥商贸有限公司,,,,
铭鹊生态环境工程（江苏）有限公司,,,,
江苏圣城能源有限公司,,,,
江苏卵石数码科技有限公司,,,,
连云港棒棒蒜贸易有限公司,,,,
连云港胜源废旧物资回收有限公司,,,,
江苏志亚建材销售有限公司,,,,
江苏财纳实业发展有限公司,,,,
连云港腾达国际货运代理有限公司,,,,
连云港市连云区军粮供应站粮食仓储物流有限公司,,,,
连云港量海建筑工程有限公司,,,,
江苏合全佳供应链管理有限公司,,,,
江苏摩林建筑工程有限公司,,,,
连云港彬祥建筑工程有限公司,,,,
江苏硬壳互联网有限公司,,,,
江苏鸿翊德新材料贸易有限公司,,,,
江苏方维医疗科技有限公司,,,,
连云港蓝色未来投资合伙企业（有限合伙）,,,,
江苏扬子江智能科技有限公司,,,,
江苏中合企业管理有限公司,,,,
瑞创人力资源（江苏）有限公司,,,,
蒙香思月（连云港）海洋经济开发有限公司,,,,
江苏卓舜企业管理咨询有限公司,,,,
蓝峻能源（江苏）有限公司,,,,
江苏安港餐饮管理有限公司,,,,
连云港粒粒电子商务有限公司,,,,
江苏鑫旺能源有限公司,,,,
连云港万祥贸易有限公司,,,,
江苏海纳佰川贸易有限公司,,,,
江苏华屹企业管理咨询有限公司,,,,
江苏金立化工商贸有限公司,,,,
江苏国东石化有限公司,,,,
江苏文亚石油化工有限公司,,,,
中鼎石化（江苏）有限公司,,,,
江苏中吉石化有限公司,,,,
江苏建达石油化工有限公司,,,,
江苏车牛山岛现代渔业发展有限公司,,,,
连云港崇瑞信息科技有限公司,,,,
江苏亿森牧业有限公司,,,,
连云港市金陵饲料有限公司,,,,
连云港东海建筑安装工程有限公司,,,,
江苏中微企业资产管理有限公司,,,,
罡阳轴研科技（灌云）有限公司,,,,
灌云鑫钰混凝土制品有限公司,,,,
华能灌云热电有限责任公司,,,,
东海县咖萨克水晶有限公司,,,,
东海县金润污水处理有限公司,,,,
东海县崇瑞石英科技有限公司,,,,
江苏云迪建设工程有限公司,,,,
江苏疆厦置业有限公司,,,,
江苏昶能新能源科技有限公司,,,,
连云港翔润和新型建材有限公司,,,,
东海县两山绿化工程有限公司,,,,
东海县富邦建材有限公司,,,,
连云港万拓金属材料有限公司,,,,
连云港鸿龙物流有限公司,,,,
连云港嘉也健康科技有限公司,,,,
连云港丽港建筑安装工程有限公司,,,,
江苏丰信农业服务有限公司,,,,
连云港西诺花卉种业有限公司,,,,
连云港新秀地产投资有限公司,,,,
连云港忠美物流有限公司,,,,
东海青松岭农业开发有限公司,,,,
连云港丰达置地有限公司,,,,
连云港尊海商贸有限公司,,,,
连云港康城置业有限公司,,,,
连云港瓴派建筑工程有限公司,,,,
连云港朗润汽车销售服务有限公司,,,,
江苏典隆房地产开发有限公司,,,,
东海县君怡物业管理有限公司,,,,
东海县石榴街道中心小学,,,,
江苏暖达建设工程有限公司,,,,
连云港博盈新型建材有限公司,,,,
江苏飞鹰智能科技有限公司,,,,
灌云凯润建设有限公司,,,,
连云港荣润置业有限公司,,,,
厚台餐饮（连云港）有限公司,,,,
连云港开仓粮食加工有限公司,,,,
连云港创铭翔森物流有限公司,,,,
江苏凡清建设工程有限公司,,,,
连云港华翔医药科技有限公司,,,,
中苏智慧农业科技（连云港）有限公司,,,,
连云港能华建筑安装有限公司,,,,
连云港兴瑞新材料有限公司,,,,
江苏冠东电梯工程有限公司,,,,
江苏昊科石英制品有限公司,,,,
连云港裕衡建筑工程有限公司,,,,
连云港银汉实业有限公司,,,,
连云港协和木业有限公司,,,,
江苏拓果建筑工程有限公司,,,,
东海县福坤农业开发有限公司,,,,
连云港绿湖环保科技有限公司,,,,
连云港硕德再生资源有限公司,,,,
江苏瑞添意电源科技有限公司,,,,
灌云县新区实验小学,,,,
东海县李埝中心小学,,,,
江苏省东海县殡仪馆,,,,
连云港川华建筑工程有限公司,,,,
灌云万福置业有限公司,,,,
连云港威冠商贸有限公司,,,,
江苏丰旺现代农业发展有限公司,,,,
江苏苏住酒店管理有限公司,,,,
连云港每日农业开发有限公司,,,,
东海县祥虹建筑工程有限公司,,,,
连云港东冠新能源汽车有限公司,,,,
连云港市蓝奇广告有限公司,,,,
东海县别样年华餐饮管理有限公司,,,,
灌云县瑞诺生态农业科技发展有限公司,,,,
连云港文达建设工程有限公司,,,,
连云港云久商品混凝土有限公司,,,,
江苏团祥光电科技有限公司,,,,
东海县华仓建材有限公司,,,,
江苏耀晨电热科技有限公司,,,,
江苏恒晖新能源科技有限公司,,,,
连云港胜端商贸有限公司,,,,
连云港恒开置业有限公司,,,,
连云港市天富鼎建设工程有限公司,,,,
江苏旭腾环保科技有限公司,,,,
连云港天心家庭农场有限公司,,,,
连云港拓康消防工程有限公司,,,,
江苏安文装饰工程有限公司,,,,
连云港尚楚服饰有限公司,,,,
连云港中城房地产开发有限公司,,,,
东海县弘东建筑工程有限公司,,,,
江苏鼎之创建筑工程有限公司,,,,
连云港启普硅材料有限公司,,,,
东海县八妹珠宝有限公司,,,,
江苏伊趣健康科技发展有限公司,,,,
连云港市楠林木业科技有限公司,,,,
江苏晶鹰服饰有限公司,,,,
江苏金滨洋报废汽车拆解有限公司,,,,
江苏泽瑞现代渔业科技有限公司,,,,
东海县龙久体育运动场地建设有限公司,,,,
江苏盛铭特环保科技有限公司,,,,
江苏瀚象拾维电子商务有限公司,,,,
江苏华庆化妆品有限公司,,,,
江苏盛天精密弹簧有限公司,,,,
东海县瓣石珠宝有限公司,,,,
连云港撤⒋务有限公司,,,,
东海县桃林镇福桃农业发展有限公司,,,,
连云港宇飞建设工程有限公司,,,,
江苏宜约服装有限公司,,,,
灌云鼎源贸易有限公司,,,,
江苏联盈农业开发有限公司,,,,
连云港亚大吊装有限公司,,,,
江苏塞纳卡卡汽车服务有限公司,,,,
东海县驼海机械设备租赁有限公司,,,,
江苏浩儒华网络科技有限公司,,,,
东海县雅图瑞建筑工程有限公司,,,,
江苏胡姐食品商贸有限公司,,,,
江苏新富台建设工程有限公司,,,,
东海县运通机械设备有限公司,,,,
江苏和熙广告传媒有限公司,,,,
连云港刘红业葡萄种植有限公司,,,,
连云港智云网络科技有限公司,,,,
连云港鼎卓工程机械租赁有限公司,,,,
灌云润圩农业发展有限公司,,,,
连云港冠学工程机械租赁有限公司,,,,
江苏卓金玛医疗科技有限公司,,,,
灌云保凤超市有限公司,,,,
江苏七里香生态农业科技有限公司,,,,
江苏钧朋达贸易有限公司,,,,
连云港华球商贸有限公司,,,,
江苏精通思嘉安全科技有限公司,,,,
灌云县鑫源泡塑制品有限公司,,,,
连云港端迈商贸有限公司,,,,
江苏云凯商务信息咨询有限公司,,,,
江苏港胜经济作物产业研究院有限公司,,,,
江苏持更企业管理有限公司,,,,
连云港高运珠宝有限公司,,,,
江苏绍道电子商务有限公司,,,,
东海县茂源投资有限公司,,,,
灌云金曰建筑有限公司,,,,
东海县邵楹石英制品有限公司,,,,
江苏破烂猴再生资源有限公司,,,,
连云港装乾起重机械租赁有限公司,,,,
连云港中泓国际贸易有限公司,,,,
灌云鹏达建设有限公司,,,,
连云港市席可方茶饮服务有限公司,,,,
江苏腾双装饰工程有限公司,,,,
连云港博志达塑胶科技有限公司,,,,
江苏久运服饰有限公司,,,,
东海县祥润医疗器械贸易有限公司,,,,
江苏仁哆多智能化科技有限公司,,,,
连云港港泰半导体新材料有限公司,,,,
江苏聚缘慧电力工程有限公司,,,,
江苏聪暖网络科技有限公司,,,,
连云港同顺物流有限公司,,,,
连云港润桥建筑劳务有限公司,,,,
灌云安怡供应链有限公司,,,,
连云港涵敏建筑劳务有限公司,,,,
云源电力设备制造连云港有限公司,,,,
江苏王东梅百货服装有限公司,,,,
江苏汇鑫拆除工程有限公司,,,,
江苏恒益会计服务有限公司,,,,
连云港韶乐建设工程有限公司,,,,
连云港百团建筑工程有限公司,,,,
连云港云禹梦成品油销售有限公司,,,,
东海县浦都吊装服务有限公司,,,,
连云港玖德起重吊装有限公司,,,,
东海县德功建设工程有限公司,,,,
连云港思杞建筑劳务有限公司,,,,
东海县森那美二手车服务有限公司,,,,
江苏新奇圣再生资源有限公司,,,,
连云港冯云兰保健食品经营有限公司,,,,
江苏中农肥业有限公司,,,,
连云港兴榆建筑安装工程有限公司,,,,
江苏洁源环保科技有限公司,,,,
连云港赣榆新城开发有限公司,,,,
连云港市赣榆区塔山镇卫生院（连云港市赣榆区塔山镇妇幼保健计划生育服务站）,,,,
连云港赣榆兴班资产经营有限公司,,,,
江苏东巨建筑工程有限公司,,,,
连云港信榆房地产开发有限公司,,,,
江苏连洋投资发展有限公司,,,,
连云港赣榆诚泰建材有限公司,,,,
连云港市易事特光伏科技有限公司,,,,
连云港富鑫包装有限公司,,,,
协利环保（连云港）有限公司,,,,
江苏丽鑫实业有限公司,,,,
连云港坤灵建材贸易有限公司,,,,
连云港暖佳热能科技有限公司,,,,
江苏金驰房地产有限公司,,,,
连云港赣榆久石园区开发有限公司,,,,
江苏鸿江建设工程有限公司,,,,
连云港千万里食品有限公司,,,,
江苏咿小兜食品有限公司,,,,
江苏新同康机械制造有限公司,,,,
江苏丰焱瑞建设工程有限公司,,,,
江苏建院佰晟节能科技有限公司,,,,
江苏欧翔新能源有限公司,,,,
江苏金五综合食品有限公司,,,,
连云港市昌隆包装新材料有限公司,,,,
连云港辰谷粮油贸易有限公司,,,,
连云港市金棉防护用品有限公司,,,,
连云港金昕昊农业开发有限公司,,,,
连云港义茂建筑劳务有限公司,,,,
江苏合禧乐享企业管理有限公司,,,,
连云港勋歌实业有限公司,,,,
连云港天鸿工程项目管理有限公司,,,,
连云港淦诚水产养殖有限公司,,,,
连云港中旭机电设备安装有限公司,,,,
连云港市银桥石材有限公司,,,,
连云港亚石矿业有限公司,,,,
江苏金鸿环境工程设计院有限公司,,,,
连云港晟利汽车销售服务有限公司,,,,
连云港正东房地产开发有限公司,,,,
美家美都（连云港）城市服务有限公司,,,,
连云港恒创节能科技有限公司,,,,
连云港易仁企业管理有限公司,,,,
江苏天沐模架科技有限公司,,,,
江苏秉博建设工程有限公司,,,,
连云港尚宇电气有限公司,,,,
江苏慕尚网络科技有限公司,,,,
江苏祥展机械科技有限公司,,,,
江苏创轶通技术服务有限公司,,,,
连云港诸者元建筑工程有限公司,,,,
江苏海瀚平祥矿业有限公司,,,,
江苏御阁装饰设计工程有限公司,,,,
江苏恒悦五金科技有限公司,,,,
连云港焱慕ㄖ工程有限公司,,,,
连云港乐双实业发展有限公司,,,,
连云港东昌化工贸易有限公司,,,,
连云港奥特莱斯商业经营管理有限公司,,,,
江苏中荣达工程项目管理有限公司,,,,
连云港市龙兴水产养殖有限公司,,,,
连云港市赣榆区康正中小微企业公共技术服务中心,,,,
鸿壹行（江苏）供应链管理有限公司,,,,
连云港Z宁裕实业发展有限公司,,,,
江苏丰都建筑工程有限公司,,,,
江苏荣逸环保工程有限公司,,,,
江苏银湖网络技术有限公司,,,,
江苏塔比实业有限公司,,,,
江苏双旺文化传播有限公司,,,,
连云港德臻食品有限公司,,,,
江苏易快客木业有限公司,,,,
江苏昱笠文化传播有限公司,,,,
连云港聚财建筑劳务有限公司,,,,
江苏振宇通信工程有限公司,,,,
江苏乾清环保科技有限公司,,,,
连云港巨卡网络科技有限公司,,,,
连云港欧梦防护用品有限公司,,,,
连云港海品库电子商务有限公司,,,,
连云港市赣榆区孟庆宏农作物种植农场,,,,
连云港泽之博实业有限公司,,,,
江苏君至悦农业开发有限公司,,,,
连云港若桓实业发展有限公司,,,,
江苏揣德实业有限公司,,,,
连云港昱康光伏科技有限公司,,,,
江苏丰之素农业科技开发有限公司,,,,
连云港艾莱斯装饰工程有限公司,,,,
连云港宏硕水产养殖有限公司,,,,
连云港凰荣建筑劳务有限公司,,,,
连云港明纳建筑工程有限公司,,,,
江苏德昌机械设备有限公司,,,,
连云港康姿美佳健康信息咨询服务有限公司,,,,
连云港久卓商贸有限公司,,,,
连云港旺冠生态农业有限公司,,,,
连云港国瑞汽车销售服务有限公司,,,,
江苏佳牛网络科技有限公司,,,,
连云港杰纳威实业发展有限公司,,,,
江苏佳环安全环境科技有限公司,,,,
连云港帕加尼实业有限公司,,,,
连云港市成香水产养殖专业合作联社,,,,
连云港赣榆苏瑞塔植保技术服务专业合作社,,,,
连云港市城建控股集团有限公司,,,,
江苏联瑞新材料股份有限公司,,,,
江苏恒瑞医药集团有限公司,,,,
博达建宇保险代理有限公司,,,,
灌南县万年达实业有限公司,,,,
江苏金灌投资发展集团有限公司,,,,
中国外运陆桥运输有限公司,,,,
江苏欧美斯科技发展集团有限公司,,,,
连云港市金海岸城市发展有限公司,,,,
江苏沿海钢铁集团有限公司,,,,
江苏文晖建设工程有限公司,,,,
连云港市连云区连岛企业公司,,,,
连云港顺天木业有限公司,,,,
连云港港利房产开发有限公司,,,,
灌南五龙口水务投资有限公司,,,,
连云港苏海投资有限公司,,,,
江苏泰和国际货运有限公司,,,,
连云港东江水务有限公司,,,,
江苏港铄建设工程有限公司,,,,
连云港瀛洲集团建设有限公司,,,,
天富（连云港）食品配料有限公司,,,,
江苏恒美达混凝土制品有限公司,,,,
连云港畅通通信器材制造有限公司,,,,
连云港中蓝光电科技有限公司,,,,
丰益醇工业（连云港）有限公司,,,,
旺山旺水（连云港）制药有限公司,,,,
连云港深冷特种装备有限公司,,,,
连云港东睦新材料有限公司,,,,
江苏同合电气有限公司,,,,
连云港天乾房地产开发有限公司,,,,
连云港市青龙山公墓管理有限公司,,,,
江苏智可达信息工程有限公司,,,,
连云港市赣榆区博雅高级中学有限公司,,,,
江苏华电灌云风力发电有限公司,,,,
东海力音电子有限公司,,,,
连云港西湾置业有限公司,,,,
连云港港口集团供电工程有限公司,,,,
江苏沛金投资发展有限公司,,,,
连云港立恒国际贸易有限公司,,,,
江苏筋斗云供应链管理有限公司,,,,
灌南中裕燃气有限公司,,,,
连云港万森皮业有限公司,,,,
连云港海客瀛洲投资有限公司,,,,
灌南月桂园林绿化有限公司,,,,
连云港市融诚金融信息服务有限公司,,,,
连云港市华和建材贸易有限公司,,,,
连云港鹰游房地产投资有限公司,,,,
连云港新荣泰码头有限公司,,,,
连云港善文水务工程有限公司,,,,
连云港纳森农业开发有限公司,,,,
鸿蒙蝴蝶云（江苏）企业管理有限公司,,,,
连云港市润禾信用担保投资有限公司,,,,
江苏苏冉船艇科技有限公司,,,,
连云港泰地能源有限公司,,,,
连云港今明老龄产业投资有限公司,,,,
新光置业发展（连云港）有限公司,,,,
连云港康业建筑工程有限公司,,,,
灌云鑫风风电有限公司,,,,
江苏融茂置业有限公司,,,,
江苏连城投资有限公司,,,,
连云港国华融资担保有限公司,,,,
灌云盛世翔云产业投资基金（有限合伙）,,,,
连云港旭航新材料有限公司,,,,
灌南县三创交通投资有限公司,,,,
东州医院有限公司,,,,
连云港正德塑业有限公司,,,,
东海县裕隆再生资源有限公司,,,,
江苏地亚装配式建筑有限公司,,,,
江苏新海连智能科技有限公司,,,,
地之源兴伟连云港贸易有限公司,,,,
连云港和安中小企业园开发有限公司,,,,
连云港御林装饰工程有限公司,,,,
连云港杨鑫企业征信有限公司,,,,
连云港晋渊国际贸易有限公司,,,,
连云港恒烨晟辉建设工程有限公司,,,,
江苏云港环境修复有限公司,,,,
江苏沛食品科技有限公司,,,,
连云港世超服饰有限公司,,,,
连云港彦贝建筑劳务分包有限公司,,,,
连云港市鑫丰城市建设投资发展有限公司,,,,
江苏百玻交通科技有限公司,,,,
连云港金开置业有限公司,,,,
连云港茵美园林绿化有限公司,,,,
连云港市质量技术综合检验检测中心,,,,
江苏海陵湖生态科技发展有限公司,,,,
连云港市州智国际贸易有限公司,,,,
东海佳业建筑劳务有限公司,,,,
连云港喜多多农业开发有限公司,,,,
连云港耀中物业管理有限公司,,,,
江苏通港码头有限公司,,,,
灌南京港土石方工程有限公司,,,,
连云港茹鸣医疗器械销售有限公司,,,,
连云港市投资基金（有限合伙）,,,,
江苏柏洲餐饮服务管理有限公司,,,,
连云港腾越洗涤用品有限责任公司,,,,
连云港迈优宝珀实业有限公司,,,,
上德勤诚（江苏）环保新材料科技有限公司,,,,
连云港鸿弘建筑工程有限公司,,,,
连云港先丰塬实业有限公司,,,,
灌南县瀚信房地产开发有限公司,,,,
连云港泓顺源建设工程有限公司,,,,
连云港市黄海房产开发有限公司,,,,
江苏棣华设备工程有限公司,,,,
徐淮盐连建设工程有限公司,,,,
江苏乾坤七羽石油化工有限公司,,,,
连云港赣榆苏合农产品销售专业合作联社,,,,
江苏海田湾贸易有限公司,,,,
江苏优钻享珠宝有限公司,,,,
江苏禾利源实业发展有限公司,,,,
连云港文合源电力科技有限公司,,,,
连云港德旺斯电子科技有限公司,,,,
江苏石粱河生态科技发展有限公司,,,,
连云港优特汇贸易有限公司,,,,
江苏华焰实业发展有限公司,,,,
核利时仪表阀门（江苏）有限公司,,,,
连云港铭德畅物流有限公司,,,,
连云港禾洁新材料有限公司,,,,
江苏五洋石油化工有限公司,,,,
连云港凯冠建筑工程有限公司,,,,
灌云县富港海产品经营有限公司,,,,
东海县体育中心,,,,
赣榆县祥润果蔬种植专业合作社,,,,
江苏省灌云高级中学,,,,
连云港市海州区经济信息化与发展改革局工会委员会,,,,
江苏丽莎菌业股份有限公司,,,,
连云港味之素冷冻食品有限公司,,,,
连云港泰宇建设开发有限公司,,,,
连云港世杰农化有限公司,,,,
江苏鼎中智能科技有限公司,,,,
连云港恒奥达肥料科技有限公司,,,,
连云港市绿缘牧业有限公司,,,,
江苏逆龄石油化工有限责任公司,,,,
连云港灌江线材科技有限公司,,,,
连云港连润环保科技有限公司,,,,
连云港水源地电子科技有限公司,,,,
纳福企业管理（江苏）有限公司,,,,
连云港海鑫建筑装饰工程有限公司,,,,
江苏裕科新材料有限公司,,,,
江苏腾旷科技发展集团有限公司,,,,
灌南县扬帆港务有限公司,,,,
无逸化成（连云港）塑料科技有限公司,,,,
江苏创尊建设有限公司,,,,
连云港润舜贸易有限公司,,,,
连云港桂军贸易有限公司,,,,
连云港易美特建材有限公司,,,,
连云港华杰房地产有限公司,,,,
江苏吉建建设有限公司,,,,
连云港富煜新能源科技有限公司,,,,
连云港敬业装饰工程有限公司,,,,
连云港亚佳化工有限公司,,,,
江苏佛手建筑工程有限公司,,,,
连云港华福金属材料有限公司,,,,
连云港市中成化工有限公司,,,,
连云港智融企业管理合伙企业（有限合伙）,,,,
连云港铭科企业管理咨询合伙企业（有限合伙）,,,,
连云港功成石油化工有限公司,,,,
连云港庆福集装箱有限公司,,,,
连云港博泰不锈钢制造有限公司,,,,
灌南圣瑞再生物资回收有限公司,,,,
江苏昱晟机械制造有限公司,,,,
江苏酷炫移动房屋科技有限公司,,,,
江苏华翕工程设计研究有限公司,,,,
连云港祥舟建设有限公司,,,,
江苏瀚源百胜实业有限公司,,,,
江苏冰力环境科技有限公司,,,,
江苏丰迪科学仪器有限公司,,,,
江苏昌华供应链管理有限公司,,,,
江苏沁江淇建设工程有限公司,,,,
连云港沃利贸易有限公司,,,,
江苏苏威建设工程有限公司,,,,
连云港瑞洋牧业有限公司,,,,
江苏天下购电子商务有限公司,,,,
江苏牧草食品科技有限公司,,,,
连云港登泰机械设备制造有限公司,,,,
连云港瑞鑫建设工程有限公司,,,,
江苏港赢建设工程有限公司,,,,
连云港酒必达网络科技有限公司,,,,
江苏度关山科技有限公司,,,,
连云港圆阳建设工程有限公司,,,,
连云港现宇汽车销售服务有限公司,,,,
灌南小水电子材料有限公司,,,,
江苏巨满升建设工程有限公司,,,,
江苏朗易节能建材科技有限公司,,,,
江苏金宸旭现代农业产业园发展有限公司,,,,
江苏昌顺建设工程有限公司,,,,
连云港合丰船舶技术服务有限公司,,,,
江苏中闽能源（集团）有限公司,,,,
连云港亿汇缘国际贸易有限公司,,,,
净恩环境工程江苏有限公司,,,,
连云港超盛蒜贸易有限公司,,,,
连云港亿豪贸易有限公司,,,,
连云港猿猿装饰有限公司,,,,
连云港烨阳市政工程有限公司,,,,
连云港环世国际贸易有限公司,,,,
江苏博禧建设工程有限公司,,,,
江苏翰思教育科技有限公司,,,,
连云港达庆国际贸易有限公司,,,,
连云港部隆实业有限公司,,,,
江苏恒海医药科学研究院有限公司,,,,
连云港澳港佰利新能源科技发展有限公司,,,,
连云港赛宇国际贸易有限公司,,,,
江苏轩海农业开发有限公司,,,,
江苏虾掰餐饮服务有限公司,,,,
连云港聚派商贸有限公司,,,,
江苏艾炎国际贸易有限公司,,,,
连云港万盛物流有限公司,,,,
江苏宝得食品有限公司,,,,
江苏尤迪特生物科技有限公司,,,,
江苏云悠文化传媒有限公司,,,,
连云港权凤建筑劳务有限公司,,,,
江苏聚友建筑劳务有限公司,,,,
江苏洪意达建材贸易有限公司,,,,
江苏途歌企业管理有限公司,,,,
连云港聚云信息科技有限公司,,,,
连云港碧恒新型材料有限公司,,,,
连云港沙玛起重吊装有限公司,,,,
江苏科福生物科技有限公司,,,,
连云港洁居保洁服务有限公司,,,,
江苏舟筑建设工程有限公司,,,,
江苏府上物业管理有限公司,,,,
江苏久盛建设工程有限公司,,,,
江苏山顶智能技术服务有限公司,,,,
江苏德盎商贸有限公司,,,,
连云港灌筑建设有限公司,,,,
江苏鸿森林再生资源有限公司,,,,
江苏司伯睿设备科技有限公司,,,,
江苏观潮湾绿化工程有限公司,,,,
江苏兴兵现代服务产业管理集团有限公司,,,,
江苏霸凯贸易有限公司,,,,
江苏多浩吊装服务有限公司,,,,
江苏盐河缘生态园林有限公司,,,,
江苏融福诚建筑工程有限公司,,,,
连云港一路西行国际贸易有限公司,,,,
江苏婕妤能源有限公司,,,,
连云港市金仓节能建材有限公司,,,,
江苏晟宏服务外包有限公司,,,,
江苏达伦国际贸易有限公司,,,,
江苏大旺文体科技有限公司,,,,
江苏万协生态农业有限公司,,,,
江苏源云森环境科技有限公司,,,,
江苏禹通新型材料有限公司,,,,
江苏华亿起重有限公司,,,,
江苏云居装饰有限公司,,,,
连云港市淮灌建筑工程有限公司,,,,
斑马机动车驾驶人考场服务（江苏）有限责任公司,,,,
连云港宏满建材贸易有限公司,,,,
青岛百心汇网络科技有限公司,,,,
