古诗名,内容,解析
行宫(元稹),"
寥落古行宫，宫花寂寞红。白头宫女在，闲坐说玄宗。
",译文曾经富丽堂皇的古行宫已是一片荒凉冷落，宫中艳丽的花儿在寂寞寥落中开放。幸存的几个满头白发的宫女，闲坐无事只能谈论着玄宗轶事。
登鹳雀楼(王之涣),"
白日依山尽，黄河入海流。欲穷千里目，更上一层楼。
",译文站在高楼上，只见夕阳依傍着山峦慢慢沉落，滔滔黄河朝着大海汹涌奔流。想要看到千里之外的风光，那就要再登上更高的一层楼。 
新嫁娘词(王建),"
三日入厨下，洗手作羹汤。未谙姑食性，先遣小姑尝。
",译文婚后第三天来到厨房，洗手亲自作羹汤。还不熟悉婆婆的口味，做好先让小姑品尝。
相思(王维),"
红豆生南国，春来发几枝。愿君多采撷，此物最相思。
",译文红豆生长在阳光明媚的南方，每逢春天不知长多少新枝。希望思念的人儿多多采摘，因为它最能寄托相思之情。
杂诗(王维),"
君自故乡来，应知故乡事。来日绮窗前，寒梅著花未？
",译文您是刚从我们家乡来的，一定了解家乡的人情世态。请问您来的时候我家雕画花纹的窗户前，那一株腊梅花开了没有？
鹿柴(王维),"
空山不见人，但闻人语响。返景入深林，复照青苔上。
",译文幽静的山谷里看不见人，只听到人说话的声音。落日余光映入了深林，又照在幽暗处的青苔上。
竹里馆(王维),"
独坐幽篁里，弹琴复长啸。深林人不知，明月来相照。
",译文独自闲坐在幽静竹林，一边弹琴一边高歌长啸。深深的山林中无人知晓，只有一轮明月静静与我相伴。
山中送别(王维),"
山中相送罢，日暮掩柴扉。春草明年绿，王孙归不归？(明年 一作：年年)
",译文在深山中送走了好友，夕阳西坠把柴门关闭。待到明年春草又绿的时候，朋友啊你能不能回还？ 
问刘十九(白居易),"
绿蚁新醅酒，红泥小火炉。晚来天欲雪，能饮一杯无？
",韵译新酿的米酒，色绿香浓；小小红泥炉，烧得殷红。天快黑了大雪将至，能否一顾寒舍共饮一杯暖酒？
哥舒歌(西鄙人),"
北斗七星高，哥舒夜带刀。至今窥牧马，不敢过临洮。
",译文黑夜里北斗七星挂得高高，哥舒翰勇猛守边夜带宝刀。吐蕃族至今牧马只敢远望，他们再不敢南来越过临洮。
静夜思(李白),"
床前明月光，疑是地上霜。举头望明月，低头思故乡。
",译文明亮的月光洒在窗户纸上，好像地上泛起了一层白霜。我抬起头来，看那天窗外空中的明月，不由得低头沉思，想起远方的家乡。
怨情(李白),"
美人卷珠帘，深坐蹙蛾眉。(蹙 一作：颦)但见泪痕湿，不知心恨谁。
",译文美人儿卷起珠帘一直等待，一直坐着把双眉紧紧锁闭。只看见她泪痕湿满了两腮，不知道她心中埋怨的是谁？
登乐游原(李商隐),"
向晚意不适，驱车登古原。夕阳无限好，只是近黄昏。
",译文傍晚时分我心情不太好，独自驱车登上了乐游原。这夕阳晚景的确十分美好，只不过已是黄昏。
听筝(李端),"
鸣筝金粟柱，素手玉房前。欲得周郎顾，时时误拂弦。
",译文金粟轴的古筝发出优美的声音，那素手拨筝的美人坐在玉制的筝枕前。想尽了办法为博取周郎的青睐，你看她有意一再拨错琴弦。
渡汉江(宋之问),"
岭外音书断，经冬复历春。近乡情更怯，不敢问来人。
",译文客居岭外与家里音信断绝，经过了冬天又到了春天。离故乡越近心中越胆怯，不敢询问从家那边过来的人。
八阵图(杜甫),"
功盖三分国，名成八阵图。（名成 一作：名高）江流石不转，遗恨失吞吴。
",译文三国鼎立你建立了盖世功绩，创八阵图你成就了永久声名。任凭江流冲击，石头却依然如故，千年遗恨，不能制止先主失策去吞并东吴。
宿建德江(孟浩然),"
移舟泊烟渚，日暮客愁新。野旷天低树，江清月近人。
",译文把船停泊在烟雾弥漫的沙洲旁，日落时新愁又涌上了心头。原野无边无际，远处的天空比近处的树林还要低；江水清清，明月仿似更与人相亲。
春晓(孟浩然),"
春眠不觉晓，处处闻啼鸟。夜来风雨声，花落知多少。
",译文春日里贪睡不知不觉天就亮了，到处可以听见小鸟的鸣叫声。回想昨夜的阵阵风雨声，不知吹落了多少娇美的春花。
春怨(金昌绪),"
打起黄莺儿，莫教枝上啼。啼时惊妾梦，不得到辽西。
",译文我敲打树枝赶走了树上的黄莺，不让它在树枝上不停鸣叫。它的叫声会惊破我的好梦，不能到辽西与戍守边关的亲人相见。
江雪(柳宗元),"
千山鸟飞绝，万径人踪灭。孤舟蓑笠翁，独钓寒江雪。
",译文所有的山上，飞鸟的身影已经绝迹，所有道路都不见人的踪迹。江面孤舟上，一位披戴着蓑笠的老翁，独自在漫天风雪中垂钓。
秋夜寄邱员外(韦应物),"
怀君属秋夜，散步咏凉天。空山松子落，幽人应未眠。(空山 一作：山空)
",译文在这秋夜我心中怀念着你，一边散步一边咏叹这初凉的天气。寂静的山中传来松子落地的声音，遥想你应该也还未入睡。
终南望余雪(祖咏),"
终南阴岭秀，积雪浮云端。林表明霁色，城中增暮寒。
",译文终南山的北面山色秀美，山上的皑皑白雪好似与天上的浮云相连。雪后初晴，林梢之间闪烁着夕阳余晖，傍晚时分，城中又添了几分积寒。
宫词(张祜),"
故国三千里，深宫二十年。一声何满子，双泪落君前。
",译文与故乡之隔有三千里之遥啊，我已被幽闭在这深宫里二十年了。听到这曲《何满子》，眼泪竟忍不住落在了君王面前。
寻隐者不遇(贾岛),"
松下问童子，言师采药去。只在此山中，云深不知处。
",译文苍松下询问年少的学童，他说他的师傅已经去山中采药了。只知道就在这座大山里，可山中云雾缭绕不知道他的行踪。
送崔九(裴迪),"
归山深浅去，须尽丘壑美。莫学武陵人，暂游桃源里。
",译文归隐山林去到最深处，山峦沟壑要尽情地赏玩。千万别学陶渊明笔下那个武陵人，只在桃花源短暂地游了游就匆匆出去。 
送灵澈上人(刘长卿),"
苍苍竹林寺，杳杳钟声晚。荷笠带斜阳，青山独归远。(斜阳 一作：夕阳)
",译文遥望苍苍山林中的竹林寺，远远传来报时的钟响声。他戴着斗笠身披斜阳余晖，独自向青山走去，渐行渐远。
听弹琴(刘长卿),"
泠泠七弦上，静听松风寒。(七弦 一作：七丝)古调虽自爱，今人多不弹。
",译文七弦琴弹奏的声音清冽，曲调悠扬起伏，琴声凄清好似风入松林。我虽然很喜爱这首古时的曲调，但在今天人们大多已不去弹奏了。
送上人(刘长卿),"
孤云将野鹤，岂向人间住。莫买沃洲山，时人已知处。
",译文孤云陪伴着野鹤，怎么能在人间居住。不要买下沃洲山，现在已经有人知道那儿了。
玉台体(权德舆),"
昨夜裙带解，今朝k子飞。铅华不可弃，莫是藁砧归。
",译文昨晚我裙带忽然松弛解开，早晨又看见k子双双飞来。要赶紧描眉擦粉梳妆打扮，莫非是我的丈夫快要回来。
芙蓉楼送辛渐(王昌龄),"
寒雨连江夜入吴，平明送客楚山孤。洛阳亲友如相问，一片冰心在玉壶。
",译文冷雨连夜洒遍吴地江天，清晨送走你后，独自面对着楚山离愁无限！到了洛阳，如果洛阳亲友问起我来，就请转告他们，我的心依然像玉壶里的冰那样晶莹纯洁！
闺怨(王昌龄),"
闺中少妇不知愁，春日凝妆上翠楼。(不知 一作：不曾)忽见陌头杨柳色，悔教夫婿觅封侯。
",译文一闺中少妇未曾有过相思离别之愁，在明媚的春日，她精心装扮之后兴高采烈登上翠楼。忽见野外杨柳青青春意浓，真后悔让丈夫从军边塞，建功封侯。
春宫曲(王昌龄),"
昨夜风开露井桃，未央前殿月轮高。 平阳歌舞新承宠，帘外春寒赐锦袍。
",译文昨夜的春风吹开了露井边的桃花，未央宫前的明月高高地挂在天上。平阳公主的歌女卫子夫新近受到汉武帝的宠爱，因帘外春寒，她便受到锦袍的赐予。
九月九日忆山东兄弟(王维),"
独在异乡为异客，每逢佳节倍思亲。遥知兄弟登高处，遍插茱萸少一人。 
",译文一个人独自在他乡作客，每逢节日加倍思念远方的亲人。遥想兄弟们今日登高望远时，头上插满茱萸只少我一人。
凉州词(王翰),"
葡萄美酒夜光杯，欲饮琵琶马上催。醉卧沙场君莫笑，古来征战几人回？
",译文酒筵上甘醇的葡萄美酒盛满在夜光杯之中，正要畅饮时，马上琵琶也声声响起，仿佛催人出征。如果醉卧在沙场上，也请你不要笑话，古来外出打仗的能有几人返回家乡？
后宫词(白居易),"
泪湿罗巾梦不成，夜深前殿按歌声。 红颜未老恩先断，斜倚薰笼坐到明。
",译文眼泪湿透罗巾难以入眠，深夜前殿合拍的歌声还响成一片。红颜尚未老去已经失去了君王的恩宠，斜靠着熏笼一直坐到天明。
宫中词(朱庆馀),"
寂寂花时闭院门，美人相并立琼轩。 含情欲说宫中事，鹦鹉前头不敢言。
",韵译百花盛开，宫院却寂寂地紧闭大门；俏丽宫女，相依相并伫立廊下赏春。满怀幽情，都想谈谈宫中忧愁的事，鹦鹉面前，谁也不敢吐露自己苦闷。
近试上张水部(朱庆馀),"
洞房昨夜停红烛，待晓堂前拜舅姑。 妆罢低声问夫婿，画眉深浅入时无。
",译文新婚卧室昨夜花烛彻夜通明，等待拂晓去堂前拜见公婆。装扮好后轻声询问夫君：我的眉画得浓淡可合时兴？
逢入京使(岑参),"
故园东望路漫漫，双袖龙钟泪不干。 马上相逢无纸笔，凭君传语报平安。
",译文向东遥望长安家园路途遥远，思乡之泪沾湿双袖难擦干。在马上匆匆相逢没有纸笔写书信，只有托你捎个口信，给家人报平安。
黄鹤楼送孟浩然之广陵(李白),"
故人西辞黄鹤楼，烟花三月下扬州。孤帆远影碧空尽，唯见长江天际流。 (唯 通：惟)
",译文友人在黄鹤楼与我辞别，在柳絮如烟、繁花似锦的阳春三月去扬州远游。孤船帆影渐渐消失在碧空尽头，只看见滚滚长江向天际奔流。
早发白帝城(李白),"
朝辞白帝彩云间，千里江陵一日还。两岸猿声啼不住，轻舟已过万重山。
",译文清晨，我告别高入云霄的白帝城，江陵远在千里，船行只一日时间。两岸猿声还在耳边不停地回荡，轻快的小舟已驶过万重青山。
夜上受降城闻笛(李益),"
回乐烽前沙似雪，受降城外月如霜。(回乐烽 一作：回乐峰)不知何处吹芦管，一夜征人尽望乡。
",译文回乐烽前的沙地洁白似雪，受降城外的月色犹如深秋白霜。不知何处吹起凄凉的芦管，惹得出征的将士一夜都在思念家乡。
贾生(李商隐),"
宣室求贤访逐臣，贾生才调更无伦。可怜夜半虚前席，不问苍生问鬼神。
",译文汉文帝求贤在未央宫前殿召见被贬的臣子，贾谊的政治才能无人能比。可惜文帝半夜移膝靠近贾谊听讲，不问百姓生机只问起鬼神之事。
隋宫(李商隐),"
乘兴南游不戒严，九重谁省谏书函。 春风举国裁宫锦，半作障泥半作帆。
",译文隋炀帝为南游江都不顾安全，九重宫中有谁理会劝谏书函。春游中全国裁制的绫罗锦缎，一半作御马障泥一半作船帆。 
瑶池(李商隐),"
瑶池阿母绮窗开，黄竹歌声动地哀。 八骏日行三万里，穆王何事不重来。
",译文瑶池上西王母的雕花窗户向东敞开，只听见《黄竹歌》声震动大地人心悲哀。周穆王有八匹能日行三万里的骏马，为了何事违约不再来？
嫦娥(李商隐),"
云母屏风烛影深，长河渐落晓星沉。嫦娥应悔偷灵药，碧海青天夜夜心。
",译文云母屏风上烛影暗淡，银河渐渐斜落晨星也隐没低沉。嫦娥应该后悔偷取了长生不老之药，如今空对碧海青天夜夜孤寂。
夜雨寄北(李商隐),"
君问归期未有期，巴山夜雨涨秋池。 何当共剪西窗烛，却话巴山夜雨时。
",译文你问我回家的日期，我还没有确定的日期，此刻巴山的夜雨淅淅沥沥，雨水已涨满秋池。什么时候我们才能一起秉烛长谈，相互倾诉今宵巴山夜雨中的思念之情。
寄令狐郎中(李商隐),"
嵩云秦树久离居，双鲤迢迢一纸书。 休问梁园旧宾客，茂陵秋雨病相如。
",译文你在长安我在洛阳，你我长久分离；千里迢迢，你寄来一封慰问的书信。请别问我这个梁园旧客生活的甘苦；我就像茂陵秋雨中多病的司马相如。
为有(李商隐),"
为有云屏无限娇，凤城寒尽怕春宵。 无端嫁得金龟婿，辜负香衾事早朝。
",译文云母屏风后面的美人格外娇美，京城寒冬已过只怕春宵短暂。没来由地嫁了个做官的丈夫，不贪恋温暖香衾只想去上早朝。
江南逢李龟年(杜甫),"
岐王宅里寻常见，崔九堂前几度闻。正是江南好风景，落花时节又逢君。
",译文当年我经常在岐王与崔九的住宅里见到你并听到你的歌声。现在正好是江南风景秀美的时候，在这暮春季节再次遇见了你。
赠别・其一(杜牧),"
娉娉袅袅十三余，豆蔻梢头二月初。春风十里扬州路，卷上珠帘总不如。
",译文十三四岁的少女姿态袅娜，举止轻盈美好，就像二月里含苞待放，初现梢头的豆蔻花。十里扬州路的春风骀荡，珠帘翠幕中的佳人姝丽没有比得上她。
赠别・其二(杜牧),"
多情却似总无情，唯觉尊前笑不成。(尊 一作：樽)蜡烛有心还惜别，替人垂泪到天明。
",译文多情的人却像是无情人儿一样冰冷，在离别的酒宴上只觉笑不出声。蜡烛仿佛还有惜别的心意，替离别的人流泪到天明。 
金谷园(杜牧),"
繁华事散逐香尘，流水无情草自春。日暮东风怨啼鸟，落花犹似坠楼人。
",译文金谷园里的繁华奢靡早已随着芳香的尘屑烟消云散了；园中流水无情的流淌，如茵的春草年年自绿。日暮时分啼鸟在东风里叹怨，落花纷纷，恰似那为石崇坠楼的绿珠美人。
寄扬州韩绰判官(杜牧),"
青山隐隐水迢迢，秋尽江南草未凋。二十四桥明月夜，玉人何处教吹箫？
",译文青山隐隐起伏，江水遥远悠长，秋时已尽江南的草木还未凋谢。二十四桥明月映照幽幽清夜，老友你在何处，听取美人吹箫？
遣怀(杜牧),"
落魄江湖载酒行，楚腰纤细掌中轻。(江湖 一作：江南；纤细 一作：肠断)十年一觉扬州梦，赢得青楼薄幸名。
",译文想当年，困顿江湖饮酒作乐放纵而行，专爱那纤细的腰身能在掌中起舞，婀娜轻盈。扬州十年的纵情声色，好像一场梦，到头来，只落得青楼楚馆内一个“薄幸”的名声。
秋夕(杜牧),"
银烛秋光冷画屏，轻罗小扇扑流萤。天阶夜色凉如水，卧看牵牛织女星。(天阶 一作：天街；卧看 一作：坐看)
",译文银烛的烛光映着冷清的画屏，手执绫罗小扇扑打萤火虫。夜色里的石阶清凉如冷水，躺卧着凝视天河两旁的牵牛织女星。
将赴吴兴登乐游原一绝(杜牧),"
清时有味是无能，闲爱孤云静爱僧。 欲把一麾江海去，乐游原上望昭陵。
",译文天下太平之时，像我这般无大才的过得很有兴味，闲时喜欢如孤云般逍遥悠闲，静时就如老僧的静空恬淡。我将手持符节，远去江海，临去之前，到乐游原上去西望那位文治武功煊赫一时的明君唐太宗的陵墓。 
赤壁(杜牧),"
折戟沉沙铁未销，自将磨洗认前朝。东风不与周郎便，铜雀春深锁二乔。
",译文赤壁的泥沙中，埋着一枚未锈尽的断戟。自己磨洗后发现这是当年赤壁之战的遗留之物。倘若不是东风给周瑜以方便，结局恐怕是曹操取胜，二乔被关进铜雀台了。
泊秦淮(杜牧),"
烟笼寒水月笼沙，夜泊秦淮近酒家。商女不知亡国恨，隔江犹唱后庭花。
",译文迷离月色和轻烟笼罩着寒水白沙，夜晚船只停泊在秦淮河边靠近岸上的酒家。卖唱的歌女不知道什么是亡国之恨，隔着江水仍在高唱着《玉树后庭花》。
征人怨(柳中庸),"
岁岁金河复玉关，朝朝马策与刀环。 三春白雪归青冢，万里黄河绕黑山。
",译文年复一年戍守金河保卫玉关，日日夜夜都同马鞭和战刀作伴。三月白雪纷纷扬扬遮盖着昭君墓，滔滔黄河绕过黑山，又奔腾向前。
金陵图(韦庄),"
谁谓伤心画不成，画人心逐世人情。 君看六幅南朝事，老木寒云满故城。
",译文谁说画不出六朝古都的伤心事，只是那些画家为了迎合世人心理而不画伤心图而已。请看这六幅描摹南朝往事的画中，枯老的树木和寒凉的云朵充满了整个金陵城。
滁州西涧(韦应物),"
独怜幽草涧边生，上有黄鹂深树鸣。 春潮带雨晚来急，野渡无人舟自横。
",译文唯独喜欢涧边幽谷里生长的野草，还有那树丛深处婉转啼鸣的黄鹂。傍晚时分，春潮上涨，春雨淅沥，西涧水势顿见湍急，荒野渡口无人，只有一只小船悠闲地横在水面。
桃花溪(张旭),"
隐隐飞桥隔野烟，石矶西畔问渔船。 桃花尽日随流水，洞在清溪何处边。
",译文山谷云烟缭绕，溪上飞架的高桥若隐若现；站在岩石西侧询问那捕鱼归来渔人。这里桃花随着流水，终日地漂流不尽，这不就是桃花源外的桃花溪吗？你可知桃源洞口在清溪的哪边？
寄人(张泌),"
别梦依依到谢家，小廊回合曲阑斜。多情只有春庭月，犹为离人照落花。
",译文别后思念深深，经常梦到你家。院中风景依旧，小廊曲阑仍在。只有天上春月最是多情，还为离人照着庭院落花。
题金陵渡(张祜),"
金陵津渡小山楼，一宿行人自可愁。 潮落夜江斜月里，两三星火是瓜洲。
",译文夜晚宿在金陵渡口的小山楼，辗转难眠心中满怀旅愁。落潮的夜江浸在斜月的光照里，远处几点星火闪烁的地方便是瓜洲。
赠内人(张祜),"
禁门宫树月痕过，媚眼惟看宿鹭窠。斜拔玉钗灯影畔，剔开红焰救飞蛾。
",译文月光由宫门移到树梢，媚眼只看那栖息的鹭的窝巢。在灯影旁拔下头上玉钗，挑开灯焰救出扑火飞蛾。
集灵台・其一(张祜),"
日光斜照集灵台，红树花迎晓露开。 昨夜上皇新授，太真含笑入帘来。
",译文旭日光辉斜照华清宫旁的集灵台，树上红花一朵朵地迎着朝露绽开。昨夜玄宗刚在这里为杨玉环授，太真满面笑容地进入珠帘受宠来。
集灵台・其二(张祜),"
虢国夫人承主恩，平明骑马入宫门。却嫌脂粉污颜色，淡扫蛾眉朝至尊。
",译文虢国夫人受到皇上的宠恩，大清早就骑马进入了宫门。只嫌脂粉会玷污她的美艳，淡描蛾眉就进去朝见至尊。
枫桥夜泊(张继),"
月落乌啼霜满天，江枫渔火对愁眠。姑苏城外寒山寺，夜半钟声到客船。
",译文月亮已落下乌鸦啼叫寒气满天，面对江边枫树与船上渔火，我忧愁难眠。姑苏城外那寒山古寺，半夜里敲响的钟声传到了我乘坐的客船。
陇西行(陈陶),"
誓扫匈奴不顾身，五千貂锦丧胡尘。可怜无定河边骨，犹是春闺梦里人！(春闺 一作：深闺)
",译文唐军将士誓死横扫匈奴奋不顾身，五千身穿锦袍的精兵战死在胡尘。真可怜呵那无定河边成堆的白骨，还是少妇们春闺里思念的梦中人。
杂诗(佚名),"
近寒食雨草萋萋，著麦苗风柳映堤。等是有家归未得，杜鹃休向耳边啼。(等 一作：早)
",译文时令将近寒食，春雨绵绵春草萋萋；春风过处苗麦摇摆，堤上杨柳依依。同样是有家，我却有家归不得，杜鹃啊，不要在我耳边不停地悲啼。
回乡偶书・其一(贺知章),"
少小离家老大回，乡音无改鬓毛衰。儿童相见不相识，笑问客从何处来。
",译文年少时离乡老年才归家，我的乡音虽未改变，但鬓角的毛发却已经疏落。家乡的儿童们看见我，没有一个认识我。他们笑着询问我：你是从哪里来的呀？　 
瑶瑟怨(温庭筠),"
冰簟银床梦不成，碧天如水夜云轻。 雁声远过潇湘去，十二楼中月自明。
",译文秋夜床席冰冷梦也难以做成，长空澄碧如水，夜里云絮轻轻地飘荡。雁声凄厉远远地飞过潇湘去，十二楼中夜已深，唯有明月洒着寒光。
月夜(刘方平),"
更深月色半人家，北斗阑干南斗斜。 今夜偏知春气暖，虫声新透绿窗纱。
",译文夜静更深，朦胧的斜月撒下点点清辉，映照着家家户户。夜空中，北斗星和南斗星都已横斜。今夜出乎意料地感觉到了初春暖意，还听得春虫叫声穿透绿色窗纱。
春怨(刘方平),"
纱窗日落渐黄昏，金屋无人见泪痕。 寂寞空庭春欲晚，梨花满地不开门。
",译文纱窗外太阳慢慢落下，黄昏渐渐降临；宫门幽闭，无人看见我悲哀的泪痕。寂寞幽寂的庭院内春天已临近尽头，梨花落满地面而院门紧掩。
乌衣巷(刘禹锡),"
朱雀桥边野草花，乌衣巷口夕阳斜。 旧时王谢堂前燕，飞入寻常百姓家。
",译文朱雀桥边冷落荒凉野草开出了花，乌衣巷口断壁残垣正是夕阳斜挂。当年王导、谢安檐下的燕子，如今已飞进寻常百姓家中。 
春词(刘禹锡),"
新妆宜面下朱楼，深锁春光一院愁。 行到中庭数花朵，蜻蜓飞上玉搔头。
",译文精心化好妆容缓缓走下阁楼，深深庭院春光虽好只添愁。来到庭院中数着那开得正艳的花朵，蜻蜓飞到了玉簪上头。
马嵬坡(郑畋),"
玄宗回马杨妃死，云雨难忘日月新。终是圣明天子事，景阳宫井又何人。
",译文杨妃死后玄宗銮驾又回帝京，夫妻之间的恩爱虽难忘却，而国家却已一新。处死杨妃也是玄宗英明决策，不然就会步陈后主亡国后尘。
寒食(韩),"
春城无处不飞花，寒食东风御柳斜。 日暮汉宫传蜡烛，轻烟散入五侯家。
",译文暮春长安城处处柳絮飞舞、落红无数，寒食节东风吹拂着皇城中的柳树。傍晚汉宫传送蜡烛赏赐王侯近臣，袅袅的轻烟飘散到天子宠臣的家中。
已凉(韩),"
碧阑干外绣帘垂，猩色屏风画折枝。(猩色 一作：猩血)八尺龙须方锦褥，已凉天气未寒时。
",译文翠绿色的栏杆外绣帘儿低垂，猩红的屏风上画着草木花卉。龙须草织成的席子铺上锦褥，天气已凉却还未到寒冷时候。
宫词(顾况),"
长乐宫连上苑春，玉楼金殿艳歌新。 君门一入无由出，唯有宫莺得见人。
",译文长乐宫与后花园正是春意盎然，嵌玉的楼台与镶金的宫殿每日都有新的赋艳词的曲。宫女歌姬只要一进入皇帝的宫门便没有理由再出来，宫中也就只有黄莺儿能够出外见人了。
送杜少府之任蜀州(王勃),"
城阙辅三秦，风烟望五津。与君离别意，同是宦游人。海内存知己，天涯若比邻。无为在歧路，儿女共沾巾。
",译文三秦之地护卫着巍巍长安，透过那风云烟雾遥望着蜀川。和你离别心中怀着无限情意，因为我们同是在宦海中浮沉。四海之内有知心朋友，即使远在天边也如近在比邻。绝不要在岔路口上分手之时，像恋爱中的青年男女那样悲伤得泪湿衣巾。
送梓州李使君(王维),"
万壑树参天，千山响杜鹃。山中一夜雨，树杪百重泉。汉女输H布，巴人讼芋田。文翁翻教授，不敢倚先贤。
",译文千山万壑之中，到处都是参天大树，到处都是杜鹃的啼鸣声。山中一夜春雨过后，只见山间飞泉百道，远远望去，好似悬挂在树梢一般。汉水的妇女辛劳织布纳税，巴人地少常常诉讼争田。望你发扬文翁政绩，奋发有为不负先贤。
汉江临眺(王维),"
楚塞三湘接，荆门九派通。江流天地外，山色有无中。郡邑浮前浦，波澜动远空。襄阳好风日，留醉与山翁。
",译文汉江流经楚塞又折入三湘，西起荆门往东与九江相通。江水滔滔远去，好像一直涌流到天地之外，两岸山色时隐时现，若有若无。远处的城郭好像在水面上飘动，波翻浪涌，辽远的天空也仿佛为之摇荡。襄阳的风景天气好，我愿在此地酣饮陪伴山翁。
终南别业(王维),"
中岁颇好道，晚家南山陲。兴来每独往，胜事空自知。行到水穷处，坐看云起时。偶然值林叟，谈笑无还期。
",译文中年以后存有较浓的好道之心，直到晚年才安家于终南山边陲。兴趣浓时常常独来独往去游玩，有快乐的事自我欣赏自我陶醉。间或走到水的尽头去寻求源流，间或坐看上升的云雾千变万化。偶然在林间遇见个把乡村父老，偶与他谈笑聊天每每忘了还家。
终南山(王维),"
太乙近天都，连山接海隅。(接 一作：到)白云回望合，青霭入看无。分野中峰变，阴晴众壑殊。欲投人处宿，隔水问樵夫。
",译文巍巍的终南山高入云霄，与天帝的住所临近。绵亘不绝的山峦，延伸到遥远的大海之滨。回望山下白云滚滚连成一片，青霭迷茫进入山中都不见。终南山连绵延伸，占地极广，中峰两侧的分野都变了，众山谷的天气也阴晴变化，各自不同。想在山中找个人家去投宿，隔水询问那樵夫可否方便？
酬张少府(王维),"
晚年唯好静，万事不关心。(唯 一作：惟)自顾无长策，空知返旧林。松风吹解带，山月照弹琴。君问穷通理，渔歌入浦深。
",译文人到晚年就特别喜好安静，对人间万事都漠不关心。自思没有高策可以报效国家，只要求归隐家乡的山林。迎着松林清风解带敞怀，在山间明月的伴照下独坐弹琴，自由自在。世事如此，还问什么穷通之理，不如去听听水浦深处渔歌声音。
过香积寺(王维),"
不知香积寺，数里入云峰。古木无人径，深山何处钟。泉声咽危石，日色冷青松。薄暮空潭曲，安禅制毒龙。
",译文不知香积寺在哪座山中，走了数里，就进入了白云缭绕的山峰。古木参天却没有人行路径，深山里何处传来古寺鸣钟？流泉被耸立的危石所阻而发出幽咽的声音，夕阳的余晖洒落在苍翠的松林上，更显清冷。日暮时分，独自在空寂的潭边，安禅入定以治伏尘俗的毒龙。
辋川闲居赠裴秀才迪(王维),"
寒山转苍翠，秋水日潺。倚杖柴门外，临风听暮蝉。渡头馀落日，墟里上孤烟。(馀 一作 余)复值接舆醉，狂歌五柳前。
",译文黄昏时寒冷的山野变得更加苍翠，秋水日夜缓缓流淌。我拄着拐杖伫立在茅舍的门外，迎风细听着那暮蝉的吟唱。渡口一片寂静，只剩斜照的落日，村子里升起缕缕炊烟。又碰到狂放的裴迪喝醉了酒，在我面前唱歌。
山居秋暝(王维),"
空山新雨后，天气晚来秋。明月松间照，清泉石上流。竹喧归浣女，莲动下渔舟。随意春芳歇，王孙自可留。
",译文新雨过后山谷里空旷清新，初秋傍晚的天气特别凉爽。明月映照着幽静的松林间，清澈泉水在山石上淙淙淌流。竹林里传来喧闹声，知是少女洗衣归来，莲叶轻摇知是上游荡下轻舟。任凭春天的花草消失，眼前的秋景足以让我流连久居。
归嵩山作(王维),"
清川带长薄，车马去闲闲。流水如有意，暮禽相与还。荒城临古渡，落日满秋山。迢递嵩高下，归来且闭关。
",译文清澈的流水环绕一片草木丛生的沼泽地，驾着车马徐徐而去从容悠闲。流水有意与我同去永不回返，暮鸟有心跟我一起倦飞知还。荒凉的城池紧挨着古老的渡口，落日的余晖洒满经秋的重山。远远地来到嵩山脚下安家落户，紧闭房门不再与人来往。
次北固山下(王湾),"
客路青山外，行舟绿水前。(青山外 一作：青山下)潮平两岸阔，风正一帆悬。海日生残夜，江春入旧年。乡书何处达？归雁洛阳边。
",译文郁郁葱葱的山外是旅客的道路，船航行在绿水之间。潮水涨满，两岸与江水齐平，整个江面十分开阔，帆顺着风端直高挂。夜幕还没有褪尽，旭日已在江上冉冉升起，还在旧年时分，江南已有了春天的气息。我的家书应该送到什么地方呢？北去的归雁啊，请给我捎回洛阳那边！
云阳馆与韩绅宿别(司空曙),"
故人江海别，几度隔山川。乍见翻疑梦，相悲各问年。孤灯寒照雨，深竹暗浮烟。(深竹 一作：湿竹)更有明朝恨，离杯惜共传。
",译文自从和老友在江海分别，隔山隔水已度过多少年。突然相见反而怀疑是梦，悲伤叹息互相询问多少年没见了。孤灯暗淡照着窗外冷雨，幽深的竹林漂浮着云烟。明朝更有一种离愁别恨，难得今夜聚会传杯痛饮。
喜外弟卢纶见宿(司空曙),"
静夜四无邻，荒居旧业贫。雨中黄叶树，灯下白头人。以我独沉久，愧君相见频。平生自有分，况是蔡家亲。 
",译文静静的深夜四周没有相邻，居住在荒野因为家中清贫。树上黄叶在雨中纷纷飘零，犹如灯下白发老人的命运。自惭这样长久地孤独沉沦，辜负你频繁地来把我慰问。我们是诗友生来就有缘分，更何况你我两家还是表亲。
贼平后送人北归(司空曙),"
世乱同南去，时清独北还。他乡生白发，旧国见青山。 晓月过残垒，繁星宿故关。寒禽与衰草，处处伴愁颜。
",译文战乱时我和你一同逃到南方，时局安定你却独自北归家园。流落他乡头上已经生出白发，战后的家乡也只能见到青山。晓行要经过许多残破的营垒，夜里只能披星露宿荒凉故关。旷野里的飞禽与枯黄的野草，将处处伴随着你的悲苦愁颜。
赋得古原草送别(白居易),"
离离原上草，一岁一枯荣。野火烧不尽，春风吹又生。远芳侵古道，晴翠接荒城。又送王孙去，萋萋满别情。
",译文原野上长满茂盛的青草，每年秋冬枯黄春来草色浓。野火无法烧尽满地的野草，春风吹来大地又是绿茸茸。远处芬芳的野草遮没了古道，阳光照耀下碧绿连荒城。今天我又来送别老朋友，连繁茂的草儿也满怀离别之情。
题大庾岭北驿(宋之问),"
阳月南飞雁，传闻至此回。我行殊未已，何日复归来。江静潮初落，林昏瘴不开。明朝望乡处，应见陇头梅。
",译文十月份的时候大雁就开始南飞，据说飞到大庾岭，它们就全部折回。我还未到达目的地，还要继续前行，真不知什么时候我才能再次归来？潮水退落了，江面静静地泛着涟漪，深山林中昏暗，瘴气浓重散不开。来日我登上高山顶，向北遥望故乡，应该能看到那山头上初放的红梅。
寄左省杜拾遗(岑参),"
联步趋丹陛，分曹限紫微。晓随天仗入，暮惹御香归。白发悲花落，青云羡鸟飞。圣朝无阙事，自觉谏书稀。
",译文上朝时齐步同登红色台阶，分署办公又和你相隔紫微。早晨跟着天子的仪仗入朝，晚上身染御炉的香气回归。满头增白发悲叹春花凋落，遥望青云万里羡慕鸟高飞。圣明的朝代大概没有错事，规谏皇帝的奏章日见稀微。
听蜀僧F弹琴(李白),"
蜀僧抱绿绮，西下峨眉峰。为我一挥手，如听万壑松。 客心洗流水，馀响入霜钟。不觉碧山暮，秋云暗几重。
",译文蜀僧F怀抱着绿绮琴，他来自西面的峨眉山。为我挥手弹奏名曲《风入松》，仿佛听到万壑松涛声。我的心灵像被流水洗涤，馀音缭绕和着秋天霜钟。不知不觉，暮色已笼罩青山，秋云黯淡，布满黄昏天空。
夜泊牛渚怀古(李白),"
牛渚西江夜，青天无片云。登舟望秋月，空忆谢将军。余亦能高咏，斯人不可闻。明朝挂帆席，枫叶落纷纷。(席 一作：去)
",译文秋夜行舟停泊在西江牛渚山，蔚蓝的天空中没有一丝游云。我登上小船仰望明朗的秋月，徒然地怀想起东晋谢尚将军。我也能够朗吟袁宏的咏史诗，可惜没有那识贤的将军倾听。明早我将挂起船帆离开牛渚，这里只有满天枫叶飘落纷纷。
赠孟浩然(李白),"
吾爱孟夫子，风流天下闻。红颜弃轩冕，白首卧松云。 醉月频中圣，迷花不事君。高山安可仰，徒此揖清芬。
",译文我敬重孟先生的庄重潇洒，他为人高尚风流倜傥闻名天下。少年时屏弃当官不走仕途，一生闲云野鹤年老时仍在山间云中逍遥自在。明月夜常常把酒临风，饮清酒而醉，他不事君王沉醉于自然美景。高山似的品格怎么能仰望着他？只有在此向您清高的人品致敬了！
渡荆门送别(李白),"
渡远荆门外，来从楚国游。山随平野尽，江入大荒流。月下飞天镜，云生结海楼。仍怜故乡水，万里送行舟。
",译文我乘舟渡江来到遥远的荆门外，来到战国时期楚国的境内游览。山随着平坦广阔的原野的出现逐渐消失，江水在一望无际的原野中奔流。江面月影好似天上飞来的明镜，云层缔构城外幻出海市蜃楼。我依然喜爱这来自故乡之水，不远万里来送我东行的小舟。
送友人(李白),"
青山横北郭，白水绕东城。此地一为别，孤蓬万里征。浮云游子意，落日故人情。挥手自兹去，萧萧班马鸣。
",译文青翠的山峦横卧在城墙的北面，波光粼粼的流水围绕着城的东边。在此地我们相互道别，你就像孤蓬那样随风飘荡，到万里之外远行去了。游子心思恰似天上浮云，夕阳余晖可比难舍友情。频频挥手作别从此离去，马儿也为惜别声声嘶鸣。
喜见外弟又言别(李益),"
十年离乱后，长大一相逢。问姓惊初见，称名忆旧容。别来沧海事，语罢暮天钟。明日巴陵道，秋山又几重。
",译文在社会大动乱中离别了十年，竟然在长大成人时意外相逢。初见不相识还惊问名和姓，称名后才想起旧时的面容。说不完别离后世事的变化，畅谈停止时已听到黄昏寺院的鸣钟。明日你又要登上巴陵古道，秋山添忧愁不知又隔几重？
凉思(李商隐),"
客去波平槛，蝉休露满枝。永怀当此节，倚立自移时。北斗兼春远，南陵寓使迟。天涯占梦数，疑误有新知。
",译文当初你离去时春潮漫平栏杆；如今秋蝉不鸣露水挂满树枝。此时我久久地怀念着，倚立在栏杆前不觉时光流逝。离开长安已有两年之久，南陵的送信人却迟迟未至。远隔天涯我屡次占卜着美梦；疑心你有新交而把老友忘记。
北青萝(李商隐),"
残阳西入崦，茅屋访孤僧。落叶人何在，寒云路几层。 独敲初夜磬，闲倚一枝藤。世界微尘里，吾宁爱与憎。
",译文夕阳落入崦嵫山中，我去探访一位独自住在茅屋中的僧人。树林落叶纷纷，不知僧人住在何处？沿着寒云缭绕的山路，盘曲而上，不知走了几重。夜幕降临，僧人在茅屋中独自敲磬诵经，诵经完毕后闲适的靠着一枝青藤与我交谈。大千世界俱是微尘，我还谈什么爱和恨呢？
蝉(李商隐),"
本以高难饱，徒劳恨费声。五更疏欲断，一树碧无情。薄宦梗犹泛，故园芜已平。烦君最相警，我亦举家清。
",译文你栖身高枝之上才难以饱腹，虽悲鸣寄恨而无人同情。五更以后疏落之声几近断绝，可是满树碧绿依然如故毫不动情。我官职卑下，行踪飘忽不定，家园难返，故乡的田园也早已荒芜。烦劳你的鸣叫让我能够警醒，我也是，家徒四壁，举家清苦。
风雨(李商隐),"
凄凉宝剑篇，羁泊欲穷年。黄叶仍风雨，青楼自管弦。新知遭薄俗，旧好隔良缘。心断新丰酒，销愁斗几千。
",译文我虽有《宝剑篇》那样充满豪气的诗篇，但却不遇明主，长期羁旅在外虚度华年。枯败的黄叶仍旧被风雨摧残，富贵人家还在轻歌曼舞，演奏着急管繁弦。新交的朋友遭到浅薄世俗的非难，故旧日的老友又因层层阻隔而疏远无缘。心中失意绝望，要用新丰美酒来销愁解闷，管它价钱是十千还是八千。
落花(李商隐),"
高阁客竟去，小园花乱飞。参差连曲陌，迢递送斜晖。肠断未忍扫，眼穿仍欲归。芳心向春尽，所得是沾衣。
",译文高阁上的游人早已远去，小园的春花随风凋零纷纷乱飞。花影参差迷离接连着曲折的小径，远望落花回舞映着斜阳的余晖。我肝肠欲断，真不忍心把扫去满地落花；盼望残留枝头的春花能长久地保持下去。盛开的鲜花将随着春天而去，面对这一切，我只有落泪沾衣。
登岳阳楼(杜甫),"
昔闻洞庭水，今上岳阳楼。吴楚东南坼，乾坤日夜浮。亲朋无一字，老病有孤舟。戎马关山北，凭轩涕泗流。
",译文以前就听说洞庭湖波澜壮阔，今日终于如愿登上岳阳楼。浩瀚的湖水把吴楚两地分隔开来，整个天地仿似在湖中日夜浮动。亲朋好友们音信全无，年老多病只有一只船孤零零的陪伴自己。关山以北战争烽火仍未止息，凭栏遥望胸怀家国泪水横流。
奉济驿重送严公四韵(杜甫),"
远送从此别，青山空复情。几时杯重把，昨夜月同行。列郡讴歌惜，三朝出入荣。江村独归处，寂寞养残生。
",译文远送你从这里就要分别了，青山空自惆怅，倍增离情。什么时候能够再举杯共饮，昨天夜里我们还在月色中同行。各郡的百姓都讴歌你，不忍心你离去，你在三朝为官，多么光荣。送走你我独自回到江村，寂寞地度过剩下的岁月。
别房太尉墓(杜甫),"
他乡复行役，驻马别孤坟。近泪无干土，低空有断云。对棋陪谢傅，把剑觅徐君。唯见林花落，莺啼送客闻。
",译文我东西漂泊，一再奔走他乡异土，今日歇脚阆州，来悼别你的孤坟。泪水沾湿了泥土，心情十分悲痛，精神恍惚，就像低空飘飞的断云。当年与你对棋，比你为晋朝谢安，而今在你墓前，象季札拜别徐君。不堪回首，眼前只见这林花错落，离去时，听得黄莺啼声凄怆难闻。
旅夜书怀(杜甫),"
细草微风岸，危樯独夜舟。星垂平野阔，月涌大江流。名岂文章著，官应老病休。飘飘何所似，天地一沙鸥。
",译文微风吹拂着江岸的细草，那立着高高桅杆的小船在夜里孤零地停泊着。星星低垂在辽阔的天际，月亮倒映在江面上，随波涌动。名声或许因文章而显著，官位应该在年老多病时停止。自己到处漂泊像什么呢？就像天地间的一只孤零零的沙鸥。 
至德二载甫自京金光门(杜甫),"
此道昔归顺，西郊胡正繁。至今残破胆，应有未招魂。近侍归京邑，移官岂至尊。无才日衰老，驻马望千门。
",译文当年由金光门这条路，去投奔凤翔，长安西郊，到处是安史叛军正作乱。直到如今想起来，仍叫人心惊胆颤，有人神魂尚未招回，依然诚恐诚惶。我拜近得左拾遗，回到了京畿地方，贬我华州掾，这旨意难道出自至尊。算了吧，我这庸才已逐日衰老鬓苍，告别长安，驻马回望千门宫殿檐房！
月夜忆舍弟(杜甫),"
戍鼓断人行，边秋一雁声。(边秋 一作:秋边)露从今夜白，月是故乡明。有弟皆分散，无家问死生。寄书长不达，况乃未休兵。
",译文戍楼上的更鼓声断绝了人行，秋夜的边塞传来了孤雁哀鸣。从今夜就进入了白露节气，月亮还是故乡的最明亮。虽有兄弟但都离散各去一方，家园无存，互相间都无从得知死生的消息。寄往洛阳城的家书老是不能送到，何况战乱频繁还没有停止。
天末怀李白(杜甫),"
凉风起天末，君子意如何。鸿雁几时到，江湖秋水多。文章憎命达，魑魅喜人过。应共冤魂语，投诗赠汨罗。
",译文从天边吹来阵阵凉风，你现在的心境怎么样呢？不知道我的书信你何时才能收到？只恐江湖险恶，秋水多风浪。创作诗文最忌讳坦荡的命途，奸佞小人最希望好人犯错误。你与沉冤的屈子同命运，应投诗于汨罗江诉说冤屈与不平。
月夜(杜甫),"
今夜~州月，闺中只独看。遥怜小儿女，未解忆长安。香雾云鬟湿，清辉玉臂寒。何时倚虚幌，双照泪痕干。
",译文今夜里~州上空那轮圆月，只有你在闺房中独自遥看。远在他方怜惜幼小的儿女，还不懂得你为何思念长安？蒙蒙雾气沾湿了你的鬓发；清冷的月光使你的玉臂生寒。什么时候才能在一起共同靠在透光的窗帘或帷幔旁，让月光擦干两人的思念的泪。
春望(杜甫),"
国破山河在，城春草木深。感时花溅泪，恨别鸟惊心。烽火连三月，家书抵万金。白头搔更短，浑欲不胜簪。
",译文国都遭侵但山河依旧，长安城里的杂草和树木茂盛地疯长。感伤国事，看到花开不禁潸然泪下，内心惆怅怨恨，听到鸟鸣，竟觉得那叫声也很揪心。连绵的战火已经延续了一个春天，家书难得，一封抵得上万两黄金。愁绪缠绕，搔头思考，白发越搔越短，简直要不能插簪了。
春宿左省(杜甫),"
花隐掖垣暮，啾啾栖鸟过。星临万户动，月傍九霄多。 不寝听金钥，因风想玉珂。明朝有封事，数问夜如何。
",译文傍晚时分，“左省”里开放的花朵隐约可见，天空中投林栖息的鸟儿飞鸣而过。在夜空群星的照耀下，宫殿中的千门万户也似乎在闪动；宫殿高入云霄，靠近月亮，仿佛照到的月光也特别多。值夜时睡不着觉，仿佛听到了有人开宫门的锁钥声；风吹檐间铃铎，好像听到了百官骑马上朝的马铃响。明日早朝要上封事，心绪不宁，反反复复讯问宵夜到了什么时辰？
旅宿(杜牧),"
旅馆无良伴，凝情自悄然。寒灯思旧事，断雁警愁眠。远梦归侵晓，家书到隔年。沧江好烟月，门系钓鱼船。
","译文韵译住在旅馆中没有好朋友相伴，心情忧郁，独自凝神沉思。看着昏冷的灯火回忆起往日旧事，孤雁的哀鸣令人愁思难眠。相距遥远,梦魂要接近拂晓才能到家，家信更要隔年方可送达。烟笼月照的碧江多么美丽，邻家门前就系着钓鱼归船。"
春宫怨(杜荀鹤),"
早被婵娟误，欲妆临镜慵。承恩不在貌，教妾若为容。 风暖鸟声碎，日高花影重。年年越溪女，相忆采芙蓉。
",译文早年我被容貌美丽所误，落入宫中；本想梳妆打扮一番，但一想到美貌误人，又不免迟疑起来，懒得动手了。蒙恩受幸，其实不在于俏丽的容颜；到底为取悦谁，叫我梳妆修饰仪容。鸟儿啼声繁碎，是为有和暖的春风；正午艳阳高照，花影才会叠叠重重。我真想念，年年在越溪浣纱的女伴；欢歌笑语，自由自在地采撷着芙蓉。
和晋陵陆丞早春游望(杜审言),"
独有宦游人，偏惊物候新。云霞出海曙，梅柳渡江春。淑气催黄鸟，晴光转绿O。忽闻歌古调，归思欲沾巾。(巾 一作：襟)
",译文只有远离故里外出做官之人，特别敏感自然物候转化更新。海上云霞灿烂旭日即将东升，江南梅红柳绿江北却才回春。和暖的春气催促着黄莺歌唱，晴朗的日光下浮萍颜色转深。忽然听到你歌吟古朴的曲调，勾起归思情怀令人落泪沾襟。
杂诗三首・其三(沈缙),"
闻道黄龙戍，频年不解兵。可怜闺里月，长在汉家营。少妇今春意，良人昨夜情。谁能将旗鼓，一为取龙城。
",译文早就听说黄龙城有战争，连续多年不见双方撤兵。 可怜闺中寂寞独自看月，她们思念之心长在汉营。 今晚上少妇的相思情意，正是昨夜征夫想家之情。 何时高举战旗擂鼓进军，但愿一鼓作气取龙城。 
宿桐庐江寄广陵旧游(孟浩然),"
山暝听猿愁，沧江急夜流。风鸣两岸叶，月照一孤舟。建德非吾土，维扬忆旧游。还将两行泪，遥寄海西头。
",译文山色昏暗听到猿声使人生愁，桐江苍茫夜以继日向东奔流。两岸风吹树动枝叶沙沙作响，月光如水映照江畔一叶孤舟。建德风光虽好却非我的故土，我仍然怀念扬州的故交老友。相忆相思我抑不住涕泪两行，遥望海西头把愁思寄去扬州。
留别王维(孟浩然),"
寂寂竟何待，朝朝空自归。欲寻芳草去，惜与故人违。当路谁相假，知音世所稀。只应守寂寞，还掩故园扉。(寂 一作：索)
",译文这样寂寞还等待着什么？天天都是怀着失望而归。我想寻找幽静山林隐去，又可惜要与老朋友分离。当权者有谁肯能援引我，知音人在世间实在稀微。只应该守寂寞了此一生，关闭上柴门与人世隔离。
早寒有怀(孟浩然),"
木落雁南度，北风江上寒。我家襄水曲，遥隔楚云端。乡泪客中尽，孤帆天际看。(孤帆 一作：归帆)迷津欲有问，平海夕漫漫。
",译文树叶飘落大雁飞向南方，北风萧瑟江上分外寒冷。我家就在弯曲的襄水边，远隔楚地天地云海茫茫。思乡的眼泪在异乡流尽，遥看天边的归来孤帆。风烟迷离渡口又在何处，茫茫江水在夕阳下荡漾。
岁暮归南山(孟浩然),"
北阙休上书，南山归敝庐。不才明主弃，多病故人疏。白发催年老，青阳逼岁除。永怀愁不寐，松月夜窗虚。
",译文不再在朝廷宫门前陈述已见，返归终南山我那破旧的茅屋。没有才能才使君主弃我不用，又因多染病痛朋友也渐渐疏远。白发渐渐增多催人慢慢老去，岁暮已至新春已经快要到来了。心怀愁绪万千使人夜不能寐，松影月光映照窗户一片空寂。
过故人庄(孟浩然),"
故人具鸡黍，邀我至田家。绿树村边合，青山郭外斜。开轩面场圃，把酒话桑麻。待到重阳日，还来就菊花。
",译文老朋友准备丰盛的饭菜，邀请我到他田舍做客。翠绿的树林围绕着村落，一脉青山在城郭外隐隐横斜。推开窗户面对谷场菜园，共饮美酒，闲谈农务。等到九九重阳节到来时，我还要来这里观赏菊花。
秦中寄远上人(孟浩然),"
一丘常欲卧，三径苦无资。北土非吾愿，东林怀我师。黄金燃桂尽，壮志逐年衰。日夕凉风至，闻蝉但益悲。
",译文本想长久地归隐山林，又苦于无钱举步维艰。滞留长安不是我心愿，心向东林把我师怀念。黄金像烧柴一般耗尽，壮志随岁月逐日衰减。黄昏里吹来萧瑟凉风，听晚蝉声声愁绪更添。
望洞庭湖赠张丞相(孟浩然),"
八月湖水平，涵虚混太清。气蒸云梦泽，波撼岳阳城。欲济无舟楫，端居耻圣明。坐观垂钓者，徒有羡鱼情。
",译文八月湖水盛涨几乎与岸平，水天含混迷茫与天空浑然一体。云梦大泽水气蒸腾白白茫茫，波涛汹涌似乎把岳阳城撼动。想要渡水却没有船只，闲居不仕，有愧于圣明天子。坐看垂钓之人多么悠闲自在，可惜只能空怀一片羡鱼之情。
与诸子登岘山(孟浩然),"
人事有代谢，往来成古今。江山留胜迹，我辈复登临。水落鱼梁浅，天寒梦泽深。羊公碑尚在，读罢泪沾襟。(尚在 一作：字在)
",译文世间的人和事更替变化，暑往寒来，时间流逝，形成了从古到今的 历史。江山各处保留的名胜古迹，而今我们又可以登攀亲临。水落石出，鱼梁洲清浅；天寒木落，云梦泽广袤无边。晋人羊祜纪念碑如今依然巍峨矗立，读罢碑文泪水沾湿了衣襟。
宴梅道士山房(孟浩然),"
林卧愁春尽，搴帷览物华。忽逢青鸟使，邀入赤松家。金灶初开火，仙桃正发花。童颜若可驻，何惜醉流霞。
",译文静卧在林中为春天即将远去而忧愁，揭开帐子欣赏山中的自然美景。忽然梅道士派人送来书信，邀我去他那里赴宴。房里炼丹炉刚刚点起火，屋外桃花正灼灼盛开。如果说饮此酒能永葆青春，那我一定一醉方休。
章台夜思(韦庄),"
清瑟怨遥夜，绕弦风雨哀。孤灯闻楚角，残月下章台。芳草已云暮，故人殊未来。乡书不可寄，秋雁又南回。
",译文凄清的瑟声，在长夜发出哀怨的音调；而伴随这哀怨乐曲的，又是秋夜悲鸣的风雨声。孤灯下，又听见楚角声哀，清冷的残月徐徐沉下章台。芳草渐渐枯萎，已到生命尽头.亲人故友，从未来此地。鸿雁已往南飞，家书不能寄回。
淮上喜会梁州故人(韦应物),"
江汉曾为客，相逢每醉还。浮云一别后，流水十年间。欢笑情如旧，萧疏鬓已斑。何因不归去？淮上有秋山。
",译文想当年客居他乡，飘零江汉；与你异乡聚首，携手醉还。离别后如浮云飘忽不定，流水岁月，匆匆一晃就已过了十年。今日相见，欢笑融洽的情态一如从前，人已头发稀疏，两鬓斑白了。为何我不与故人同归去？因为淮上风景秀美的秋山。
赋得暮雨送李曹(韦应物),"
楚江微雨里，建业暮钟时。漠漠帆来重，冥冥鸟去迟。海门深不见，浦树远含滋。相送情无限，沾襟比散丝。
",译文楚江笼罩在蒙蒙微雨里，建业城正敲响暮时之钟。江面水汽迷蒙，被打湿的船帆显得沉重，天色昏暗鸟儿飞得迟缓。长江流入海门深远不见，江边树木饱含雨滴润滋。送别老朋友我情深无限，沾襟泪水像江面的雨丝。
经邹鲁祭孔子而叹之(唐玄宗),"
夫子何为者，栖栖一代中。地犹鄹氏邑，宅即鲁王宫。叹凤嗟身否，伤麟怨道穷。今看两楹奠，当与梦时同。
",译文尊敬的孔老夫子，你一生劳碌奔波，周游列国，究竟想要做成什么呢？如今这地方还是鄹县的城邑，你终被安葬在了出生的土地，然而你的旧宅曾被后人毁坏，改建为鲁王宫。在你生活的当时，凤鸟不至，你叹息命运不好；麒麟出现，你又忧伤哀怨，感叹世乱道穷。你一生不如意，看今日你端坐在堂前两楹间，接受后人的顶礼祭奠，正如同你生前梦境中所见的一样，想必你也该稍感慰藉了吧。
灞上秋居(马戴),"
灞原风雨定，晚见雁行频。落叶他乡树，寒灯独夜人。空园白露滴，孤壁野僧邻。寄卧郊扉久，何年致此身。
",译文灞原上的秋风细雨初定，傍晚看见雁群南去不停。面对他乡树木落叶纷纷，寒夜的孤灯独照我一人。空园里白露频频地下滴，单门独户只与野僧为邻。寄卧荒凉郊居为时已久，何时才能为国致力献身？
楚江怀古三首・其一(马戴),"
露气寒光集，微阳下楚丘。猿啼洞庭树，人在木兰舟。广泽生明月，苍山夹乱流。云中君不降，竟夕自悲秋。
",译文雾露团团凝聚寒气侵人，夕阳已经落下楚地的山丘。洞庭湖畔的树上猿啼声不断，乘着木兰舟悠闲地在湖中泛游。明月从广阔的湖面上缓缓升起，两岸青山夹着滔滔乱流。美丽的云神始终不肯降临，使我终夜苦思，独自悲秋。
除夜有怀(崔涂),"
迢递三巴路，羁危万里身。乱山残雪夜，孤烛异乡人。(异乡人 一作：异乡春)渐与骨肉远，转于僮仆亲。那堪正飘泊，明日岁华新。
",译文跋涉在道路崎岖又遥远的三巴路上，客居在万里之外的危险地方。乱山上残雪在黑夜里闪光，一支烛火陪伴着我这异乡的人。因离亲人越来越远，反而与书童和仆人渐渐亲近。真难以忍受在漂泊中度过除夕夜，到明天岁月更新就是新的一年。
孤雁(崔涂),"
几行归塞尽，念尔独何之。暮雨相呼失，寒塘欲下迟。渚云低暗度，关月冷相随。未必逢D缴，孤飞自可疑。
",译文几阵齐飞的旅伴，全部回到了塞上，只有你这孤雁，不知独自飞向何方。暮雨中，你悲凄地呼唤丢失的伙伴，你想栖息，却又迟疑畏惧不下寒塘。渚上低暗，你孤独地穿越过了云层；只有关山的冷月，伴随你孤苦凄凉。虽然你未必会遭暗算，把生命葬丧，只是失群孤飞，毕竟叫人疑惧恐慌。
题破山寺后禅院(常建),"
清晨入古寺，初日照高林。曲径通幽处，禅房花木深。(曲 一作：竹)山光悦鸟性，潭影空人心。万籁此都寂，但余钟磬音。(都寂 一作：俱寂；但余 一作：惟余)
",译文清晨我进入这古老寺院，初升的太阳照在山林上。弯弯曲曲的小路通向幽深处，禅房掩映在繁茂的花木丛中。山中明媚景色使飞鸟更加欢悦，潭水空明清澈，临潭照影，令人俗念全消。此时此刻万物都沉默静寂，只留下了敲钟击磬的声音。
望月怀远(张九龄),"
海上生明月，天涯共此时。情人怨遥夜，竟夕起相思。灭烛怜光满，披衣觉露滋。不堪盈手赠，还寝梦佳期。
",译文辽阔无边的大海上升起一轮明月，使人想起了远在天涯海角的亲友，此时此刻也该是望着同一轮明月。多情的人都怨恨月夜漫长，整夜里不眠而把亲人怀想。熄灭蜡烛怜爱这满屋月光，我披衣徘徊深感夜露寒凉。月华虽好但是不能相赠，不如回到梦乡觅取佳期。
书边事(张乔),"
调角断清秋，征人倚戍楼。春风对青冢，白日落梁州。大漠无兵阻，穷边有客游。蕃情似此水，长愿向南流。
",译文清秋的边地号角划断宁静，征人悠闲地倚着哨楼远望。阵阵和风吹拂着昭君坟墓，边城梁州普照着和煦阳光。浩瀚沙漠看不见军兵阻扰，边疆塞外也常有客人游赏。蕃人的情意好像这条流水，愿永久归附中原流向南方。
秋日赴阙题潼关驿楼(许浑),"
红叶晚萧萧，长亭酒一瓢。残云归太华，疏雨过中条。树色随山迥，河声入海遥。(随山 一作：随关)帝乡明日到，犹自梦渔樵。
",译文晚风中的红叶萧萧落下，长亭里痛饮下别酒一瓢。天上残云飞回太华山上，稀疏的细雨越过中条岭。苍莽的树色随城关远去，黄河呼啸流进遥远海洋。明日里就要抵达都城中，我仍在做那渔人樵夫梦。
早秋(许浑),"
遥夜泛清瑟，西风生翠萝。残萤委玉露，早雁拂金河。(委 一作：栖)高树晓还密，远山晴更多。淮南一叶下，自觉洞庭波。(洞庭波 一作：老烟波)
",译文漫漫长夜中泛流着琴瑟的清音；西风飕飕，吹拂而过，好像有青萝蔓枝而生。白露凝珠的野草栖留几只残萤；秋之晨雁群掠过银河向南飞腾。高大的树木拂晓看来尚未凋零，阳光下遥望远山层次格外分明。淮南子有一叶落而知岁暮之句；我悟到洞庭波兮木叶下的诗情。
送人东游(温庭筠),"
荒戍落黄叶，浩然离故关。高风汉阳渡，初日郢门山。江上几人在，天涯孤棹还。何当重相见，樽酒慰离颜。
",译文荒弃的营垒上黄叶纷纷飘落，你心怀浩气、远志告别了古塞险关。汉阳渡水急风高，郢门山朝阳之下景象万千。江东亲友有几人正望眼欲穿，等候着你的孤舟从天涯回还。什么时候我们才能再次相见，举杯畅饮以抚慰离人的愁颜。
寻陆鸿渐不遇(皎然),"
移家虽带郭，野径入桑麻。近种篱边菊，秋来未著花。扣门无犬吠，欲去问西家。报道山中去，归时每日斜。(归时 一作：归来)
",译文他把家迁徙到了城郭一带，乡间小路通向桑麻的地方。篱笆边的菊花应该是近期才种上的，所以虽然到了秋天，还未曾开花。敲门后未曾听到一声犬吠，要去向西家邻居打听情况。邻人回答他是到山里去了，归来时怕是要黄昏时分了。
寻南溪常道士(刘长卿),"
一路经行处，莓苔见履痕。白云依静渚，春草闭闲门。过雨看松色，随山到水源。溪花与禅意，相对亦忘言。
",译文一路上经过的地方，青苔小道留下鞋痕。白云依偎安静沙洲，春草环绕道院闲门。新雨过后松色青翠，循着山路来到水源。看到溪花心神澄静，凝神相对默默无言。
新年作(刘长卿),"
乡心新岁切，天畔独潸然。老至居人下，春归在客先。岭猿同旦暮，江柳共风烟。已似长沙傅，从今又几年。
",译文新年来临，思乡的心情格外迫切，想到自己漂泊在外不禁潸然落泪。年老了反而被贬谪他处居于人下，连春天也脚步匆匆走在我的前头。在岭南早晚只能与猿猴相依作伴，或与江边杨柳共同领受风烟侵吹。我已和被贬为长沙太傅的贾谊同遭遇，不知今后还要几年才能还乡？
秋日登吴公台上寺远眺(刘长卿),"
古台摇落后，秋日望乡心。(秋日 一作：秋入)野寺来人少，云峰隔水深。夕阳依旧垒，寒磬满空林。惆怅南朝事，长江独至今。
",译文古台破败草木已经凋落，秋天景色引起我的乡思。荒野的寺院来往行人少，隔水眺望云峰更显幽深。夕阳依恋旧城迟迟下落，空林中回荡着阵阵磬声。感伤南朝往事不胜惆怅，只有长江奔流从古到今。
送李中丞归汉阳别业(刘长卿),"
流落征南将，曾驱十万师。罢归无旧业，老去恋明时。独立三边静，轻生一剑知。茫茫江汉上，日暮欲何之。
",译文这位漂泊流离的征南老将，当年曾经指挥过十万雄师。后来他罢职回乡没有产业，到老年他还留恋贤明之时。少壮时独立功勋三边平静，为国轻生只有随身佩剑知。在茫茫的汉江上飘来荡去，日到黄昏你还想要去哪里？
饯别王十一南游(刘长卿),"
望君烟水阔，挥手泪沾巾。飞鸟没何处，青山空向人。长江一帆远，落日五湖春。谁见汀洲上，相思愁白O。
",译文望着你的小船驶向茫茫云水，频频挥手惜别泪水沾湿佩巾。你像一只飞鸟不知归宿何处，留下这一片青山空对着行人。江水浩浩一叶孤帆远远消失，落日下你将欣赏着五湖之美。谁能见我伫立汀洲上怀念你，望着白O心中充满无限愁情。
蜀先主庙(刘禹锡),"
天地英雄气，千秋尚凛然。(天地 一作：天下)势分三足鼎，业复五铢钱。 得相能开国，生儿不象贤。凄凉蜀故妓，来舞魏宫前。
",译文刘备的英雄气概真可谓顶天立地，经历千秋万代威风凛凛至今依然。创立基业与吴魏三分天下成鼎足，恢复五铢钱币志在振兴汉室。等到丞相诸葛亮的帮助开创了国基，可惜生个儿子不像其父贤明。最凄惨的还是那蜀宫中的歌伎，在魏宫歌舞刘禅也毫无羞情。
阙题(刘Y虚),"
道由白云尽，春与青溪长。时有落花至，远随流水香。闲门向山路，深柳读书堂。幽映每白日，清辉照衣裳。
",译文蜿蜒的山路从白云尽处延伸过来，长长的溪水两边都是春天的美景。不时有落花随溪水飘流而至，远远地就可闻到水中的芳香。闲静的荆门面对蜿蜒的山路，读书堂掩藏在茂密的柳树林中。每当阳光穿过柳荫的幽境，清幽的光辉便洒满我的衣裳。
送李端(卢纶),"
故关衰草遍，离别自堪悲。(自堪悲 一作：正堪悲)路出寒云外，人归暮雪时。少孤为客早，多难识君迟。掩泪空相向，风尘何处期。(掩泪 一作：掩泣)
",译文故乡遍地都是衰败的枯草，好友相别实在是令人伤悲。你去的道路伸向云天之外，我归来时只见暮雪在纷飞。从小丧父早年就客游外乡，多经磨难我与你相识太迟。回望你去的方向掩面而泣，在战乱年月再见不知何时。
送僧归日本(钱起),"
上国随缘住，来途若梦行。浮天沧海远，去世法舟轻。水月通禅寂，鱼龙听梵声。惟怜一灯影，万里眼中明。
",译文只要有机缘，随时都可以到中国来；一路雾霭茫茫，船只象在梦中航行。天海浮沉，小船驶去那遥远的边际；超脱世俗，自然会感受到法舟轻盈。心境凝定清寂，一切都如水月虚幻；海内鱼龙，也会出来听你诵经之声。最可爱的是，有盏照亮心田的佛灯；航行万里，眼中永远都是灿烂光明。
谷口书斋寄杨补阙(钱起),"
泉壑带茅茨，云霞生薜帷。竹怜新雨后，山爱夕阳时。闲鹭栖常早，秋花落更迟。家僮扫萝径，昨与故人期。
",译文山泉沟壑萦绕着这座茅屋书斋，云霞映衬墙头薜荔像五彩幔帷。雨后新竹的姿彩多么叫人喜爱，更可爱晚山映照着夕阳的余辉。悠闲的白鹭常常早早回巢栖宿，秋花饱含生机比别处落得更迟。家仆正辛勤地把萝径打扫干净，我昨天与老朋友预约会面日期。
在狱咏蝉(骆宾王),"
余禁所禁垣西，是法厅事也，有古槐数株焉。虽生意可知，同殷仲文之古树；而听讼斯在，即周召伯之甘棠，每至夕照低阴，秋蝉疏引，发声幽息，有切尝闻，岂人心异于曩时，将虫响悲于前听？嗟乎，声以动容，德以象贤。故洁其身也，禀君子达人之高行；蜕其皮也，有仙都羽化之灵姿。候时而来，顺阴阳之数； 应节为变，审藏用之机。有目斯开，不以道昏而昧其视；有翼自薄，不以俗厚而易其真。吟乔树之微风，韵姿天纵； 饮高秋之坠露，清畏人知。仆失路艰虞，遭时徽g。不哀伤而自怨，未摇落而先衰。闻蟪蛄之流声，悟平反之已奏；见螳螂之抱影，怯危机之未安。感而缀诗，贻诸知己。庶情沿物应，哀弱羽之飘零； 道寄人知，悯余声之寂寞。非谓文墨，取代幽忧云尔。西陆蝉声唱，南冠客思深。(客思深 一作：客思侵)那堪玄鬓影，来对白头吟。(那堪 一作：不堪)露重飞难进，风多响易沉。无人信高洁，谁为表予心？
","译文囚禁我的牢房的西墙外，是受案听讼的公堂，那里有数株古槐树。虽然能看出它们的勃勃生机，与东晋殷仲文所见到的槐树一样；但听讼公堂在此，像周代召伯巡行在棠树下断案一般。每到傍晚太阳光倾斜，秋蝉鸣唱，发出轻幽的声息，凄切悲凉超过先前所闻。难道是心情不同往昔，抑或是虫响比以前听到的更悲？唉呀，蝉声足以感动人，蝉的德行足以象征贤能。所以，它的清廉俭信，可说是禀承君子达人的崇高品德；它蜕皮之后，有羽化登上仙境的美妙身姿。等待时令而来，遵循自然规律；适应季节变化，洞察隐居和活动的时机。有眼就瞪得大大的，不因道路昏暗而不明其视；有翼能高飞却自甘澹泊，不因世俗浑浊而改变自己本质。在高树上临风
"
江乡故人偶集客舍(戴叔伦),"
天秋月又满，城阙夜千重。还作江南会，翻疑梦里逢。风枝惊暗鹊，露草泣寒蛩。(泣 一作：覆)羁旅长堪醉，相留畏晓钟。
",译文秋月又一次盈满，城中夜色深浓。你我在江南相会，我怀疑是梦中相逢。晚风吹动树枝，惊动了栖息的鸟鹊。秋草披满霜露，伴随着悲吟的寒虫。你我客居他乡，应该畅饮以排遣愁闷，留你长饮叙旧，只担心天晓鸣钟。
酬程延秋夜即事见赠(韩),"
长簟迎风早，空城澹月华。星河秋一雁，砧杵夜千家。 节候看应晚，心期卧亦赊。向来吟秀句，不觉已鸣鸦。
",译文修长的竹枝早早迎接着秋风，淡淡的月华洒满了空城。一只鸿雁向银河飞去，寂静的夜里，传来千家万户捣衣的砧声。季节飞快地推移，转眼已秋冬，闲散里，我空怀着未曾了却的心意。我反复吟诵你秀美的诗句，不觉天色将晓，已听见早鸦乱啼。
遣悲怀三首・其一(元稹),"
谢公最小偏怜女，自嫁黔娄百事乖。顾我无衣搜荩箧，泥他沽酒拔金钗。(荩箧 一作：画箧)野蔬充膳甘长藿，落叶添薪仰古槐。今日俸钱过十万，与君营奠复营斋。
",译文你如同谢公最受偏爱的女儿，嫁给我这个贫士事事不顺利。你见我没有衣衫就在箱子找，你拔下金钗因我相求而买酒。你用野蔬充饥却说食物甘美，古槐落叶当柴也无怨无悔。如今我高官厚禄你却离人间，为祭奠你延请僧道超度士灵。
遣悲怀三首・其二(元稹),"
昔日戏言身后意，今朝都到眼前来。(身后意 一作：身后事)衣裳已施行看尽，针线犹存未忍开。尚想旧情怜婢仆，也曾因梦送钱财。诚知此恨人人有，贫贱夫妻百事哀。
",译文往昔曾经戏言我们身后的安排，如今都按你所说的展现在眼前。你穿过的衣裳已经快施舍完了，你的针线盒我珍存着不忍打开。因怀念你我对婢仆也格外怜爱，也曾因梦见你并为你送去钱财。我诚知死别之恨世间人人都有，但咱们共苦夫妻死别更觉哀痛。
遣悲怀三首・其三(元稹),"
闲坐悲君亦自悲，百年都是几多时。邓攸无子寻知命，潘岳悼亡犹费词。同穴冥何所望，他生缘会更难期。惟将终夜长开眼，报答平生未展眉。
",译文闲坐无事为你悲伤为我感叹，人生短暂百年时间又多长呢！邓攸没有后代是命运的安排，潘岳悼念亡妻只是徒然悲鸣。即使能合葬也无法倾诉衷情，来世结缘是多么虚幻的企望。唯有以彻夜不眠、辗转反侧的思念，报答你生前为我奔波劳累的苦心。
赠郭给事(王维),"
洞门高阁霭馀辉，桃李阴阴柳絮飞。禁里疏钟官舍晚，省中啼鸟吏人稀。晨摇玉佩趋金殿，夕奉天书拜琐闱。强欲从君无那老，将因卧病解朝衣。
",译文高高的宫门和楼阁沐浴在夕阳的余晖中，桃李枝叶茂密，柳絮随风飞舞。皇宫里钟声稀疏，官舍中办公的官吏已经很少，门下省里只听见鸟鸣。早晨步入金殿时玉佩摇晃，夜晚捧着皇帝的诏书拜别宫门。想勉强跟着您一同进退，无奈我已衰老，会因病卧床而解下我这身官袍。
奉和圣制从蓬莱向兴庆阁道(王维),"
渭水自萦秦塞曲，黄山旧绕汉宫斜。銮舆迥出千门柳，阁道回看上苑花。云里帝城双凤阙，雨中春树万人家。为乘阳气行时令，不是宸游玩物华。(玩 一作：重)
",译文渭水萦绕着秦关曲折地东流，黄麓山环抱着汉宫长年依旧。皇辇远出千重宫门夹道杨柳，阁道回看上林百花恰似锦绣。帝城高耸入云的是凤阁凤楼，春雨润泽千家树木美不胜收。为了把住春光时令出巡民忧，不是因为玩赏春光驾车逛游！
积雨辋川庄作(王维),"
积雨空林烟火迟，蒸藜炊黍饷东。漠漠水田飞白鹭，阴阴夏木啭黄鹂。山中习静观朝槿，松下清斋折露葵。野老与人争席罢，海鸥何事更相疑。
",译文连日雨后，树木稀疏的村落里炊烟冉冉升起。烧好的粗茶淡饭是送给村东耕耘的人。广阔平坦的水田上一行白鹭掠空而飞；田野边繁茂的树林中传来黄鹂宛转的啼声。我在山中修身养性，观赏朝槿晨开晚谢；在松下吃着素食，和露折葵不沾荤腥。我已经是一个从追名逐利的官场中退出来的人，而鸥鸟为什么还要猜疑我呢？
望月有感(白居易),"
自河南经乱，关内阻饥，兄弟离散，各在一处。因望月有感，聊书所怀，寄上浮梁大兄、於潜七兄、乌江十五兄，兼示符离及下弟妹。
时难年荒世业空，弟兄羁旅各西东。田园寥落干戈后，骨肉流离道路中。吊影分为千里雁，辞根散作九秋蓬。共看明月应垂泪，一夜乡心五处同。
",译文自从河南地区经历战乱，关内一带漕运受阻致使饥荒四起，我们兄弟也因此流离失散，各自在一处。因为看到月亮而有所感触，便随性写成诗一首来记录感想，寄给在浮梁的大哥、在於潜的七哥，在乌江的十五哥和在符离、下的弟弟妹妹们看。
奉和中书舍人贾至早朝(岑参),"
鸡鸣紫陌曙光寒，莺啭皇州春色阑。金阙晓钟开万户，玉阶仙仗拥千官。花迎剑佩星初落，柳拂旌旗露未干。独有凤凰池上客，阳春一曲和皆难。
","译文韵译雄鸡啼鸣京城曙色光寒，莺啼婉转皇宫春色正阑。宫殿报晓钟声催开万户，玉石台阶仪仗拥簇千官。花迎朝臣佩剑繁星初落，柳拂旌旗仙人盛零未干。只有凤凰池上舍人诸客，阳春高雅一曲和歌皆难。散译雄鸡啼唱，大路上洒满黎明的寒光。黄莺鸟鸣声婉啭，京城处处是一派暮春景象。宫里的晓钟敲过，千门万户一齐开敞，天子的仪仗排列在玉阶两边，环拥着百官进入朝堂。殿前花色与佩剑的闪光交加辉映，天边的晨星才刚刚消隐。飘扬的旌旗轻拂着柳枝，枝头还沾带着夜来的清露。凤凰池上歌一曲阳春白雪，谁想唱和可真
"
登金陵凤凰台(李白),"
凤凰台上凤凰游，凤去台空江自流。吴宫花草埋幽径，晋代衣冠成古丘。三山半落青天外，二水中分白鹭洲。(二水 一作：一水)总为浮云能蔽日，长安不见使人愁。
",译文凤凰台上曾经有凤凰来悠游，凤去台空只有江水依旧奔流。吴国宫殿的鲜花芳草遮没荒凉小径，晋代多少王族已成荒冢古丘。三山云雾中隐现如落青天外，江水被白鹭洲分成两条河流。那些悠悠浮云总是遮蔽太阳的光辉，登高不见长安城，怎么不让人内心沉痛忧郁。
无题・重帏深下莫愁堂(李商隐),"
重帏深下莫愁堂，卧后清宵细细长。神女生涯原是梦，小姑居处本无郎。风波不信菱枝弱，月露谁教桂叶香。直道相思了无益，未妨惆怅是清狂。
",译文幽寂的厅堂中层层帷幕深垂；独卧床上，追思前事，倍感静夜的漫长。巫山神女艳遇楚王，原来只是梦一场；青溪小姑住所，本就独处无郎。风波不信菱枝柔弱，偏要摧残；像那具有芬芳美质的桂叶，却无月露滋润使之飘香。即使相思全无好处，但这种惆怅之心，也好算是痴情了。 
无题・凤尾香罗薄几重(李商隐),"
凤尾香罗薄几重，碧文圆顶夜深缝。扇裁月魄羞难掩，车走雷声语未通。曾是寂寥金烬暗，断无消息石榴红。斑骓只系垂杨岸，何处西南任好风。(任 一作：待)
",译文织着凤尾纹的绫罗，薄薄重重；碧纹的圆顶罗帐，我深夜赶缝。那回邂逅，来不及用团扇掩盖；可你驱车隆隆而过，无语相通。曾因寂寥不眠，想到更残烛尽；却无你的消息，等到石榴花红。也许你在垂杨岸，栓系斑骓马；怎能等到，送去会你的西南风。
无题・相见时难别亦难(李商隐),"
相见时难别亦难，东风无力百花残。春蚕到死丝方尽，蜡炬成灰泪始干。晓镜但愁云鬓改，夜吟应觉月光寒。蓬山此去无多路，青鸟殷勤为探看。(蓬山 一作：蓬莱)
",译文相见很难，离别更难，何况在这东风无力、百花凋谢的暮春时节。春蚕结茧到死时丝才吐完，蜡烛要烧成灰烬时像泪一样的蜡油才能滴干。早晨梳妆照镜，只担忧如云的鬓发改变颜色，容颜不在。长夜独自吟诗不寐，必然感到冷月侵人。蓬莱山离这儿不算太远，却无路可通，烦请青鸟一样的使者，殷勤地为我去探看。
无题・来是空言去绝踪(李商隐),"
来是空言去绝踪，月斜楼上五更钟。梦为远别啼难唤，书被催成墨未浓。蜡照半笼金翡翠，麝熏微度绣芙蓉。刘郎已恨蓬山远，更隔蓬山一万重！
",译文你说来相会是空话，一去之后再无踪影；等到楼上残月西斜，传来五更的晓钟。梦里为伤远别啼泣，久唤难醒；醒后研墨未浓，匆忙提笔书写成一信。蜡烛的余光，半罩着饰有金翡翠的帷幕；兰麝的香气，熏染了被褥上刺绣的芙蓉。我像当年的刘郎，早已怨恨那蓬山遥远；你去的地方，要比蓬山更隔万重岭！
无题・飒飒东风细雨来(李商隐),"
飒飒东风细雨来，芙蓉塘外有轻雷。金蟾啮锁烧香入，玉虎牵丝汲井回。贾氏窥帘韩掾少，宓妃留枕魏王才。春心莫共花争发，一寸相思一寸灰！
",译文东风飒飒，蒙蒙细雨飘洒，荷花塘外传来了声声轻雷。金蟾啮锁的香炉所散发的香气沁人心脾，状似玉虎的辘轳，牵引绳索汲井水。贾氏隔帘偷窥韩寿英俊年少，宓妃赠送玉枕钦慕曹植文采。向往美好爱情的心愿切莫和春花争荣竞发，免得使我寸寸相思，都化成了灰烬。 
无题・昨夜星辰昨夜风(李商隐),"
昨夜星辰昨夜风，画楼西畔桂堂东。身无彩凤双飞翼，心有灵犀一点通。隔座送钩春酒暖，分曹射覆蜡灯红。嗟余听鼓应官去，走马兰台类转蓬。
",译文昨夜星光灿烂，夜半却有习习凉风；我们酒筵设在画楼西畔、桂堂之东。身上虽没有彩凤的双翼，不能比翼齐飞；但你我内心却像灵犀一样，感情息息相通。互相猜钩嬉戏，隔座对饮春酒暖心；分组来行酒令，决一胜负烛光泛红。可叹呵，听到五更鼓应该上朝点卯；策马赶到兰台，像随风飘转的蓬蒿。
春雨(李商隐),"
怅卧新春白袷衣，白门寥落意多违。红楼隔雨相望冷，珠箔飘灯独自归。远路应悲春晚，残宵犹得梦依稀。玉缄札何由达，万里云罗一雁飞。
",译文新春时节，我身披白衫怅然地卧在床上；幽会的白门冷落了，令我万分感伤。隔着蒙蒙细雨凝视红楼更觉凄凉，只好顶着珠帘般的细雨，在依稀闪烁的灯光中黯然归来。凄楚的暮春，遥远的路途，哪里可以寄托我的悲凄伤感？只有在残宵梦中才能与你相见。耳环情书已备好，怎么才能送达？只有寄希望于万里长空中，那一只刚刚飞来的鸿雁。
筹笔驿(李商隐),"
猿鸟犹疑畏简书，风云常为护储胥。徒令上将挥神笔，终见降王走传车。管乐有才原不忝，关张无命欲何如？他年锦里经祠庙，梁父吟成恨有余。
",韵译猿鸟犹疑是惊畏丞相的严明军令，风云常常护着他军垒的藩篱栏栅。诸葛亮徒然在这里挥笔运筹划算，后主刘禅最终却乘坐邮车去投降。孔明真不愧有管仲和乐毅的才干。关公张飞已死他又怎能力挽狂澜？往年我经过锦城时进谒了武侯祠，曾经吟诵了梁父吟为他深表遗憾！
锦瑟(李商隐),"
锦瑟无端五十弦，一弦一柱思华年。庄生晓梦迷蝴蝶，望帝春心托杜鹃。沧海月明珠有泪，蓝田日暖玉生烟。此情可待成追忆，只是当时已惘然。
",译文精美的瑟为什么竟有五十根弦，一弦一柱都叫我追忆青春年华。庄周翩翩起舞睡梦中化为蝴蝶，望帝把自己的幽恨托身于杜鹃。沧海明月高照，鲛人泣泪皆成珠；蓝田红日和暖，可看到良玉生烟。如此情怀，岂待今朝回忆始感无穷怅恨，即在当时早已是令人不胜惘惘了。
隋宫(李商隐),"
紫泉宫殿锁烟霞，欲取芜城作帝家。玉玺不缘归日角，锦帆应是到天涯。于今腐草无萤火，终古垂杨有暮鸦。地下若逢陈后主，岂宜重问后庭花。
","译文韵译长安的殿阁内弥漫着一片烟霞，杨广还想把芜城作为帝王之家。如果不是李渊得到传国的玉玺，那么他的龙舟还会游遍到天涯。如今隋朝的宫苑中已不见萤虫，只有低垂的杨柳和归巢的乌鸦。如果杨广在地下和陈后主相遇，有心欣赏淫逸辱国的后庭花吗？散译长安的殿阁千门闲闭，空自笼罩着一片烟霞，又想在繁丽的江都，把宫苑修建得更加豪华。若不是皇帝的玉印归到了李家；隋炀帝的锦帆或许会游遍天涯。当年放萤的场所只剩下腐草，萤火早就断绝了根芽；多少年来隋堤寂寞凄冷，两边的垂杨栖息着归巢乌鸦。他若是在
"
送魏万之京(李颀),"
朝闻游子唱离歌，昨夜微霜初渡河。鸿雁不堪愁里听，云山况是客中过。关城树色催寒近，御苑砧声向晚多。(树 一作：曙)莫见长安行乐处，空令岁月易蹉跎。
",译文清晨听到游子高唱离别之歌，昨夜薄霜刚刚渡过黄河。怀愁之人实在不忍听那鸿雁哀鸣，何况是那与故乡遥隔千山万水，身在旅途的异乡客。潼关晨曦寒气越来越重，天气愈来愈冷，京城深秋捣衣声愈接近傍晚愈多。请不要以为长安是行乐所在，以免白白地把宝贵时光消磨。
咏怀古迹・其一(杜甫),"
支离东北风尘际，漂泊西南天地间。三峡楼台淹日月，五溪衣服共云山。羯胡事主终无赖，词客哀时且未还。庾信平生最萧瑟，暮年诗赋动江关。
",译文关中兵荒马乱百姓流离失所，躲避战乱漂泊流浪来到西南。长久地停留三峡楼台熬日月，与五溪民族都住在一片云山。羯胡人狡诈事主终究不可靠，伤时感世的诗人至今未回还。梁代庾信的一生处境最凄凉，到晚年作的诗赋轰动了江关。
咏怀古迹・其二(杜甫),"
摇落深知宋玉悲，风流儒雅亦吾师。怅望千秋一洒泪，萧条异代不同时。江山故宅空文藻，云雨荒台岂梦思。最是楚宫俱泯灭，舟人指点到今疑。
",译文树叶零落的秋季诵读你的诗行，深深地体会了你的悲伤。你风流的文彩、儒雅的仪表，也真堪称为我的师长。面对千秋往事惆怅不已，洒下泪水，虽然生在不同的朝代，但萧条感相同。楚国的江山早已消亡，空留下你的故宅和优雅的文章。那巫山云雨、云梦高唐，应是子虚乌有的梦乡。最感慨的是，楚宫今已泯灭，因后世一直流传这个故事，至今船只经过时，舟人还带疑似的口吻指点着这些古迹。
咏怀古迹・其三(杜甫),"
群山万壑赴荆门，生长明妃尚有村。一去紫台连朔漠，独留青冢向黄昏。画图省识春风面，环空归夜月魂。(夜月 一作：月夜)千载琵琶作胡语，分明怨恨曲中论。
",译文成千上万的山峦山谷连绵不断，如向荆门奔去一般，王昭君生长的山村还至今留存。从紫台一去直通向塞外沙漠，最后只留荒郊上的一座孤坟对着黄昏。糊涂的君王只依凭画图认识昭君的容颜，月夜里环佩叮当是昭君归魂。千载流传她作的胡音琵琶曲，曲中倾诉的分明是满腔悲愤。
咏怀古迹・其四(杜甫),"
蜀主窥吴幸三峡，崩年亦在永安宫。(窥 一作：征)翠华想像空山里，玉殿虚无野寺中。古庙杉松巢水鹤，岁时伏腊走村翁。武侯祠屋常邻近，一体君臣祭祀同。
",译文刘备出兵伐吴就驻扎在三峡，无奈战败归来去世在永安宫。昔日翠旗飘扬空山浩浩荡荡，永安宫湮灭在这荒郊野庙中。古庙里杉松树上水鹤做了巢，每逢节令仍举行隆重的祭祀。丞相的祠庙就在先王庙临近，君臣共同享受着礼仪和祭礼。
咏怀古迹・其五(杜甫),"
诸葛大名垂宇宙，宗臣遗像肃清高。三分割据纡筹策，万古云霄一羽毛。伯仲之间见伊吕，指挥若定失萧曹。运移汉祚终难复，志决身歼军务劳。
",译文诸葛亮大名垂宇宙且万古流芳，他清高的品性真令人无比敬仰。三分天下是他苦心筹划的结果，他犹如展翅高翔在云霄的鸾凤。才华超绝与伊尹吕尚难分高下，指挥千军万马非曹参萧何能比。汉朝的气运已经衰落难以恢复，他意志坚决终因军务繁忙殉职。
宿府(杜甫),"
清秋幕府井梧寒，独宿江城蜡炬残。永夜角声悲自语，中天月色好谁看。风尘荏苒音书绝，关塞萧条行路难。已忍伶俜十年事，强移栖息一枝安。
",译文井畔梧桐在秋夜的风中抖动，只有蜡烛残光照着孤单的我。长夜里号角声悲壮似在自语，天空中的月色虽好谁与我共赏。光阴荏苒哪里寻觅亲人音信？关塞一片萧条寻找归路艰难。我已忍受十年的飘零生活，把家安在这里不过勉强栖身。
阁夜(杜甫),"
岁暮阴阳催短景，天涯霜雪霁寒宵。五更鼓角声悲壮，三峡星河影动摇。野哭千家闻战伐，夷歌数处起渔樵。(千家 一作：几家)卧龙跃马终黄土，人事音书漫寂寥。(音书 一作：依依)
",译文岁末时节白天的时间就越来越短，夔州霜雪停了的寒冬夜晚，雪光映照下，明朗如昼。破晓时军营中鼓角声更显得悲壮凄凉，银河倒映江面，在湍急的江流中摇曳不定。战乱的消息传来，千家万户哭声响彻四野；渔夫樵子不时在夜深传来“ 夷歌”之声。像诸葛亮和公孙述这样的历史人物，最终也成了黄土中的枯骨；人事与音书，都只能任其寂寞了。
闻官军收河南河北(杜甫),"
剑外忽传收蓟北，初闻涕泪满衣裳。却看妻子愁何在，漫卷诗书喜欲狂。白日放歌须纵酒，青春作伴好还乡。即从巴峡穿巫峡，便下襄阳向洛阳。
",译文剑外忽然传来收蓟北的消息，刚刚听到时涕泪满衣裳。回头看妻子和孩子哪还有一点的忧伤，胡乱地卷起诗书欣喜若狂。日光照耀放声高歌痛饮美酒，趁着明媚春光与妻儿一同返回家乡。心想着就从巴峡穿过巫峡，经过了襄阳后又直奔洛阳。
登高(杜甫),"
风急天高猿啸哀，渚清沙白鸟飞回。无边落木萧萧下，不尽长江滚滚来。万里悲秋常作客，百年多病独登台。艰难苦恨繁霜鬓，潦倒新停浊酒杯。
",译文风急天高猿猴啼叫显得十分悲哀，水清沙白的河洲上有鸟儿在盘旋。无边无际的树木萧萧地飘下落叶，望不到头的长江水滚滚奔腾而来。 　悲对秋景感慨万里漂泊常年为客，一生当中疾病缠身今日独上高台。 　一生艰难，常常抱恨于志业无成而身已衰老，衰颓满心偏又暂停了消愁的酒杯。
登楼(杜甫),"
花近高楼伤客心，万方多难此登临。锦江春色来天地，玉垒浮云变古今。北极朝廷终不改，西山寇盗莫相侵。可怜后主还祠庙，日暮聊为《梁甫吟》。(梁甫 一作：梁父)
",直译繁花靠近高楼，远离家乡的我触目伤心，在这全国各地多灾多难的时刻，我登楼观览。锦江两岸蓬蓬勃勃的春色铺天盖地涌来，玉垒山上的浮云，古往今来，千形万象，变幻不定。朝廷如同北极星一样最终都不会改换，西山的寇盗吐蕃不要来侵扰。可叹蜀后主刘禅那样的昏君，仍然在祠庙中享受祭祀，黄昏的时候我也姑且吟诵那《梁甫吟》。
蜀相(杜甫),"
丞相祠堂何处寻？锦官城外柏森森。映阶碧草自春色，隔叶黄鹂空好音。三顾频烦天下计，两朝开济老臣心。出师未捷身先死，长使英雄泪满襟。
",译文去哪里寻找武侯诸葛亮的祠堂？在成都城外那柏树茂密的地方。碧草映照石阶，不过自为春色；隔着树叶的黄鹂，亦不过空作好音。刘备为统一天下而三顾茅庐，问计于诸葛亮，辅佐两代君主的老臣忠心耿耿。可惜出师伐魏还没有取得最后的胜利就先去世了，常使后代英雄感慨泪湿衣襟！
客至(杜甫),"
舍南舍北皆春水，但见群鸥日日来。花径不曾缘客扫，蓬门今始为君开。盘飧市远无兼味，樽酒家贫只旧醅。肯与邻翁相对饮，隔篱呼取尽余杯。
",译文草堂的南北绿水缭绕、春意荡漾，只见鸥群日日结队飞来。长满花草的庭院小路不曾因为迎客而打扫，只是为了你的到来，我家草门首次打开。离集市太远盘中没好菜肴，家境贫寒只有隔年的陈酒招待。如肯与邻家老翁举杯对饮，那我就隔着篱笆将他唤来。 
野望(杜甫),"
西山白雪三城戍，南浦清江万里桥。海内风尘诸弟隔，天涯涕泪一身遥。惟将迟暮供多病，未有涓埃答圣朝。(惟 通：唯)跨马出郊时极目，不堪人事日萧条。
",译文西山白雪皑皑重兵三城戍守，南郊外的万里桥，跨过泱泱的锦江。因海内战争不息几个兄弟音讯阻隔，我流落天涯潸然泪下身心飘摇。惟将迟暮的年光，交与多病的身躯；至今无点滴功德，报答贤明的圣皇。我骑马来到郊外时放眼远眺，无法忍受人世间之事日渐萧条。 
登柳州城楼寄漳汀封连四州,"
城上高楼接大荒，海天愁思正茫茫。惊风乱s芙蓉水，密雨斜侵薜荔墙。岭树重遮千里目，江流曲似九回肠。共来百越文身地，犹自音书滞一乡。
",译文登上高楼，极目所见的是一派荒凉冷清的茫茫沙野，如海似天的愁绪油然生起。急风胡乱地掀动水中的荷花，暴雨来袭，斜打在长满薜荔的墙上。层叠的远山连绵起伏遮住了远望的视线，那弯弯曲曲的柳江就如同我百结的愁肠。我们一起来到这边远的蛮荒之地，怎堪音书隔绝，人各一方。
春思(皇甫冉),"
莺啼燕语报新年，马邑龙堆路几千。家住层城临汉苑，心随明月到胡天。(层城 一作：秦城)机中锦字论长恨，楼上花枝笑独眠。为问元戎窦车骑，何时返旆勒燕然。
",译文莺歌燕语预报了临近新年，马邑龙堆是几千里的疆边。家住京城比邻着汉室宫苑，心随明月飞到边陲的胡天。织锦回文诉说思念的长恨，楼上花枝取笑我依然独眠。请问你主帅车骑将军窦宪，何时班师回朝刻石燕然山。 
寄李儋元锡(韦应物),"
去年花里逢君别，今日花开又一年。(又一年 一作：已一年)世事茫茫难自料，春愁黯黯独成眠。身多疾病思田里，邑有流亡愧俸钱。闻道欲来相问讯，西楼望月几回圆。
",译文去年那花开时节我们依依惜别，如今又是花开时节，我们分别已一年。世事渺茫自我的命运怎能预料，春愁让人心中郁郁、孤枕难眠。多病的身躯让我想归隐田园间，看着流亡的百姓愧对国家俸禄。早听说你将要来此地探望我，我到西楼眺望几度看到明月圆。
望蓟门(祖咏),"
燕台一望客心惊，笳鼓喧喧汉将营。(一望 一作：一去；笳鼓 一作：箫鼓)万里寒光生积雪，三边曙色动危旌。沙场烽火连胡月，海畔云山拥蓟城。(连胡月 一作：侵胡月)少小虽非投笔吏，论功还欲请长缨。
",译文登上燕台眺望不禁感到震惊，笳鼓喧闹之地原是汉将兵营。万里积雪笼罩着冷冽的寒光，边塞的曙光映照着旌旗飘动。战场烽火连天遮掩边塞明月，南渤海北云山拱卫着蓟门城。少年时虽不像班超投笔从戎，论功名我想学终军自愿请缨。
贫女(秦韬玉),"
蓬门未识绮罗香，拟托良媒益自伤。谁爱风流高格调，共怜时世俭梳妆。敢将十指夸针巧，不把双眉斗画长。苦恨年年压金线，为他人作嫁衣裳。
",译文贫家的女儿不识绮罗的芳香，想托个良媒说亲更感到悲伤。谁能爱我高尚的品格和情调？却都喜欢时下正流行的俭妆。敢夸十指灵巧针线做得精美，决不天天描眉与人争短比长。深恨年年手里拿着金线刺绣，都是替富人家小姐做嫁衣裳。
送李少府贬峡中王少府贬(高适),"
嗟君此别意何如，驻马衔杯问谪居。巫峡啼猿数行泪，衡阳归雁几封书。青枫江上秋帆远，白帝城边古木疏。圣代即今多雨露，暂时分手莫踌躇。
",译文此次离别不知你们心绪何如，停下马来饮酒饯别询问被贬的去处。巫峡猿猴悲啼令人伤心泪下，到达衡阳后让大雁多为我捎来几封书信。秋日青枫江上孤帆远远飘去，白帝城边古木参天、枝叶扶疏。当今正逢盛世，朝廷是会普降恩泽的，我们只是暂时的分离，不要烦恼悲伤。
九日登望仙台呈刘明府(崔曙),"
汉文皇帝有高台，此日登临曙色开。三晋云山皆北向，二陵风雨自东来。关门令尹谁能识，河上仙翁去不回。且欲近寻彭泽宰，陶然共醉菊花杯。
",韵译汉文皇帝修建高高的望仙台，今日登临时天边曙色刚散开。三晋的重重云山全向着北方，崤山二陵的风雨从东边飘来。像关门令尹谁能够认识清楚，仙翁河上公一去便不再返回。远求神仙不如就近寻彭泽宰，一起畅饮共为重阳菊花干杯。
登黄鹤楼(崔颢),"
昔人已乘黄鹤去，此地空余黄鹤楼。黄鹤一去不复返，白云千载空悠悠。晴川历历汉阳树，芳草萋萋鹦鹉洲。日暮乡关何处是？烟波江上使人愁。
",译文过去的仙人已经驾着黄鹤飞走了，只留下空荡荡的黄鹤楼。黄鹤一去再也没有回来，千百年来只看见白云在天上飘飘荡荡。阳光照耀下的汉阳树木清晰可见，更能看清芳草繁茂的鹦鹉洲。暮色渐渐漫起，哪里是我的家乡？江面烟波渺渺让人更生烦愁。
行经华阴(崔颢),"
i太华俯咸京，天外三峰削不成。武帝祠前云欲散，仙人掌上雨初晴。河山北枕秦关险，驿路西连汉平。借问路旁名利客，何如此处学长生。(何 一作：无)
",译文在高峻华山上俯视京都长安，三峰伸向天外不是人工削成。在武帝祠前的乌云将要消散，雨过天晴仙人掌峰一片青葱。秦关北靠河山地势多么险要，驿路通过长安往西连着汉。借问路旁那些追名逐利的人，为何不到此访仙学道求长生？
利州南渡(温庭筠),"
澹然空水带斜晖，曲岛苍茫接翠微。波上马嘶看棹去，柳边人歇待船归。数丛沙草群鸥散，万顷江田一鹭飞。谁解乘舟寻范蠡，五湖烟水独忘机。
",译文夕阳正斜照在空阔的水面上，曲折的小岛连接翠绿的群山。江面上传来马的嘶鸣看船归，柳荫下的人们等待着船靠岸。广阔沙草从中群鸥四处飞散，万顷江田上空孤鹭展翅飞翔。谁能像范蠡一样乘着小木船，在辽阔的江湖上面自由飘荡。
苏武庙(温庭筠),"
苏武魂销汉使前，古祠高树两茫然。云边雁断胡天月，陇上羊归塞草烟。回日楼台非甲帐，去时冠剑是丁年。茂陵不见封侯印，空向秋波哭逝川。
",译文苏武初遇汉使，悲喜交集感慨万端；而今古庙高树，肃穆庄严久远渺然。羁留北海音书断绝，头顶胡天明月；荒陇牧羊回来，茫茫草原已升暮烟。回朝进谒楼台依旧，甲帐却无踪影；奉命出使加冠佩剑，正是潇洒壮年。封侯受爵缅怀茂陵，君臣已不相见；空对秋水哭吊先皇，哀叹逝去华年。
江州重别薛六柳(刘长卿),"
生涯岂料承优诏，世事空知学醉歌。江上月明胡雁过，淮南木落楚山多。寄身且喜沧洲近，顾影无如白发何。今日龙钟人共弃，愧君犹遣慎风波。(弃 一作：老)
",译文多年沦落的生涯，谁知竟得到天子的厚恩。世间万事我都已参破，只想学醉饮狂歌的古人。江上的月色分外清明，胡雁从夜空飞掠而过。秋风吹起，淮南已树木凋尽，楚地山头的落叶想必更多。且喜暂时可以寄身的地方，在那沧海近旁。对着明镜来回照影，萧萧白发徒然地令人心伤。如今你们同我都已经老去，都一样是这般步履龙钟。你们还叮嘱我要留意风波险恶，真叫我深深惭愧无限感动。
长沙过贾谊宅(刘长卿),"
三年谪宦此栖迟，万古惟留楚客悲。秋草独寻人去后，寒林空见日斜时。汉文有道恩犹薄，湘水无情吊岂知？寂寂江山摇落处，怜君何事到天涯！
",译文贾谊被贬在此地居住三年，可悲的遭遇千万代令人伤情。在众人散去之后，我踏着泛黄的秋草，独自寻访贾谊的故居，只见夕阳斜映，寒林森森。汉文帝虽然是个有道的国君，为何独对你恩疏情？湘水无情，流去了多少年光，楚国的屈原哪能知道上百年后，贾谊会来到湘水之滨吊念自己。寂寞冷落深山里落叶纷纷，可怜你不知因何被贬到此地呢？
自夏口至鹦鹉洲夕望岳阳(刘长卿),"
汀洲无浪复无烟，楚客相思益渺然。汉口夕阳斜渡鸟，洞庭秋水远连天。孤城背岭寒吹角，独树临江夜泊船。(独树 一作：独戍)贾谊上书忧汉室，长沙谪去古今怜。
",译文鹦鹉洲在长江中浮沉，江面没有风浪也没有烟霭迷离；我这楚地客子的相思，就像江流浩渺无际。夕阳斜照着汉口，飞鸟都纷纷归巢；洞庭湖的秋水，烟波浩渺远接蓝天。背山的孤城响彻号角，一声声透出凄寒；滨临江边的独树旁，夜里泊着孤船。当年贾谊上书文帝，全是忧心汉室；他却被贬谪居长沙，古今谁不哀怜！
西塞山怀古(刘禹锡),"
王F楼船下益州，金陵王气黯然收。(王F 一作：西晋)千寻铁锁沉江底，一片降幡出石头。人世几回伤往事，山形依旧枕寒流。今逢四海为家日，故垒萧萧芦荻秋。
",译文王F的战舰沿江东下离开益州，显赫无比的金陵王气骤然失色。千丈长的铁链沉入江底，一片降旗挂在石头城头。东吴灭亡以后，在金陵建都的王朝都先后灭亡，如今的西塞山依旧紧靠长江。从今以后天下归为一同，故垒萧条长满芦荻秋风飒飒。 
晚次鄂州(卢纶),"
云开远见汉阳城，犹是孤帆一日程。估客昼眠知浪静，舟人夜语觉潮生。三湘衰鬓逢秋色，万里归心对月明。旧业已随征战尽，更堪江上鼓鼙声。
",译文雾散云开远远望见汉阳城，孤舟漂游还要走一日路程。商贾在白日睡觉知道浪静，船夫在夜间说话感到潮生。看三湘秋色两边鬓发衰白，望万里明月思归心意更增。家乡旧业已经被战乱毁尽，哪堪再听见江上鼓角声声。
赠阙下裴舍人(钱起),"
二月黄莺飞上林，春城紫禁晓阴阴。(黄莺 一作：黄鹂)长乐钟声花外尽，龙池柳色雨中深。阳和不散穷途恨，霄汉长怀捧日心。献赋十年犹未遇，羞将白发对华簪。
",译文早春二月，黄鹂在宫苑飞翔歌吟；拂晓时紫禁城春浓树木阴阴。长乐宫的钟声消逝在花丛外，龙池旁的杨柳沐浴在春雨中翠色深深。暖阳不能消散穷途落魄之憾，遥望天空常常怀有捧日赤心。十年来频频献赋还知音未遇，我头发斑白愧对华贵的帽簪。
宫词(薛逢),"
十二楼中尽晓妆，望仙楼上望君王。锁衔金兽连环冷，水滴铜龙昼漏长。云髻罢梳还对镜，罗衣欲换更添香。遥窥正殿帘开处，袍F宫人扫御床。
",韵译大清早，宫妃们在十二楼打扮梳妆；登上望仙楼台，盼望着临幸的君王。兽形门环紧锁宫门，内心十分凄怆；铜龙漏斗越滴越慢，坐待更觉日长。发髻梳理完毕，还要对镜反复端详，重换一件罗衣，注意加熏一些香料。远远看见，正殿闪动人影启开珠帘；看见短袍绣裤宫女，正在打扫御床。
同题仙游观(韩),"
仙台初见五城楼，风物凄凄宿雨收。(初见 一作：下见)山色遥连秦树晚，砧声近报汉宫秋。疏松影落空坛静，细草香闲小洞幽。(闲 一作：生)何用别寻方外去，人间亦自有丹丘。
",译文在仙台上刚见到五城楼，夜雨初停景物冷落凄清。晓山翠色遥连秦地树木，汉宫砧声报讯寒秋来临。空坛澄清疏松影落水底，小洞清幽细草芳香沁人。何必去寻找世外的仙境，人世间就有美好的桃源。
贼退示官吏(元结),"
癸卯岁，西原贼入道县，焚烧杀掠，几尽而去。明年，贼又攻永破邵，不犯此州边鄙而退。岂力能制敌与？盖蒙其伤怜而已。诸使何为忍苦征敛，故作诗一篇以示官吏。
昔岁逢太平，山林二十年。泉源在庭户，洞壑当门前。井税有常期，日晏犹得眠。忽然遭世变，数岁亲戎旃。今来典斯郡，山夷又纷然。城小贼不屠，人贫伤可怜。是以陷邻境，此州独见全。使臣将王命，岂不如贼焉？今彼征敛者，迫之如火煎。谁能绝人命，以作时世贤！思欲委符节，引竿自刺船。将家就鱼麦，归老江湖边。
","译文癸卯年，西原贼人攻入道州城，焚烧杀戮掠夺，几乎扫光全城才走。第二年，贼人又攻打永州并占领邵州，却不侵犯道州边境而去。难道道州官兵能有力制敌吗？不过是蒙受贼人的哀怜而巳。催缴赋税的官吏为什么还如此忍心苦苦搜括呢？因此作诗一篇给官吏们看看。我早年遇到了太平世道，在山林中隐居了二十年。清泉水流经过我家门口，山涧洞谷对着我家门前。田租赋税有个固定期限，日上三竿依然安稳酣眠。忽然间遭遇到世道突变，数年来亲自从军上前线。如今我来治理
"
同从弟销南斋玩月忆山阴,"
高卧南斋时，开帷月初吐。清辉澹水木，演漾在窗户。冉冉几盈虚，澄澄变今古。(冉冉 一作：荏苒)美人清江畔，是夜越吟苦。千里共如何，微风吹兰杜。(共 一作：其)
",译文我和从弟在南斋高卧的时候，掀开窗帘玩赏那初升的玉兔。淡淡月光泻在水上泄在树上，轻悠悠的波光涟漪荡入窗门。光阴苒苒这窗月已几盈几虚，清光千年依旧世事不同今古。德高望重崔少府在清江河畔，他今夜必定如庄舄思越之苦。千里迢迢可否共赏醉人婵娟？微风吹拂着清香四溢的兰杜。
渭川田家(王维),"
斜阳照墟落，穷巷牛羊归。(斜阳 一作：斜光)野老念牧童，倚杖候荆扉。雉g麦苗秀，蚕眠桑叶稀。田夫荷锄至，相见语依依。(至 一作：立)即此羡闲逸，怅然吟式微。
",译文夕阳的余晖洒向村庄，牛羊沿着深巷纷纷回归。村中老人惦念着放牧的孙儿，倚着拐杖在柴门边等候。野鸡鸣叫，麦子秀穗，蚕像睡觉了一样，桑叶也变得稀少。农夫们三三两两扛着锄头归来，在田间小道上偶然相遇，亲切絮语，乐而忘归。在这种时刻如此闲情逸致怎不叫我羡慕？我不禁怅然地吟起《式微》。
西施咏(王维),"
艳色天下重，西施宁久微。朝为越溪女，暮作吴宫妃。贱日岂殊众，贵来方悟稀。邀人傅脂粉，不自著罗衣。君宠益娇态，君怜无是非。当时浣纱伴，莫得同车归。持谢邻家子，效颦安可希。
",译文艳丽的姿色向来为天下器重，美丽的西施怎么能久处低微？原先她是越溪的一个浣纱女，后来却成了吴王宫里的爱妃。平贱时难道有什么与众不同？显贵了才惊悟她丽质天下稀。曾有多少宫女为她搽脂敷粉，她从来也不用自己穿著罗衣。君王宠幸她的姿态更加娇媚，君王怜爱从不计较她的是非。昔日一起在越溪浣纱的女伴，再不能与她同车去来同车归。奉告那盲目效颦的邻人东施，光学皱眉而想取宠并非容易！
送别(王维),"
下马饮君酒，问君何所之？君言不得意，归卧南山陲。但去莫复问，白云无尽时。
",译文请你下马来喝一杯美酒，想问问朋友你要去往哪里？你说因为生活不得意，要回乡隐居在终南山旁。只管去吧我不会再追问，那里正有绵延不尽的白云，在天空中飘荡。
送綦毋潜落第还乡(王维),"
圣代无隐者，英灵尽来归。遂令东山客，不得顾采薇。既至金门远，孰云吾道非。(金门 一作：君门)江淮度寒食，京洛缝春衣。置酒长安道，同心与我违。行当浮桂棹，未几拂荆扉。远树带行客，孤村当落晖。(孤村 一作：孤城)吾谋适不用，勿谓知音稀。
",译文政治清明时代绝无隐者存在，为朝政服务有才者纷纷出来。连你这个像谢安的山林隐者，也不再效法伯夷叔齐去采薇。你应试落第不能待诏金马门，那是命运不济谁说吾道不对？去年寒食时节你正经过江淮，滞留京洛又缝春衣已过一载。我们又在长安城外设酒饯别，同心知己如今又要与我分开。你行将驾驶着小船南下归去，不几天就可把自家柴门扣开。远山的树木把你的身影遮盖，夕阳余辉映得孤村艳丽多彩。你暂不被录用纯属偶然的事，别以为知音稀少而徒自感慨！
青溪(王维),"
言入黄花川，每逐青溪水。随山将万转，趣途无百里。声喧乱石中，色静深松里。漾漾泛菱荇，澄澄映葭苇。我心素已闲，清川澹如此。请留磐石上，垂钓将已矣。(磐石 一作：盘石)
",译文进入黄花川游览，每每都去追逐那条青溪。溪水随着山势，百转千回，经过的路途，却不足百里。水声在山间乱石中喧嚣，山色在深密的松林里幽静深沉。水草在溪水中轻轻摇荡，芦苇清晰地倒映在碧水之中。我的心一向悠闲，如同清澈的溪水淡泊安宁。但愿我能留在溪边的盘石上，在垂钓中度过我的一生。
与高适薛据同登慈恩寺(岑参),"
塔势如涌出，孤高耸天宫。登临出世界，磴道盘虚空。突兀压神州，峥嵘如鬼工。四角碍白日，七层摩苍穹。下窥指高鸟，俯听闻惊风。连山若波涛，奔凑似朝东。(凑 一作：走；似 一作：如)青槐夹驰道，宫馆何玲珑。(馆 一作：观)秋色从西来，苍然满关中。五陵北原上，万古青鳌＞焕砹丝晌颍胜因夙所宗。誓将挂冠去，觉道资无穷。
",译文宝塔宛如平地涌出，孤高巍峨耸入天宫。 　登上去像走出人间，蹬踏梯道盘旋空中。 　高峻突出镇定神州，峥嵘胜过鬼斧神工。 　四角伸展挡住白日，七层紧紧连着苍穹。 　下看飞鸟屈指可数，俯听山风呼啸迅猛。 　山连山如波涛起伏，汹涌澎湃奔流向东。 　青槐夹着笔直驰道，楼台宫殿何等玲珑。 　秋天秀色从西而来，苍苍茫茫弥漫关中。 　长安城北汉代五陵，万古千秋一派青葱。 　清净佛理完全领悟。善因素来为人信从。 　立誓归隐辞官而去，信奉佛道其乐无穷。
下终南山过斛斯山人宿置酒(李白),"
暮从碧山下，山月随人归。却顾所来径，苍苍横翠微。相携及田家，童稚开荆扉。绿竹入幽径，青萝拂行衣。欢言得所憩，美酒聊共挥。长歌吟松风，曲尽河星稀。我醉君复乐，陶然共忘机。
",译文傍晚从终南山上走下来，山月一直跟随着我归来。回头望下山的山间小路，山林苍苍茫茫一片青翠。偶遇斛斯山人，携手同去其家，孩童急忙出来打开柴门。走进竹林中的幽深小径，树枝上下垂的藤蔓拂着行人衣裳。欢言笑谈得到放松休息，畅饮美酒宾主频频举杯。长歌一曲松风和鸣，一曲唱罢已是星光稀微。我喝醉酒主人非常高兴，欢欣愉悦忘了世俗奸诈心机。
月下独酌四首・其一(李白),"
花间一壶酒，独酌无相亲。举杯邀明月，对影成三人。月既不解饮，影徒随我身。暂伴月将影，行乐须及春。我歌月徘徊，我舞影零乱。醒时同交欢，醉后各分散。(同交欢 一作：相交欢)永结无情游，相期邈云汉。
",译文在花丛中摆上一壶美酒，我自斟自饮，身边没有一个亲友。举杯向天，邀请明月，与我的影子相对，便成了三人。明月既不能理解开怀畅饮之乐，影子也只能默默地跟随在我的左右。暂且以明月影子相伴，趁此春宵要及时行乐。我吟诵诗篇，月亮伴随我徘徊，我手舞足蹈，影子便随我蹁跹。清醒时我与你一同分享欢乐，酒醉以后各奔东西。我愿与他们永远结下忘掉伤情的友谊，相约在缥缈的银河边。
春思(李白),"
燕草如碧丝，秦桑低绿枝。当君怀归日，是妾断肠时。 春风不相识，何事入罗帏。
",译文 燕地小草刚像丝绒一般柔软纤细，秦地的桑叶早已茂密得压弯了树枝。当你怀念家园盼望归家之日时，我早就因思念你而愁肠百结。春风啊你与我素不相识，为何要吹进罗帐激起我的愁思呢？
梦李白・其一(杜甫),"
死别已吞声，生别常恻恻。江南瘴疠地，逐客无消息。故人入我梦，明我长相忆。君今在罗网，何以有羽翼？恐非平生魂，路远不可测。魂来枫林青，魂返关塞黑。落月满屋梁，犹疑照颜色。水深波浪阔，无使蛟龙得。
",译文为死别往往使人泣不成声，而生离却常令人更加伤悲。江南山泽是瘴疬流行之处，被贬谪的人为何毫无消息？老朋友你忽然来到我梦里，因为你知道我常把你记忆。你如今陷入囹圄身不由己，哪有羽翼飞来这北国之地？梦中的你恐不会是鬼魂吧，路途遥远生与死实难估计。灵魂飘来是从西南青枫林，灵魂返回是由关山的黑地。明月落下清辉洒满了屋梁，迷离中见到你的颜容憔悴。水深浪阔旅途请多加小心，不要失足落入蛟龙的嘴里。
梦李白・其二(杜甫),"
浮云终日行，游子久不至。三夜频梦君，情亲见君意。告归常局促，苦道来不易。江湖多风波，舟楫恐失坠。出门搔白首，若负平生志。冠盖满京华，斯人独憔悴。孰云网恢恢，将老身反累。千秋万岁名，寂寞身后事。
",译文天上浮云终日飞来飘去，远游的故人为何久久不至。夜晚我总是频频梦到你，可知你对我的深情厚谊。分别时你总是神色匆匆，还总说相见多不容易。江湖上航行多险风恶浪，担心你的船被掀翻沉没。出门时搔着满头的白发，悔恨辜负自己平生之志。京都的官僚们冠盖相续，才华盖世的你却容颜憔悴。谁能说天理公道无欺人，迟暮之年却无辜受牵累。即使有流芳千秋的美名，难以补偿遭受的冷落悲戚。
望岳(杜甫),"
岱宗夫如何？齐鲁青未了。造化钟神秀，阴阳割昏晓。荡胸生曾云，决眦入归鸟。( 曾 同：层)会当凌绝顶，一览众山小。
",译文五岳之首的泰山怎么样？在齐鲁大地上，那苍翠的美好山色没有尽头。大自然把神奇秀丽的景象全都汇聚其中，山南山北阴阳分界，晨昏迥然不同。升腾的层层云气，使心胸摇荡；极力张大眼睛远望归鸟隐入了山林。定要登上那最高峰，俯瞰在泰山面前显得渺小的群山。
赠卫八处士(杜甫),"
人生不相见，动如参与商。今夕复何夕，共此灯烛光。少壮能几时，鬓发各已苍。访旧半为鬼，惊呼热中肠。焉知二十载，重上君子堂。昔别君未婚，儿女忽成行。怡然敬父执，问我来何方。问答乃未已，驱儿罗酒浆。(乃未已 一作：未及已；驱儿 一作：儿女)夜雨剪春韭，新炊间黄粱。主称会面难，一举累十觞。十觞亦不醉，感子故意长。明日隔山岳，世事两茫茫。
","译文人生别离不能常相见，就像西方的参星和东方的商星你起我落。今夜是什么日子如此幸运，竟然能与你挑灯共叙衷情？青春壮健年少岁月能有多少，转瞬间你我都已经两鬓如霜。打听昔日朋友大半都已逝去，我内心激荡不得不连声哀叹。真没想到阔别二十年之后，还能有机会再次来登门拜访。当年分别时你还没有结婚成家，倏忽间你的子女已成帮成行。他们彬彬有礼笑迎父亲挚友，热情地询问我来自什么地方？还来不及讲述完所有的往事，你就催促儿女快把酒菜摆上。冒着夜雨剪来了青鲜的韭菜，端上新煮的黄米饭让我品尝。你
"
佳人(杜甫),"
绝代有佳人，幽居在空谷。自云良家子，零落依草木。关中昔丧乱，兄弟遭杀戮。官高何足论，不得收骨肉。世情恶衰歇，万事随转烛。夫婿轻薄儿，新人美如玉。合昏尚知时，鸳鸯不独宿。但见新人笑，那闻旧人哭。在山泉水清，出山泉水浊。侍婢卖珠回，牵萝补茅屋。摘花不插发，采柏动盈掬。天寒翠袖薄，日暮倚修竹。
","译文有位举世无双的美人，隐居在空旷的山谷中。她说自己是高门府第的女子，飘零沦落到与草木相依。过去关中一带遭遇战乱，家里的兄弟全被乱军杀戮。官居高位又有什么用？自己兄弟的尸骨都无法收埋。世俗人情都厌恶衰败的人家，万事就像随风而转的烛火。丈夫是个轻薄子弟，抛弃了我又娶了个美丽如玉的新人。合欢花尚且知道朝开夜合，鸳鸯鸟成双成对从不独宿。丈夫只看见新人欢笑，哪里听得到旧人哭泣？泉水在山里是清澈的，出了山就浑浊了。让侍女典卖珠宝维持生计，牵把青萝修补茅屋。摘下来的花不
"
秋登兰山寄张五(孟浩然),"
北山白云里，隐者自怡悦。相望试登高，心随雁飞灭。(试 一作 始)愁因薄暮起，兴是清秋发。时见归村人，沙行渡头歇。(沙行 一作：沙平)天边树若荠，江畔洲如月。(洲 一作：舟)何当载酒来，共醉重阳节。
",译文 登上这白云缭绕的万山峰岭，心头升起一种超脱尘俗的喜悦。我试着登上高山遥望远方，心情早就随着鸿雁远去高飞。愁绪每每是薄暮引发的情绪，兴致往往是清秋招致的氛围。在山上时时望见回村的人们，走过沙滩坐在渡口憩息歇累。天边林中树木好似颗颗荠菜，俯视江畔的沙洲好比是弯月。什么时候能载酒来这共饮，于重阳佳节对酌同醉。
夏日南亭怀辛大(孟浩然),"
山光忽西落，池月渐东上。散发乘夕凉，开轩卧闲敞。荷风送香气，竹露滴清响。欲取鸣琴弹，恨无知音赏。感此怀故人，中宵劳梦想。(中 一作：终)
",译文傍山的日影忽然西落了，池塘上的月亮从东面慢慢升起。披散着头发在夜晚乘凉，打开窗户躺卧在幽静宽敞的地方。一阵阵的晚风送来荷花的香气，露水从竹叶上滴下发出清脆的响声。正想拿琴来弹奏，可惜没有知音来欣赏。感慨良宵，怀念起老朋友来，整夜在梦中也苦苦地想念。
宿业师山房待丁大不至(孟浩然),"
夕阳度西岭，群壑倏已暝。松月生夜凉，风泉满清听。樵人归欲尽，烟鸟栖初定。之子期宿来，孤琴候萝径。
",译文夕阳已经落下西边的山岭，千山万壑忽然昏暗静寂。月光照进松林夜晚渐生凉意，风声泉声共鸣分外清晰。山中砍柴人已经全都归家而去，烟霭中鸟儿刚归巢安息。与丁大约定今晚来寺住宿，独自带着琴站在山路等你。
寻西山隐者不遇(丘为),"
绝顶一茅茨，直上三十里。扣关无僮仆，窥室唯案几。若非巾柴车，应是钓秋水。差池不相见，黾勉空仰止。草色新雨中，松声晚窗里。及兹契幽绝，自足荡心耳。虽无宾主意，颇得清净理。兴尽方下山，何必待之子。
",译文高高的山顶上有一座茅屋，从山下走上去足有三十里。轻扣柴门竟无童仆回问声，窥看室内只有桌案和茶几。主人不是驾着巾柴车外出，一定是到秋水碧潭去钓鱼。错过了时机不能与他见面，空负了殷勤仰慕一片心意。新雨中草色多么青翠葱绿，晚风将松涛声送进窗户里。这清幽境地很合我的雅兴，足可以把身心和耳目荡涤。我虽然还没有和主人交谈，却已经领悟到清净的道理。玩到兴尽就满意地下山去，何必非要和这位隐者相聚。
晨诣超师院读禅经(柳宗元),"
汲井漱寒齿，清心拂尘服。闲持贝叶书，步出东斋读。真源了无取，妄迹世所逐。遗言冀可冥，缮性何由熟。道人庭宇静，苔色连深竹。日出雾露馀，青松如膏沐。澹然离言说，悟悦心自足。
",译文汲来清凉井水漱口刷牙，心清了再拂去衣上尘土。悠闲地捧起佛门贝叶经，信步走出东斋吟咏朗读。佛经真谛世人并无领悟，荒诞之事却为人们追逐。佛儒精义原也可望暗合，但修养本性我何以精熟。道人禅院多么幽雅清静，绿色鲜苔连接竹林深处。太阳出来照着晨雾余露，苍翠松树宛若沐后涂脂。清静使我恬淡难以言说，悟出佛理内心畅快满足。
溪居(柳宗元),"
久为簪组累，幸此南夷谪。(累 一作：束)闲依农圃邻，偶似山林客。 晓耕翻露草，夜榜响溪石。来往不逢人，长歌楚天碧。
",译文长久被官职束缚不得自由，幸好被贬谪到边远的永州一带。闲静无事，与农人的菜圃为邻，有的时候就像个山间隐士。早晨耕田，翻锄带着露水的野草，傍晚伴着水激溪石的声响归去。来去之间碰不到那庸俗之辈，眼望楚天一片碧绿，高歌自娱。
送杨氏女(韦应物),"
永日方戚戚，出行复悠悠。女子今有行，大江溯轻舟。尔辈苦无恃，抚念益慈柔。幼为长所育，两别泣不休。对此结中肠，义往难复留。自小阙内训，事姑贻我忧。赖兹托令门，任恤庶无尤。贫俭诚所尚，资从岂待周。孝恭遵妇道，容止顺其猷。别离在今晨，见尔当何秋。居闲始自遣，临感忽难收。归来视幼女，零泪缘缨流。
","译文我整日忧郁而悲悲戚戚，女儿就要出嫁遥远地方。今天她要远行去做新娘，乘坐轻舟沿江逆流而上。你姐妹自幼尝尽失母苦，念此我就加倍慈柔抚养。妹妹从小全靠姐姐养育，今日两人作别泪泣成行。面对此情景我内心郁结，女大当嫁你也难得再留。你自小缺少慈母的教训，侍奉婆婆的事令我担忧。幸好依仗你夫家好门第，信任怜恤不挑剔你过失。安贫乐俭是我一贯崇尚，嫁妆岂能做到周全丰厚。望你孝敬长辈遵守妇道，仪容举止都要符合潮流。今晨我们父女就要离别，再见到你不知什么时候。闲居时忧伤能自我排
"
长安遇冯著(韦应物),"
客从东方来，衣上灞陵雨。问客何为来，采山因买斧。冥冥花正开，rr燕新乳。昨别今已春，鬓丝生几缕。
",译文客人从东方过来，衣服上还带着灞陵的雨。问客人为什么来，客人说为了上山砍伐树木来买斧头。百花正在悄悄地盛开，轻盈的燕子正在哺乳新雏。去年一别如今又是春天，两鬓的头发不知又生出多少。
东郊(韦应物),"
吏舍R终年，出郊旷清曙。杨柳散和风，青山澹吾虑。依丛适自憩，缘涧还复去。微雨霭芳原，春鸠鸣何处。乐幽心屡止，遵事迹犹遽。终罢斯结庐，慕陶直可庶。
",译文困守官舍，使我终年地烦闷。漫步郊野，曙光荡涤我的胸襟。杨柳依依，在和风里摇曳不定。青山如画，淡泊了我的尘念俗情。斜倚树丛，我休息得多么安宁；沿着山涧，继续信步前行。微雨过后，芬芳的原野更加滋润清新，斑鸠声声，却不知在哪里欢鸣。我向来喜爱幽静，可惜总难以遂心。公务缠绕，生活常感觉迫促不宁。我终将辞谢官职，去营造茅屋一间，追随陶潜的步履，但愿得到那清雅的风情。 
郡斋雨中与诸文士燕集(韦应物),"
兵卫森画戟，宴寝凝清香。海上风雨至，逍遥池阁凉。烦疴近消散，嘉宾复满堂。自惭居处崇，未睹斯民康。理会是非遣，性达形迹忘。鲜肥属时禁，蔬果幸见尝。俯饮一杯酒，仰聆金玉章。神欢体自轻，意欲凌风翔。吴中盛文史，群彦今汪洋。方知大藩地，岂曰财赋疆。
","韵译官邸门前画戟林立兵卫森严，休息室内凝聚着焚檀的清香。东南近海层层风雨吹进住所，逍遥自在池阁之间阵阵风凉。心里头的烦躁苦闷将要消散，嘉宾贵客重新聚集济济一堂。自己惭愧所处地位太过高贵，未能顾及平民百姓有无安康。如能领悟事理是非自然消释，性情达观世俗礼节就可淡忘。鲜鱼肥肉是夏令禁食的荤腥，蔬菜水果希望大家尽管品尝。大家躬身饮下一杯醇清美酒，抬头聆听各人吟诵金玉诗章。精神愉快身体自然轻松舒畅，心里真想临风飘举奋力翱翔。吴中不愧为文史鼎盛的所在，文人学士简直多如大海汪洋。现
"
初发扬子寄元大校书(韦应物),"
凄凄去亲爱，泛泛入烟雾。归棹洛阳人，残钟广陵树。今朝此为别，何处还相遇。世事波上舟，沿洄安得住。
",译文凄怆地离别了亲爱的朋友，船只泛泛地驶入茫茫烟雾。轻快地摇桨向着洛阳归去，回望广陵，只听得晓钟的残音传自林间。今日在此我与你依依作别，何时何地我们能再次相遇？人情世事犹如波上的小船，顺流洄旋岂能由自己作主？
寄全椒山中道士(韦应物),"
今朝郡斋冷，忽念山中客。涧底束荆薪，归来煮白石。欲持一瓢酒，远慰风雨夕。落叶满空山，何处寻行迹。
",译文今天郡斋里很冷，忽然想起山中隐居的人。你一定在涧底打柴，回来以后煮些清苦的饭菜。想带着一瓢酒去看你，让你在风雨夜里得到些安慰。可是秋叶落满空山，什么地方能找到你的行迹？
宿王昌龄隐居(常建),"
清溪深不测，隐处唯孤云。松际露微月，清光犹为君。茅亭宿花影，药院滋苔纹。余亦谢时去，西山鸾鹤群。
",译文清溪流向深不可测的石门山谷，隐居的地方只有孤云相伴。松林稍头透出微微月光，这清幽的月光也好像专为您送来的。茅亭夜静花影好像已恬然入梦，种有药草的院子到处都是斑斑苔痕。我也想要像他这般辞去世俗之累，与西山的鸾鹤为群去了。
感遇・孤鸿海上来(张九龄),"
孤鸿海上来，池潢不敢顾。侧见双翠鸟，巢在三珠树。矫矫珍木巅，得无金丸惧？美服患人指，高明逼神恶。今我游冥冥，弋者何所慕！
",译文孤傲的鸿雁自海上而来，连皇城都不敢看。侧目见到了两只华丽的翠鸟，在华美的三珠树上栖息。珍贵之木的高处啊，难道不怕猎人的金弹丸？修美的品德将担心他人的嫉妒与打压，高明之位会让神鬼都深感厌恶。今日的我翱翔于天际，那些猎取者将无法猎取。
感遇・兰叶春葳蕤(张九龄),"
兰叶春葳蕤，桂华秋皎洁。欣欣此生意，自尔为佳节。谁知林栖者，闻风坐相悦。草木有本心，何求美人折！
",译文兰草逢春，枝叶茂盛，桂花遇秋，皎洁清新。世间的草木生机勃勃，自然地顺应美好的季节。谁想到山林隐逸的高人，因为闻到芬芳而满怀喜悦。草木散发香气源于天性，怎么会求观赏者攀折呢！
感遇・幽人归独卧(张九龄),"
幽人归独卧，滞虑洗孤清。持此谢高鸟，因之传远情。日夕怀空意，人谁感至精？飞沉理自隔，何所慰吾诚？
",译文 归隐到这幽静的山林以来，每天都独自高卧在林泉之下，积聚的愁虑被洗涤得干干净净。我想拿这些来感谢那高飞的鸟儿，因要托她传达我这遥远的情怀。日日夜夜我空怀着这无限情意，可是又有谁能体会到我至诚的情意呢？那飞鸟和沉鱼本来就情趣相隔，又怎么能慰解我的心怀情意？
感遇・江南有丹橘(张九龄),"
江南有丹橘，经冬犹绿林。岂伊地气暖？自有岁寒心。可以荐嘉客，奈何阻重深。运命惟所遇，循环不可寻。徒言树桃李，此木岂无阴？
",译文江南丹桔叶茂枝繁，经冬不凋四季常青。哪里是因为她所处地方的气候温暖，而是具有松柏品性。荐之嘉宾必受称赞，山重水阻如何进献？命运遭遇往往不一，因果循环奥秘难寻。只说桃李有果有林，难道丹桔就不成阴？
春泛若耶溪(綦毋潜),"
幽意无断绝，此去随所偶。晚风吹行舟，花路入溪口。际夜转西壑，隔山望南斗。潭烟飞溶溶，林月低向后。生事且弥漫，愿为持竿叟。
",译文我寻幽探胜的心意没有定止，随着一路看见的景色生发不已。晚风吹送我的行舟，沿着开满鲜花的河岸荡入溪口。星夜又转过西边的山岭，隔山仰望天上的南斗。潭底升起溶溶的烟雾，林中月亮仿佛低落在行舟的背后。世事何等地纷繁渺茫，不如做一名隐居的钓叟。
石鱼湖上醉歌(元结),"
漫叟以公田米酿酒，因休暇，则载酒于湖上，时取一醉。欢醉中，据湖岸，引臂向鱼取酒，使舫载之，遍饮坐者。意疑倚巴丘酌于君山之上，诸子环洞庭而坐，酒舫泛泛然触波涛。而往来者，乃作歌以长之。石鱼湖，似洞庭，夏水欲满君山青。山为樽，水为沼，酒徒历历坐洲岛。长风连日作大浪，不能废人运酒舫。我持长瓢坐巴丘，酌饮四坐以散愁。
",译文我用公田产出的粮食来酿酒，常借休假之闲，载酒到石鱼湖上，暂且博取一醉。在酒酣欢快之中，靠着湖岸，伸臂向石鱼取酒，叫船载着，使所有在座的人都痛饮。好像靠着巴陵山，而伸手向君山上舀酒一般，同游的人，也像绕洞庭湖而坐。酒舫漫漫地触动波涛，来来往往添酒。于是作了这首醉歌，歌咏此事。
长恨歌(白居易),"
汉皇重色思倾国，御宇多年求不得。杨家有女初长成，养在深闺人未识。天生丽质难自弃，一朝选在君王侧。回眸一笑百媚生，六宫粉黛无颜色。春寒赐浴华清池，温泉水滑洗凝脂。侍儿扶起娇无力，始是新承恩泽时。云鬓花颜金步摇，芙蓉帐暖度春宵。春宵苦短日高起，从此君王不早朝。承欢侍宴无闲暇，春从春游夜专夜。后宫佳丽三千人，三千宠爱在一身。金屋妆成娇侍夜，玉楼宴罢醉和春。姊妹弟兄皆列土，可怜光彩生门户。遂令天下父母心，不重生男重生女。骊宫高处入青云，仙乐风飘处处闻。缓歌慢舞凝丝竹，尽日君王看不足。渔阳鼙鼓动地来，惊破霓裳羽衣曲。九重城阙烟尘生，千乘万骑西南行。翠华摇摇行复止，西出都门百余里。六军不发无奈何，宛转蛾眉马前死。花钿委地无人收，翠翘金雀玉搔头。君王掩面救不得，回看血泪相和流。黄埃散漫风萧索，云栈萦纡登剑阁。峨嵋山下少人行，旌旗无光日色薄。蜀江水碧蜀山青，圣主朝朝暮暮情。行宫见月伤心色，夜雨闻铃肠断声。天旋地转回龙驭，到此踌躇不能去。(地转 一作：日转)马嵬坡下泥土中，不见玉颜空死处。君臣相顾尽沾衣，东望都门信马归。归来池苑皆依旧，太液芙蓉未央柳。芙蓉如面柳如眉，对此如何不泪垂？春风桃李花开日，秋雨梧桐叶落时。(花开日 一作：花开夜)西宫南内多秋草，落叶满阶红不扫。(南内 一作：南苑)梨园弟子白发新，椒房阿监青娥老。夕殿萤飞思悄然，孤灯挑尽未成眠。迟迟钟鼓初长夜，耿耿星河欲曙天。鸳鸯瓦冷霜华重，翡翠衾寒谁与共？悠悠生死别经年，魂魄不曾来入梦。临邛道士鸿都客，能以精诚致魂魄。为感君王辗转思，遂教方士殷勤觅。排空驭气奔如电，升天入地求之遍。上穷碧落下黄泉，两处茫茫皆不见。忽闻海上有仙山，山在虚无缥缈间。楼阁玲珑五云起，其中绰约多仙子。中有一人字太真，雪肤花貌参差是。金阙西厢叩玉扃，转教小玉报双成。闻道汉家天子使，九华帐里梦魂惊。揽衣推枕起徘徊，珠箔银屏迤逦开。云鬓半偏新睡觉，花冠不整下堂来。(云鬓 一作：云髻)风吹仙袂飘u举，犹似霓裳羽衣舞。(飘u 一作：飘飘)玉容寂寞泪阑干，梨花一枝春带雨。(阑 通：栏)含情凝睇谢君王，一别音容两渺茫。昭阳殿里恩爱绝，蓬莱宫中日月长。回头下望人寰处，不见长安见尘雾。惟将旧物表深情，钿合金钗寄将去。钗留一股合一扇，钗擘黄金合分钿。但令心似金钿坚，天上人间会相见。(但令 一作：但教)临别殷勤重寄词，词中有誓两心知。七月七日长生殿，夜半无人私语时。在天愿作比翼鸟，在地愿为连理枝。天长地久有时尽，此恨绵绵无绝期。
","译文唐玄宗爱好女色一直在寻找绝色美女， 统治全国多年竟找不到一个称心的。杨家有个女儿刚刚长大，养在深闺之中外人不知她美丽绝伦。天生丽质让她很难埋没人世间，果然没过多久便成为了唐明皇身边的一个妃嫔。她回眸一笑千姿百态娇媚横生，宫中的其他妃嫔都显得黯然失色。春季寒冷皇上赐她到华清池沐浴，温润的泉水洗涤着白嫩滋润的肌肤。宫女搀扶起她如出水芙蓉软弱娉婷，由此开始得到皇帝的恩宠。鬓发如云脸似花头戴金步摇，温暖的芙蓉帐子里与皇上共度春宵。只恨春宵太短一觉就睡到太阳高高升起，君王从此再也不早朝了。
"
琵琶行(白居易),"
元和十年，予左迁九江郡司马。明年秋，送客湓浦口，闻舟中夜弹琵琶者，听其音，铮铮然有京都声。问其人，本长安倡女，尝学琵琶于穆、曹二善才，年长色衰，委身为贾人妇。遂命酒，使快弹数曲。曲罢悯然，自叙少小时欢乐事，今漂沦憔悴，转徙于江湖间。予出官二年，恬然自安，感斯人言，是夕始觉有迁谪意。因为长句，歌以赠之，凡六百一十六言，命曰《琵琶行》。浔阳江头夜送客，枫叶荻花秋瑟瑟。主人下马客在船，举酒欲饮无管弦。醉不成欢惨将别，别时茫茫江浸月。忽闻水上琵琶声，主人忘归客不发。寻声暗问弹者谁，琵琶声停欲语迟。移船相近邀相见，添酒回灯重开宴。千呼万唤始出来，犹抱琵琶半遮面。转轴拨弦三两声，未成曲调先有情。弦弦掩抑声声思，似诉平生不得志。低眉信手续续弹，说尽心中无限事。轻拢慢捻抹复挑，初为《霓裳》后《六幺》。(六幺 一作：绿腰)大弦嘈嘈如急雨，小弦切切如私语。嘈嘈切切错杂弹，大珠小珠落玉盘。间关莺语花底滑，幽咽泉流冰下难。冰泉冷涩弦凝绝，凝绝不通声暂歇。(暂歇 一作：渐歇)别有幽愁暗恨生，此时无声胜有声。银瓶乍破水浆迸，铁骑突出刀枪鸣。曲终收拨当心画，四弦一声如裂帛。东船西舫悄无言，唯见江心秋月白。沉吟放拨插弦中，整顿衣裳起敛容。自言本是京城女，家在虾蟆陵下住。十三学得琵琶成，名属教坊第一部。曲罢曾教善才服，妆成每被秋娘妒。(服 一作：伏)五陵年少争缠头，一曲红绡不知数。钿头银篦击节碎，血色罗裙翻酒污。(银篦 一作：云篦)今年欢笑复明年，秋月春风等闲度。弟走从军阿姨死，暮去朝来颜色故。门前冷落鞍马稀，老大嫁作商人妇。商人重利轻别离，前月浮梁买茶去。去来江口守空船，绕船月明江水寒。夜深忽梦少年事，梦啼妆泪红阑干。我闻琵琶已叹息，又闻此语重唧唧。同是天涯沦落人，相逢何必曾相识！我从去年辞帝京，谪居卧病浔阳城。浔阳地僻无音乐，终岁不闻丝竹声。住近湓江地低湿，黄芦苦竹绕宅生。其间旦暮闻何物？杜鹃啼血猿哀鸣。春江花朝秋月夜，往往取酒还独倾。岂无山歌与村笛，呕哑嘲哳难为听。今夜闻君琵琶语，如听仙乐耳暂明。莫辞更坐弹一曲，为君翻作《琵琶行》。感我此言良久立，却坐促弦弦转急。凄凄不似向前声，满座重闻皆掩泣。座中泣下谁最多？江州司马青衫湿。
","译文元和十年，我被贬为九江郡司马。次年秋天，到湓浦口送客，听到邻舟有一女子在夜晚弹奏琵琶，细审那声音，铿铿锵锵颇有点京城的风味。我询问她的来历，原来是长安的乐伎，曾经跟穆、曹这两位琵琶名家学习技艺，后来年长色衰，嫁给一位商人为妻。于是我吩咐摆酒，请她尽情地弹几支曲子。她演奏完毕，神态忧伤，叙说自己年青时欢乐的往事，但如今漂泊沦落，憔悴不堪，在江湖之间飘零流浪。我出任地方官已将两年，一向心境平和，她的话却使我有所触动，这一晚竟然有被贬逐的感受。于是撰写了这首七言歌行，吟唱一番来赠送给她，一共有六百一十六字，命题
展开阅读全文 ∨
"
走马川行奉送封大夫出师(岑参),"
君不见走马川行雪海边，平沙莽莽黄入天。 轮台九月风夜吼，一川碎石大如斗，随风满地石乱走。 匈奴草黄马正肥，金山西见烟尘飞，汉家大将西出师。 将军金甲夜不脱，半夜军行戈相拨，风头如刀面如割。 马毛带雪汗气蒸，五花连钱旋作冰，幕中草檄砚水凝。 虏骑闻之应胆慑，料知短兵不敢接，车师西门伫献捷。(车师 一作：军师)
",译文您难道不曾看见吗？那辽阔的走马川紧靠着雪海边缘，茫茫无边的黄沙连接云天。轮台九月整夜里狂风怒号，到处的碎石块块大如斗，狂风吹得斗大乱石满地走。这时匈奴牧草繁茂军马肥，侵入金山西面烟尘滚滚飞，汉家的大将率兵开始征西。将军身著铠甲夜里也不脱，半夜行军戈矛彼此碰撞，凛冽寒风吹到脸上如刀割。马毛挂着雪花还汗气蒸腾，五花马的身上转眼结成冰，营幕中写檄文砚墨也冻凝。敌军听到大军出征应胆惊，料他不敢与我们短兵相接，我就在车师西门等待报捷。
轮台歌奉送封大夫出师(岑参),"
轮台城头夜吹角，轮台城北旄头落。羽书昨夜过渠黎，单于已在金山西。戍楼西望烟尘黑，汉军屯在轮台北。上将拥旄西出征，平明吹笛大军行。四边伐鼓雪海涌，三军大呼阴山动。虏塞兵气连云屯，战场白骨缠草根。剑河风急雪片阔，沙口石冻马蹄脱。(雪片阔 一作：云片阔)亚相勤王甘苦辛，誓将报主静边尘。古来青史谁不见，今见功名胜古人。
",译文轮台城头夜里吹起号角，轮台城北旄头星正降落。军书昨夜连夜送过渠黎，单于已在金山以西入侵。从哨楼向西望烟尘滚滚，汉军就屯扎在轮台北境。上将手持符节率兵西征，黎明笛声响起大军起程。战鼓四起犹如雪海浪涌，三军呐喊阴山发出共鸣。敌营阴沉杀气直冲云霄，战场上白骨还缠着草根。剑河寒风猛烈大雪鹅毛，沙口石头寒冷马蹄冻脱。亚相勤于王政甘冒辛苦，立誓报效国家平定边境。古来青垂史名屡见不鲜，如今将军功名胜过古人。
白雪歌送武判官归京(岑参),"
北风卷地白草折，胡天八月即飞雪。忽如一夜春风来，千树万树梨花开。散入珠帘湿罗幕，狐裘不暖锦衾薄。将军角弓不得控，都护铁衣冷难着。(难着 一作：犹著)瀚海阑干百丈冰，愁云惨淡万里凝。中军置酒饮归客，胡琴琵琶与羌笛。纷纷暮雪下辕门，风掣红旗冻不翻。轮台东门送君去，去时雪满天山路。山回路转不见君，雪上空留马行处。
",译文北风席卷大地吹折了白草，塞北的天空八月就飘降大雪。仿佛一夜之间春风吹来，树上犹如梨花争相开放。雪花飞进珠帘沾湿了罗幕，狐裘不保暖盖上锦被也嫌单薄。将军战士们冷得拉不开弓，铠甲冻得难以穿上。无边沙漠结着厚厚的冰，万里长空凝聚着惨淡愁云。主帅帐中摆酒为归客饯行，胡琴琵琶羌笛合奏来助兴。傍晚辕门前大雪落个不停，红旗冻僵了风也无法牵引。轮台东门外欢送你回京去，你去时大雪盖满了天山路。山路曲折已不见你的身影，雪地上只留下一行马蹄印迹。 
宣州谢x楼饯别校书叔云(李白),"
弃我去者，昨日之日不可留；乱我心者，今日之日多烦忧。长风万里送秋雁，对此可以酣高楼。蓬莱文章建安骨，中间小谢又清发。俱怀逸兴壮思飞，欲上青天揽明月。(揽 一作：览；明月 一作：日月)抽刀断水水更流，举杯消愁愁更愁。(消愁 一作：销愁)人生在世不称意，明朝散发弄扁舟。
",译文弃我而去的昨天，早已不可挽留。乱我心绪的今天，使人无限烦忧。万里长风吹送南归的鸿雁，面对此景，正可以登上高楼开怀畅饮。先生的文章颇具建安风骨，而我的诗风，也像谢I那样清新秀丽。我们都满怀豪情逸兴，飞跃的神思像要腾空而上高高的青天，去摘取那皎洁的明月。拔刀断水水却更加汹涌奔流，举杯消愁愁情上却更加浓烈。人生在世不能称心如意，不如披头散发，登上长江一叶扁舟。
庐山谣寄卢侍御虚舟(李白),"
我本楚狂人，凤歌笑孔丘。手持绿玉杖，朝别黄鹤楼。五岳寻仙不辞远，一生好入名山游。庐山秀出南斗傍，屏风九叠云锦张，影落明湖青黛光。金阙前开二峰长，银河倒挂三石梁，香炉瀑布遥相望，回崖沓嶂凌苍苍。翠影红霞映朝日，鸟飞不到吴天长。登高壮观天地间，大江茫茫去不还。黄云万里动风色，白波九道流雪山。好为庐山谣，兴因庐山发。闲窥石镜清我心，谢公行处苍苔没。早服还丹无世情，琴心三叠道初成。遥见仙人彩云里，手把芙蓉朝玉京。先期汗漫九垓上，愿接卢敖游太清。
","译文我本是像那个接舆楚狂人，高声唱着凤歌去嘲笑孔丘。手里拿一根镶绿玉的棍杖，大清早辞别著名的黄鹤楼。攀登五岳寻仙道不畏路远，这一生就喜欢踏上名山游。秀美的庐山挺拔在南斗旁，九叠云屏像锦绣云霞铺张，湖光山影相互映照泛青光。金阙岩前双峰矗立入云端，三石梁瀑布有如银河倒挂，飞泻而下。香炉峰瀑布与它遥遥相望，重崖叠嶂耸云霄莽莽苍苍。翠云红霞与朝阳相互辉映，鸟儿也飞不过吴天广又长。登高远望天地间壮观景象，大江悠悠东流去永不回还。天上万里黄云变动着风色，江流波涛九道如雪山奔淌。我喜
"
梦游天姥吟留别(李白),"
海客谈瀛洲，烟涛微茫信难求；越人语天姥，云霞明灭或可睹。天姥连天向天横，势拔五岳掩赤城。天台四万八千丈，对此欲倒东南倾。(四万 一作：一万)我欲因之梦吴越，一夜飞度镜湖月。湖月照我影，送我至剡溪。谢公宿处今尚在，渌水荡漾清猿啼。脚著谢公屐，身登青云梯。半壁见海日，空中闻天鸡。千岩万转路不定，迷花倚石忽已暝。熊咆龙吟殷岩泉，栗深林兮惊层巅。云青青兮欲雨，水澹澹兮生烟。列缺霹雳，丘峦崩摧。洞天石扉，訇然中开。青冥浩荡不见底，日月照耀金银台。 霓为衣兮风为马，云之君兮纷纷而来下。虎鼓瑟兮鸾回车，仙之人兮列如麻。忽魂悸以魄动，恍惊起而长嗟。惟觉时之枕席，失向来之烟霞。世间行乐亦如此，古来万事东流水。别君去兮何时还？且放白鹿青崖间，须行即骑访名山。安能摧眉折腰事权贵，使我不得开心颜！
","译文听海外来客们谈起瀛洲，在烟波浩渺的遥远地方，实在难以找到。越中来人说起天姥山，在云霞的明灭掩映之间有时候能看见。天姥山高耸入云，连着天际，横向天外；山势高峻超过五岳，遮掩过赤城山。天姥山极为高峻，就连四万八千丈高的天台山，面对着它好像要向东南倾斜拜倒一样。我想根据越人说的话梦游到吴越，一天夜晚飞渡过明月映照下的镜湖。镜湖上的月光照着我的身影，一直送我到剡溪。谢灵运住的地方如今还在，清澈的湖水荡漾，猿猴清啼。我脚上穿着谢公当年特制的木鞋，攀登直上云霄的山路。上到半山腰就看见了从海
"
金陵酒肆留别(李白),"
风吹柳花满店香，吴姬压酒劝客尝。(劝客 一作：唤客)金陵子弟来相送，欲行不行各尽觞。请君试问东流水，别意与之谁短长？
",译文春风吹起柳絮酒店满屋飘香，侍女捧出美酒，劝我细细品尝。金陵年轻朋友纷纷赶来相送。欲走还留之间，各自畅饮悲欢。请你问问东流江水，离情别意与它比谁短谁长？
韩碑(李商隐),"
元和天子神武姿，彼何人哉轩与羲。誓将上雪列圣耻，坐法宫中朝四夷。淮西有贼五十载，封狼生生罴。不据山河据平地，长戈利矛日可麾。帝得圣相相曰度，贼斫不死神扶持。腰悬相印作都统，阴风惨澹天王旗。逦涔磐ㄗ餮雷Γ仪曹外郎载笔随。 行军司马智且勇，十四万众犹虎貔。入蔡缚贼献太庙，功无与让恩不訾。帝曰汝度功第一，汝从事愈宜为辞。愈拜稽首蹈且舞，金石刻画臣能为。古者世称大手笔，此事不系于职司。当仁自古有不让，言讫屡颔天子颐。公退斋戒坐小阁，濡染大笔何淋漓。点窜《尧典》《舜典》字，涂改《清庙》《生民》诗。文成破体书在纸，清晨再拜铺丹墀。表曰臣愈昧死上，咏神圣功书之碑。碑高三丈字如斗，负以灵鳌蟠以螭。句奇语重喻者少，谗之天子言其私。长绳百尺拽碑倒，粗砂大石相磨治。公之斯文若元气，先时已入人肝脾。汤盘孔鼎有述作，今无其器存其辞。呜呼圣王及圣相，相与@赫流淳熙。公之斯文不示后，曷与三五相攀追。愿书万本诵万遍，口角流沫右手胝。传之七十有二代，以为封禅玉检明堂基。
","译文元和天子禀赋神武英姿，可比古来的轩辕、伏羲。他立誓要洗雪历代圣王的耻辱，坐镇皇宫接受四夷的贡礼。淮西逆贼为祸五十年，割据一方世代绵延。自恃强大，不去占山河却来割据平地；梦想挥戈退日，胆敢反叛作乱。圣君得到贤相名叫裴度，逆贼暗杀未成，自有神灵卫护。他腰悬相印，统兵上战场，天子的军旗在寒风中飘扬。得力的将官有、武、古、通，仪曹外郎任书记随军出征；还有那智勇双全的行军司马韩愈，十四万大军，龙腾虎跃陷阵冲锋。攻下了蔡州，擒住叛贼献俘太庙，功业盖世皇上加恩无限；天子宣布裴度功劳第一，命令韩愈撰写赞辞。韩愈在朝堂拜舞行礼接受诏命说歌功的文章他能够胜任。从来撰述
"
听董大弹胡笳声兼寄语(李颀),"
蔡女昔造胡笳声，一弹一十有八拍。胡人落泪沾边草，汉使断肠对归客。古戍苍苍烽火寒，大荒沉沉飞雪白。(沉沉 一作：阴沉)先拂商弦后角羽，四郊秋叶惊骸６夫子，通神明，深山窃听来妖精。言迟更速皆应手，将往复旋如有情。空山百鸟散还合，万里浮云阴且晴。嘶酸雏雁失群夜，断绝胡儿恋母声。川为静其波，鸟亦罢其鸣。乌孙部落家乡远，逻娑沙尘哀怨生。幽音变调忽飘洒，长风吹林雨堕瓦。迸泉飒飒飞木末，野鹿呦呦走堂下。长安城连东掖垣，凤凰池对青琐门。高才脱略名与利，日夕望君抱琴至。
","韵译当年蔡琰曾作胡笳琴曲，弹奏此曲总共有十八节。胡人听了泪落沾湿边草，汉使对着归客肝肠欲绝。边城苍苍茫茫烽火无烟，草原阴阴沉沉白雪飘落。先弹轻快曲后奏低沉调，四周秋叶受惊瑟瑟凋零。董先生通神明琴技高妙，深林鬼神也都出来偷听。慢揉快拨十分得心应手，往复回旋仿佛声中寓情。声如山中百鸟散了又集，曲似万里浮云暗了又明。象失群的雏雁夜里嘶叫，象胡儿恋母痛绝的哭声。江河听曲而平息了波澜，百鸟闻声也停止了啼鸣。仿佛乌孙公主远怀故乡，宛如文成公主之怨吐蕃。幽咽琴声忽转轻松潇
"
听安万善吹v篥歌(李颀),"
南山截竹为v篥，此乐本自龟兹出。流传汉地曲转奇，凉州胡人为我吹。傍邻闻者多叹息，远客思乡皆泪垂。世人解听不解赏，长飙风中自来往。枯桑老柏寒飕v，九雏鸣凤乱啾啾。龙吟虎啸一时发，万籁百泉相与秋。忽然更作渔阳掺，黄云萧条白日暗。变调如闻杨柳春，上林繁花照眼新。岁夜高堂列明烛，美酒一杯声一曲。
",译文从南山截段竹筒做成v篥，这种乐器本来是出自龟兹。 流传到汉地曲调变得新奇，凉州胡人安万善为我奏吹。 座旁的听者个个感慨叹息，思乡的游客人人悲伤落泪。 世人只晓听曲不懂得欣赏，乐人就像独行于暴风之中。 又像风吹枯桑老柏沙沙响，还像九只雏凤鸣叫啾啾啼。 好似龙吟虎啸同时都爆发，又如万籁齐响秋天百泉汇。 忽然变调成低沉悲壮的渔阳掺，顿使白日转昏暗乌云翻飞。 再变如同杨柳枝热闹欢快，仿佛看到上林苑繁花似锦。 除夕夜高堂上明烛放光芒，喝杯美酒再欣赏一曲v篥。
古意(李颀),"
男儿事长征，少小幽燕客。赌胜马蹄下，由来轻七尺。杀人莫敢前，须如猬毛磔。黄云陇底白云飞，未得报恩不得归。辽东小妇年十五，惯弹琵琶解歌舞。今为羌笛出塞声，使我三军泪如雨。
",译文男子汉当以国事为重，从军远征，从小就在幽燕纵横驰骋。经常与人在马上比试胜负，从不珍惜七尺身躯。奋勇搏杀，没人敢上前招应；气宇轩昂，脸上的胡子像刺猬的毛丛生。陇下黄沙弥漫，上面白云飘飞，未报朝廷恩情怎能轻易言归。辽东少妇年方十五，她弹熟了琵琶能歌善舞。今日用羌笛吹一支出塞乐曲，感动得全军将士泪下如雨。
送陈章甫(李颀),"
四月南风大麦黄，枣花未落桐阴长。(阴 一作：叶)青山朝别暮还见，嘶马出门思旧乡。陈侯立身何坦荡，虬须虎眉仍大颡。腹中贮书一万卷，不肯低头在草莽。东门酤酒饮我曹，心轻万事如鸿毛。醉卧不知白日暮，有时空望孤云高。长河浪头连天黑，津口停舟渡不得。郑国游人未及家，洛阳行子空叹息。闻道故林相识多，罢官昨日今如何。
",译文四月南风吹大麦一片金黄，枣花未落梧桐荫已遮满道路。早晨辞别青山晚上又相见，出门闻马鸣令我想念故乡。陈侯的立身处世襟怀坦荡，虬须虎眉前额宽仪表堂堂。你胸藏诗书万卷学问深广，怎么能够低头埋没在草莽。在城东门买酒同我们畅饮，心宽看万事都如鸿毛一样。喝醉酒酣睡不知天已黄昏，有时独自将天上孤云眺望。今日黄河波浪汹涌连天黑，行船在渡口停驻不敢过江。你这郑国的游人不能返家，我这洛阳的行子空自叹息。听说你在家乡旧相识很多，罢官回去他们如何看待你？
琴歌(李颀),"
主人有酒欢今夕，请奏鸣琴广陵客。月照城头乌半飞，霜凄万树风入衣。(万树 一作：万木)铜炉华烛烛增辉，初弹渌水后楚妃。一声已动物皆静，四座无言星欲稀。清淮奉使千余里，敢告云山从此始。
",译文主人摆酒今晚大家欢聚，琴师拨动琴弦助兴酒宴。明月照向城头乌鸦纷飞，寒霜降临寒风吹透衣衫。炉火暖融融华烛添光辉。艺人先弹《渌水》后奏《楚妃》。他的琴声一响万物寂静，四座无言屏气凝神倾听。奉命去远离乡关清淮，敬告大家我要归隐云山。
古柏行(杜甫),"
孔明庙前有老柏，柯如青铜根如石。霜皮溜雨四十围，黛色参天二千尺。君臣已与时际会，树木犹为人爱惜。云来气接巫峡长，月出寒通雪山白。忆昨路绕锦亭东，先主武侯同s宫。崔嵬枝干郊原古，窈窕丹青户牖空。落落盘踞虽得地，冥冥孤高多烈风。扶持自是神明力，正直原因造化工。大厦如倾要梁栋，万牛回首丘山重。不露文章世已惊，未辞翦伐谁能送？苦心岂免容蝼蚁，香叶终经宿鸾凤。志士幽人莫怨嗟：古来材大难为用。
","译文孔明庙前有一株古老的柏树，枝干色如青铜根柢固如盘石。树皮洁白润滑树干有四十围，青黑色朝天耸立足有二千尺。刘备孔明君臣遇合与时既往，至今树木犹在仍被人们爱惜。柏树高耸云雾飘来气接巫峡，月出寒光高照寒气直通岷山。想昔日小路环绕我的草堂东，先生庙与武侯祠在一个s宫。柏树枝干崔嵬郊原增生古致，庙宇深邃漆绘连绵门窗宽空。古柏独立高耸虽然盘踞得地，但是位高孤傲必定多招烈风。它得到扶持自然是神明伟力，它正直伟岸原于造物者之功。大厦如若倾倒要有梁栋支撑，古柏重如丘山万牛也难拉动。它
"
韦讽录事宅观曹将军画马(杜甫),"
国初已来画鞍马，神妙独数江都王。将军得名三十载，人间又见真乘黄。曾貌先帝照夜白，龙池十日飞霹雳。内府殷红玛瑙盘，婕妤传诏才人索。盘赐将军拜舞归，轻纨细绮相追飞。贵戚权门得笔迹，始觉屏障生光辉。昔日太宗拳毛m，近时郭家狮子花。今之新图有二马，复令识者久叹嗟。此皆骑战一敌万，缟素漠漠开风沙。其余七匹亦殊绝，迥若寒空动烟雪。霜蹄蹴踏长楸间，马官厮养森成列。可怜九马争神骏，顾视清高气深稳。借问苦心爱者谁，后有韦讽前支遁。忆昔巡幸新丰宫，翠华拂天来向东。腾骧磊落三万匹，皆与此图筋骨同。自从献宝朝河宗，无复射蛟江水中。君不见金粟堆前松柏里，龙媒去尽鸟呼风。
","译文开国以来善画鞍马的画家中，画技最精妙传神只数江都王。曹将军画马出名已有三十载，人间又见古代真正神马“乘黄”。他曾描绘玄宗先帝的“照夜白”，画得象池龙腾飞十日声如雷。皇宫内库珍藏的殷红玛瑙盘，婕妤传下御旨才人将它取来。将军接受赐盘叩拜皇恩回归，轻纨细绮相继赐来快速如飞。贵戚们谁得到曹将军亲笔迹，谁就觉得府第屏障增加光辉。当年唐太宗著名宝马“拳毛?”。近代郭子仪家中好驹“狮子花”。而今新画之中就有这两匹马，使得识马的人久久感慨赞夸。这都是战骑以一胜万的好马，展开画绢如见奔马扬起风沙
"
丹青引赠曹霸将军(杜甫),"
将军魏武之子孙，于今为庶为清门。英雄割据虽已矣，文采风流今尚存。学书初学卫夫人，但恨无过王右军。丹青不知老将至，富贵于我如浮云。开元之中常引见，承恩数上南薰殿。凌烟功臣少颜色，将军下笔开生面。良相头上进贤冠，猛将腰间大羽箭。褒公鄂公毛发动，英姿飒爽来酣战。先帝天马玉花骢，画工如山貌不同。是日牵来赤墀下，迥立阊阖生长风。诏谓将军拂绢素，意匠惨澹经营中。斯须九重真龙出，一洗万古凡马空。玉花却在御榻上，榻上庭前屹相向。至尊含笑催赐金，圉人太仆皆惆怅。弟子韩干早入室，亦能画马穷殊相。干惟画肉不画骨，忍使骅骝气凋丧。将军画善盖有神，必逢佳士亦写真。即今漂泊干戈际，屡貌寻常行路人。途穷反遭俗眼白，世上未有如公贫。但看古来盛名下，终日坎安其身。
","译文曹将军是魏武帝曹操后代子孙，而今却沦为平民百姓成为寒门。英雄割据的时代一去不复返了，曹家文章丰采却在你身上留存。当年为学书法你先拜师卫夫人，只恨得没有超过王羲之右将军。你毕生专攻绘画不知老之将至，荣华富贵对于你却如空中浮云。开元年间你常常被唐玄宗召见，承恩载德你曾多次登上南薰殿。凌烟阁的功臣画象年久褪颜色，曹将军你挥笔重画又别开生面。良相们的头顶都戴上了进贤冠，猛将们的腰间皆佩带着大羽箭。褒公鄂公的毛发似乎都在抖动，他们英姿飒爽好象是正在酣战。开元时先帝的天马名叫玉花骢，多少画家画出的都与原貌不同。当天玉花骢被牵到殿中红阶下，昂首屹立宫门更增添它的威风。皇上命令你展开丝绢
"
寄韩谏议(杜甫),"
今我不乐思岳阳，身欲奋飞病在床。美人娟娟隔秋水，濯足洞庭望八荒。鸿飞冥冥日月白，青枫叶赤天雨霜。玉京群帝集北斗，或骑麒麟翳凤凰。芙蓉旌旗烟雾落，影动倒景摇潇湘。星宫之君醉琼浆，羽人稀少不在旁。似闻昨者赤松子，恐是汉代韩张良。昔随刘氏定长安，帷幄未改神惨伤。国家成败吾岂敢，色难腥腐餐枫香。周南留滞古所惜，南极老人应寿昌。美人胡为隔秋水，焉得置之贡玉堂。
",译文眼下我心情不佳是思念岳阳，身体想要奋飞疾病逼我卧床。隔江的韩注他品行多么美好，常在洞庭洗足放眼望八方。鸿鹄已高飞远空在日月之间，青枫树叶已变红秋霜已下降。玉京山众仙们聚集追随北斗，有的骑着麒麟有的驾着凤凰。芙蓉般的旌旗被烟雾所淹没，潇湘荡着涟漪倒影随波摇晃。星宫中的仙君沉醉玉露琼浆，羽衣仙人稀少况且不在近旁。听说他仿佛是昔日的赤松子，恐怕是更象汉初韩国的张良。当年他随刘邦建业定都长安，运筹帷幄之心未改精神惨伤。国家事业成败岂敢坐视观望，厌恶腥腐世道宁可餐食枫香。太史公留滞周南古来被痛惜，但愿他象南极寿星长泰永昌。品行高洁之人为何远隔江湖，怎么才能将他置于未央宫上？
夜归鹿门山歌(孟浩然),"
山寺钟鸣昼已昏，渔梁渡头争渡喧。人随沙岸向江村，余亦乘舟归鹿门。鹿门月照开烟树，忽到庞公栖隐处。岩扉松径长寂寥，惟有幽人自来去。
",译文黄昏时山寺的钟声在山谷中回响，渔梁渡口处人们争着过河，喧闹不已。人们沿着沙岸向江村走过去，我也乘坐一叶小舟返回鹿门。鹿门山在月光映照下山树渐渐显现出来，好似忽然来到了庞公隐居之地。相对的山岩和松间小路幽幽静静，只有隐居的人在此来来去去。
渔翁(柳宗元),"
渔翁夜傍西岩宿，晓汲清湘燃楚竹。烟销日出不见人，G乃一声山水绿。回看天际下中流，岩上无心云相逐。
",译文渔翁晚上停船靠着西山歇宿，早上汲取清澈的湘水，以楚竹为柴做饭。旭日初升，云雾散尽四周悄然无声，渔翁摇橹的声音从碧绿的山水中传出。回身一看，他已驾舟行至天际中流，山岩顶上，只有无心白云相互追逐。
登幽州台歌(陈子昂),"
前不见古人，后不见来者。念天地之悠悠，独怆然而涕下！
",译文往前不见古代礼贤下士的圣君，向后不见后世求才的明君。想到只有那苍茫天地悠悠无限，自己止不住满怀悲伤热泪纷纷。
石鼓歌(韩愈),"
张生手持石鼓文，劝我试作石鼓歌。少陵无人谪仙死，才薄将奈石鼓何。周纲凌迟四海沸，宣王愤起挥天戈。大开明堂受朝贺，诸侯剑佩鸣相磨。L于岐阳骋雄俊，万里禽兽皆遮罗。镌功勒成告万世，凿石作鼓隳嵯峨。从臣才艺咸第一，拣选撰刻留山阿。雨淋日炙野火燎，鬼物守护烦趾恰９从何处得纸本，毫发尽备无差讹。辞严义密读难晓，字体不类隶与蝌。年深岂免有缺画，快剑斫断生蛟鼍。鸾翔凤翥众仙下，珊瑚碧树交枝柯。金绳铁索锁钮壮，古鼎跃水龙腾梭。陋儒编诗不收入，二雅褊迫无委蛇。孔子西行不到秦，掎摭星宿遗羲娥。嗟余好古生苦晚，对此涕泪双滂沱。忆昔初蒙博士征，其年始改称元和。故人从军在右辅，为我度量掘臼科。濯冠沐浴告祭酒，如此至宝存岂多。毡包席裹可立致，十鼓只载数骆驼。荐诸太庙比郜鼎，光价岂止百倍过。圣恩若许留太学，诸生讲解得切磋。观经鸿都尚填咽，坐见举国来奔波。剜苔剔藓露节角，安置妥帖平不颇。大厦深檐与盖覆，经历久远期无佗。中朝大官老于事，讵肯感激徒j婀。牧童敲火牛砺角，谁复著手为摩挲。日销月铄就埋没，六年西顾空吟哦。羲之俗书趁姿媚，数纸尚可博白鹅。继周八代争战罢，无人收拾理则那。方今太平日无事，柄任儒术崇丘轲。安能以此尚论列，愿借辩口如悬河。石鼓之歌止于此，呜呼吾意其蹉跎。
","译文张生手拿周朝石鼓文的拓本，劝我写一首咏赞它的石鼓歌。杜甫李白才华盖世但都作古，薄才之人面对石鼓无可奈何。周朝政治衰败全国动荡不安，周宣王发愤起兵挥起了天戈。庆功之时大开明堂接受朝贺，诸侯接踵而至剑佩叮当撞磨。宣王田猎驰骋岐阳多么英俊，四方禽兽无处躲藏都被网罗。为把英雄功业刻石扬名万世，凿山石雕石鼓毁坏高山嵯峨。随从之臣才艺都是世上第一，挑选优秀撰写刻石放在山坡。任凭长年雨打日晒野火焚烧，仗着鬼神守护石鼓永不湮没。你从哪里得来这拓本的底稿？丝毫都很完备一点也无差错。言
"
山石(韩愈),"
山石荦确行径微，黄昏到寺蝙蝠飞。升堂坐阶新雨足，芭蕉叶大栀子肥。僧言古壁佛画好，以火来照所见稀。铺床拂席置羹饭，疏粝亦足饱我饥。夜深静卧百虫绝，清月出岭光入扉。天明独去无道路，出入高下穷烟霏。山红涧碧纷烂漫，时见松枥皆十围。当流赤足踏涧石，水声激激风吹衣。人生如此自可乐，岂必局束为人Z？嗟哉吾党二三子，安得至老不更归。
","译文山石峥嵘险峭，山路狭窄像羊肠，蝙蝠穿飞的黄昏，来到这座庙堂。登上庙堂坐台阶，刚下透雨一场，经雨芭蕉枝粗叶大，山栀更肥壮。僧人告诉我说，古壁佛画真堂皇，用火把照看，迷迷糊糊看不清爽。为我铺好床席，又准备米饭菜汤，饭菜虽粗糙，却够填饱我的饥肠。夜深清静好睡觉，百虫停止吵嚷，明月爬上了山头，清辉泻入门窗。天明我独自离去，无法辨清路向，出入雾霭之中，我上下摸索踉跄。山花鲜红涧水碧绿，光泽又艳繁，时见松栎粗大十围，郁郁又苍苍。遇到涧流当道，光着脚板踏石淌，水声激激风飘飘，掀起我的衣裳。人
"
八月十五夜赠张功曹(韩愈),"
纤云四卷天无河，清风吹空月舒波。沙平水息声影绝，一杯相属君当歌。君歌声酸辞且苦，不能听终泪如雨。洞庭连天九疑高，蛟龙出没猩鼯号。十生九死到官所，幽居默默如藏逃。下床畏蛇食畏药，海气湿蛰熏腥臊。昨者州前捶大鼓，嗣皇继圣登夔皋。赦书一日行万里，罪从大辟皆除死。迁者追回流者还，涤瑕荡垢清朝班。州家申名使家抑，坎轲只得移荆蛮。判司卑官不堪说，未免捶楚尘埃间。同时辈流多上道，天路幽险难追攀。君歌且休听我歌，我歌今与君殊科。一年明月今宵多，人生由命非由他。有酒不饮奈明何。
","译文薄云四处飘散还不见银河，清风吹开云雾月光放清波。沙滩里水平波息声影消失，斟杯美酒相劝请你唱支歌。你的歌声酸楚歌辞也悲苦，没有听完热泪就纷纷下落。洞庭湖水连天九疑山高峻，湖中的蛟龙出没猩鼯哀号。九死一生到达这被贬官所，默默地幽居远地好像潜逃。下床怕蛇咬吃饭又怕毒药，潮气与毒气相杂到处腥臊。昨日州衙前忽然擂动大鼓，新皇继位要举用夔和皋陶。大赦文书一日万里传四方，犯有死罪的一概免除死刑。被贬谪的召回放逐的回朝，革除弊政要剪除朝中奸佞。刺史提名赦免观察使扣压，命运坎坷只能够
"
谒衡岳庙遂宿岳寺题门楼(韩愈),"
五岳祭秩皆三公，四方环镇嵩当中。火维地荒足妖怪，天假神柄专其雄。喷云泄雾藏半腹，虽有绝顶谁能穷？我来正逢秋雨节，阴气晦昧无清风。潜心默祷若有应，岂非正直能感通！须臾静扫众峰出，仰见突兀撑青空。紫盖连延接天柱，石廪腾掷堆祝融。森然魄动下马拜，松柏一径趋灵宫。粉墙丹柱动光彩，鬼物图画填青红。升阶伛偻荐脯酒，欲以菲薄明其衷。庙令老人识神意，睢盱侦伺能鞠躬。手持杯导我掷，云此最吉余难同。窜逐蛮荒幸不死，衣食才足甘长终。侯王将相望久绝，神纵欲福难为功。夜投佛寺上高阁，星月掩映云o。猿鸣钟动不知曙，杲杲寒日生于东。
","译文祭五岳典礼如同祭祀三公，五岳中四山环绕嵩山居中。衡山地处荒远多妖魔鬼怪，上天授权南岳神赫赫称雄。半山腰喷泄云雾迷迷茫茫，虽然有绝顶谁能登上顶峰。我来这里正逢秋雨绵绵时，天气阴暗没有半点儿清风。心里默默祈祷仿佛有应验，岂非为人正直能感应灵通？片刻云雾扫去显出众峰峦，抬头仰望山峰突兀插云空。紫盖峰绵延连接着天柱峰，石廪山起伏不平连着祝融。严森险峻惊心动魄下马拜，沿着松柏小径直奔神灵宫。粉色墙映衬红柱光彩夺目，壁柱上鬼怪图画或青或红。登上台阶弯腰奉献上酒肉，想借菲薄祭品表
"
凉州词(王之涣),"
黄河远上白云间，一片孤城万仞山。羌笛何须怨杨柳，春风不度玉门关。
",译文黄河好像从白云间奔流而来，玉门关孤独地耸峙在高山中。何必用羌笛吹起那哀怨的《杨柳曲》去埋怨春光迟迟不来呢，原来玉门关一带春风是吹不到的啊！
出塞・秦时明月汉时关(王昌龄),"
秦时明月汉时关，万里长征人未还。但使龙城飞将在，不教胡马度阴山。
",译文依旧是秦汉时期的明月和边关，守边御敌鏖战万里征夫未回还。只要龙城的飞将李广如今还在，一定不会让敌人的铁蹄踏过阴山。
塞上曲・蝉鸣空桑林(王昌龄),"
蝉鸣空桑林，八月萧关道。出塞入塞寒，处处黄芦草。从来幽并客，皆共尘沙老。莫学游侠儿，矜夸紫骝好。
",译文知了在枯秃的桑林鸣叫，八月的萧关道气爽秋高。出塞后再入塞气候变冷，关内关外尽是黄黄芦草。自古来河北山西的豪杰，都与尘土黄沙伴随到老。莫学那自恃勇武游侠儿，自鸣不凡地把骏马夸耀。
塞下曲・饮马渡秋水(王昌龄),"
饮马渡秋水，水寒风似刀。平沙日未没，黯黯见临洮。昔日长城战，咸言意气高。黄尘足今古，白骨乱蓬蒿。
",译文牵马饮水渡过了那大河，水寒刺骨秋风如剑如刀。沙场广袤夕阳尚未下落，昏暗中看见遥远的临洮。当年长城曾经一次鏖战，都说戍边战士的意气高。自古以来这里黄尘迷漫，遍地白骨零乱夹着野草。
长信怨(王昌龄),"
金井梧桐秋叶黄，珠帘不卷夜来霜。熏笼玉枕无颜色，卧听南宫清漏长。
高殿秋砧响夜阑，霜深犹忆御衣寒。银灯青琐裁缝歇，还向金城明主看。
奉帚平明金殿开，暂将团扇共徘徊。玉颜不及寒鸦色，犹带昭阳日影来。
真成薄命久寻思，梦见君王觉后疑。火照西宫知夜饮，分明复道奉恩时。
长信宫中秋月明，昭阳殿下捣衣声。白露堂中细草迹，红罗帐里不胜情。
",译文金井边的梧桐秋叶渐黄，珠帘不卷可知夜里飞霜。熏笼玉枕有如容颜憔悴，静卧愁听南宫漏声悠长。
渭城曲(王维),"
渭城朝雨徘岢荆客舍青青柳色新。劝君更尽一杯酒，西出阳关无故人。
",译文渭城早晨一场春雨沾湿了轻尘，客舍周围柳树的枝叶翠嫩一新。老朋友请你再干一杯美酒，向西出了阳关就难以遇到故旧亲人。
秋夜曲(王维),"
桂魄初生秋露微，轻罗已薄未更衣。银筝夜久殷勤弄，心怯空房不忍归。
",译文一轮秋月刚刚升起秋露初生，罗衣已显单薄却懒得更换别的衣裳。更深夜阑还在殷勤拨弄银筝，原来是怕空房寂寞不忍回归。
洛阳女儿行(王维),"
洛阳女儿对门居，才可颜容十五余。良人玉勒乘骢马，侍女金盘脍鲤鱼。画阁朱楼尽相望，红桃绿柳垂檐向。罗帷送上七香车，宝扇迎归九华帐。狂夫富贵在青春，意气骄奢剧季伦。自怜碧玉亲教舞，不惜珊瑚持与人。春窗曙灭九微火，九微片片飞花琐。戏罢曾无理曲时，妆成祗是熏香坐。城中相识尽繁华，日夜经过赵李家。谁怜越女颜如玉，贫贱江头自浣纱。
","译文洛阳有一位女子住在我家对门，正当十五六的芳年容颜非常美丽。她的丈夫骑一匹青白相间的骏马，马具镶嵌着珍贵的美玉。她的婢女捧上黄金的盘子，里面盛着烹制精细的鲤鱼。她家彩绘朱漆的楼阁一幢幢遥遥相望，红桃绿柳在廊檐下排列成行。她乘坐的车子是用七种香木做成，绫罗的帷幔装在车上。仆从们举着羽毛的扇子，把她迎回绣着九花图案的彩帐。她的丈夫青春年少正得志，骄奢更胜过石季伦。他亲自教授心爱的姬妾学习舞蹈，名贵的珊瑚树随随便便就送给别人。他们彻夜寻欢作乐，窗上现出曙光才熄去灯火，灯花的碎屑片片落在雕镂的窗棱。
"
老将行(王维),"
少年十五二十时，步行夺得胡马骑。(夺得 一作：夺取)射杀山中白额虎，肯数邺下黄须儿！一身转战三千里，一剑曾当百万师。汉兵奋迅如霹雳，虏骑崩腾畏蒺藜。卫青不败由天幸，李广无功缘数奇。自从弃置便衰朽，世事蹉跎成白首。昔时飞箭无全目，今日垂杨生左肘。路旁时卖故侯瓜，门前学种先生柳。苍茫古木连穷巷，寥落寒山对虚牖。(苍茫 一作：茫茫)誓令疏勒出飞泉，不似颍川空使酒。贺兰山下阵如云，羽檄交驰日夕闻。节使三河募年少，诏书五道出将军。试拂铁衣如雪色，聊持宝剑动星文。愿得燕弓射大将，耻令越甲鸣吾君。(大将 一作：天将)莫嫌旧日云中守，犹堪一战取功勋。
","译文当年十五二十岁青春之时，徒步就能夺得胡人战马骑。年轻力壮射杀山中白额虎，数英雄岂止邺下的黄须儿？身经百战驰骋疆场三千里，曾以一剑抵当了百万雄师。汉军声势迅猛如惊雷霹雳，虏骑互相践踏是怕遇蒺藜。卫青不败是由于天神辅助，李广无功却缘于命运不济。自被摈弃不用便开始衰朽，世事随时光流逝人成白首。当年象后羿飞箭射雀无目，如今不操弓疡瘤生于左肘。象故侯流落为民路旁卖瓜，学陶令门前种上绿杨垂柳。古树苍茫一直延伸到深巷，寥落寒山空对冷寂的窗牖。誓学耿恭在疏勒祈井得泉，不做颍川灌夫为
"
桃源行(王维),"
渔舟逐水爱山春，两岸桃花夹古津。坐看红树不知远，行尽青溪不见人。(不见 一作：忽值)山口潜行始隈T，山开旷望旋平陆。遥看一处攒云树，近入千家散花竹。樵客初传汉姓名，居人未改秦衣服。居人共住武陵源，还从物外起田园。月明松下房栊静，日出云中鸡犬喧。惊闻俗客争来集，竞引还家问都邑。平明闾巷扫花开，薄暮渔樵乘水入。初因避地去人间，及至成仙遂不还。峡里谁知有人事，世中遥望空云山。不疑灵境难闻见，尘心未尽思乡县。出洞无论隔山水，辞家终拟长游衍。自谓经过旧不迷，安知峰壑今来变。当时只记入山深，青溪几度到云林。春来遍是桃花水，不辨仙源何处寻。
","译文渔舟顺溪而下，追寻那美妙的春景，夹岸桃花映红了古渡口两旁。花树缤纷，忘记了路程远近；行到青溪尽处，忽然隐约似见人烟。走入了幽深曲折的山口，再往前，豁然开朗一片平川。远望去丛丛绿树有如云霞绮聚集，进村见户户门前翠竹鲜花掩映。第一次才听说汉以后的朝代，村民穿戴的还是秦代衣装。他们世代聚居在武陵源，在这里共建了世外田园。明月朗照，松下房栊寂静；旭日升起，村中鸡犬声响起。村人惊讶地把外客迎接，争相邀请，询问那世上的消息。清晨的街巷，家家打扫花径；傍晚的溪边，渔樵乘船回村。当初因避乱世逃出尘寰，寻到这桃源仙境便不归还。从此隐居峡谷，再不管外间变化；世人求访异境，不过是空望云山。渔人
"
清平调・云想衣裳花想容(李白),"
云想衣裳花想容，春风拂槛露华浓。 若非群玉山头见，会向瑶台月下逢。
",译文见到云就联想到她华艳的衣裳，见到花就联想到她艳丽的容貌；春风吹拂栏杆，露珠润泽花色更浓。如此天姿国色，不是群玉山头所见的飘飘仙子，就是瑶台殿前月光照耀下的神女。
清平调・一枝红艳露凝香(李白),"
一枝艳露凝香，云雨巫山枉断肠。(艳 一作：红艳)借问汉宫谁得似，可怜飞燕倚新妆。
",译文贵妃真是一枝带露牡丹，艳丽凝香，楚王神女巫山相会，枉然悲伤断肠。请问汉宫得宠妃嫔，谁能和她相像？可爱无比的赵飞燕，还得依仗新妆！ 
清平调・名花倾国两相欢(李白),"
名花倾国两相欢，长得君王带笑看。(长得 一作：常得)解释春风无限恨，沉香亭北倚阑干。
",译文绝代佳人与红艳牡丹相得益彰，常常使得君王满面笑容不停观看。在沉香亭北共同倚靠着栏杆，动人姿色似春风能消无限春愁春恨。
行路难・金樽清酒斗十千(李白),"
金樽清酒斗十千，玉盘珍羞直万钱。(羞 同：馐；直 同：值)停杯投箸不能食，拔剑四顾心茫然。欲渡黄河冰塞川，将登太行雪满山。(雪满山 一作：雪暗天)闲来垂钓碧溪上，忽复乘舟梦日边。(碧 一作：坐)行路难，行路难，多歧路，今安在？长风破浪会有时，直挂云帆济沧海。
",译文金杯中的美酒一斗价十千，玉盘里的菜肴珍贵值万钱。心中郁闷，我放下杯筷不愿进餐；拔出宝剑环顾四周，心里一片茫然。想渡黄河，冰雪却冻封了河川；想登太行山，莽莽风雪早已封山。像姜尚垂钓溪，闲待东山再起；又像伊尹做梦，他乘船经过日边。人生道路多么艰难，多么艰难；歧路纷杂，如今又身在何处？相信乘风破浪的时机总会到来，到时定要扬起征帆，横渡沧海！
行路难・大道如青天(李白),"
大道如青天，我独不得出。羞逐长安社中儿，赤鸡白雉赌梨栗。弹剑作歌奏苦声，曳裾王门不称情。淮阴市井笑韩信，汉朝公卿忌贾生。君不见昔时燕家重郭隗，拥_折节无嫌猜。剧辛乐毅感恩分，输肝剖胆效英才。昭王白骨萦蔓草，谁人更扫黄金台？行路难，归去来！
",译文人生道路如此宽广，唯独我没有出路。我不愿意追随长安城中的富家子弟，去搞斗鸡走狗一类的赌博游戏。像冯谖那样弹剑作歌发牢骚，在权贵之门卑躬屈节是不合我心意的。当年淮阴市人讥笑韩信怯懦无能，汉朝公卿大臣嫉妒贾谊才能超群。你看，古时燕昭王重用郭隗，拥_折节、谦恭下士，毫不嫌疑猜忌。剧辛和乐毅感激知遇的恩情，竭忠尽智，以自己的才能来报效君主。然而燕昭王早就死了，还有谁能像他那样重用贤士呢？世路艰难，我只得归去啦！
行路难・有耳莫洗颍川水(李白),"
有耳莫洗颍川水，有口莫食首阳蕨。含光混世贵无名，何用孤高比云月？吾观自古贤达人，功成不退皆殒身。子胥既弃吴江上，屈原终投湘水滨。陆机雄才岂自保？李斯税驾苦不早。华亭鹤唳讵可闻？上蔡苍鹰何足道？君不见吴中张翰称达生，秋风忽忆江东行。且乐生前一杯酒，何须身后千载名？
",译文不要学许由用颍水洗耳，不要学伯夷和叔齐隐居收养采薇而食。在世上活着贵在韬光养晦，为什么要隐居清高自比云月？我看自古以来的贤达之人，功绩告成之后不自行隐退都死于非命。伍子胥被吴王弃于吴江之上，屈原最终抱石自沉汨罗江中。陆机如此雄才大略也无法自保，李斯以自己悲惨的结局为苦。（陆机）是否还能听见华亭的别墅间的鹤唳？（李斯）是否还能在上蔡东门牵鹰打猎？你不知道吴中的张翰是个旷达之人，因见秋风起而想起江东故都。生时有一杯酒就应尽情欢乐，何须在意身后千年的虚名？
将进酒(李白),"
君不见黄河之水天上来，奔流到海不复回。君不见高堂明镜悲白发，朝如青丝暮成雪。人生得意须尽欢，莫使金樽空对月。天生我材必有用，千金散尽还复来。烹羊宰牛且为乐，会须一饮三百杯。岑夫子，丹丘生，将进酒，杯莫停。与君歌一曲，请君为我倾耳听。(倾耳听 一作：侧耳听)钟鼓馔玉不足贵，但愿长醉不愿醒。(不足贵 一作：何足贵；不愿醒 一作：不复醒)古来圣贤皆寂寞，惟有饮者留其名。(古来 一作：自古；惟 通：唯)陈王昔时宴平乐，斗酒十千恣欢谑。主人何为言少钱，径须沽取对君酌。五花马、千金裘，呼儿将出换美酒，与尔同销万古愁。
","译文你难道没有看见吗？那黄河之水犹如从天上倾泻而来，波涛翻滚直奔大海从来不会再往回流。你难道没有看见，在高堂上面对明镜，深沉悲叹那一头白发？早晨还是黑发到了傍晚却变得如雪一般。人生得意之时就要尽情的享受欢乐，不要让金杯无酒空对皎洁的明月。上天造就了我的才干就必然是有用处的，千两黄金花完了也能够再次获得。我们烹羊宰牛姑且作乐，一次性痛快地饮三百杯也不为多。岑勋，元丹丘，快点喝酒，不要停下来。我给你们唱一首歌，请你们为我倾耳细听。山珍海味的豪华生活算不上什么珍贵，只希望能醉生梦死而不愿清醒。
"
玉阶怨(李白),"
玉阶生白露，夜久侵罗袜。却下水晶帘，玲珑望秋月。(水晶 一作 水精)
",译文玉石砌的台阶上生起了露水，深夜独立很久，露水浸湿了罗袜。回房放下水晶帘，仍然隔着帘子望着玲珑的秋月。
长相思・其一(李白),"
长相思，在长安。络纬秋啼金井阑，微霜凄凄簟色寒。孤灯不明思欲绝，卷帷望月空长叹。美人如花隔云端！上有青冥之长天，下有渌水之波澜。(长天 一作：高天)天长路远魂飞苦，梦魂不到关山难。长相思，摧心肝！
",译文日日夜夜地思念啊，我思念的人在长安。秋夜里纺织娘在井栏啼鸣，微霜浸透了竹席分外清寒。夜里想她魂欲断，孤灯伴我昏暗暗；卷起窗帘望明月，对月徒然独长叹。如花似玉美人呵，仿佛相隔在云端！上面有长空一片渺渺茫茫，下面有清水卷起万丈波澜。天长地远日夜跋涉多艰苦，梦魂也难飞越这重重关山。日日夜夜地思念啊，相思之情痛断肝肠。
长相思・其二(李白),"
日色欲尽花含烟，月明如素愁不眠。(如素 一作：欲素)赵瑟初停凤凰柱，蜀琴欲奏鸳鸯弦。此曲有意无人传，愿随春风寄燕然。忆君迢迢隔青天。昔日横波目，今作流泪泉。不信妾断肠，归来看取明镜前。(断肠 一作：肠断)
",韵译夕阳西下暮色朦胧，花蕊笼罩轻烟，月华如练，我思念着情郎终夜不眠。柱上雕饰凤凰的赵瑟，我刚刚停奏，心想再弹奏蜀琴，又怕触动鸳鸯弦。这饱含情意的曲调，可惜无人传递，但愿它随着春风，送到遥远的燕然。忆情郎呵、情郎他迢迢隔在天那边，当年递送秋波的双眼，而今成了流泪的源泉。您若不信贱妾怀思肝肠欲断，请归来看看明镜前我的容颜！
长干行・其一(李白),"
妾发初覆额，折花门前剧。郎骑竹马来，绕床弄青梅。同居长干里，两小无嫌猜。十四为君妇，羞颜未尝开。低头向暗壁，千唤不一回。十五始展眉，愿同尘与灰。常存抱柱信，岂上望夫台。十六君远行，瞿塘滟堆。五月不可触，猿声天上哀。(猿声 一作：猿鸣)门前迟行迹，一一生绿苔。(迟 一作：旧)苔深不能扫，落叶秋风早。八月蝴蝶来，双飞西园草。(蝴蝶来 一作：蝴蝶黄)感此伤妾心，坐愁红颜老。早晚下三巴，预将书报家。相迎不道远，直至长风沙。
","译文我的头发刚刚盖过额头，便同你一起在门前做折花的游戏。你骑着竹马过来，我们一起绕着井栏，互掷青梅为戏。我们同在长干里居住，两个人从小都没什么猜忌。十四岁那年作了你结发妻子，成婚时羞得我不敢把脸抬起。自己低头面向昏暗的墙角落，任你千呼万唤我也不把头回。十五岁才高兴地笑开了双眉，誓与你白头偕老到化为尘灰。你常存尾生抱柱般坚守信约，我就怎么也不会登上望夫台。十六岁那年你离我出外远去，要经过瞿塘峡可怕的滟堆。五月水涨滟堆难辨担心触礁，猿猴在两岸山头嘶鸣更悲凄。门前那些你缓步离
"
蜀道难(李白),"
噫吁剑危乎高哉！蜀道之难，难于上青天！蚕丛及鱼凫，开国何茫然！尔来四万八千岁，不与秦塞通人烟。西当太白有鸟道，可以横绝峨眉巅。地崩山摧壮士死，然后天梯石栈相钩连。上有六龙回日之高标，下有冲波逆折之回川。黄鹤之飞尚不得过，猿猱欲度愁攀援。青泥何盘盘，百步九折萦岩峦。扪参历井仰胁息，以手抚膺坐长叹。问君西游何时还？畏途f岩不可攀。但见悲鸟号古木，雄飞雌从绕林间。又闻子规啼夜月，愁空山。蜀道之难，难于上青天，使人听此凋朱颜！连峰去天不盈尺，枯松倒挂倚绝壁。飞湍瀑流争喧Y，f崖转石万壑雷。其险也如此，嗟尔远道之人胡为乎来哉！(也如此 一作：也若此)剑阁峥嵘而崔嵬，一夫当关，万夫莫开。所守或匪亲，化为狼与豺。朝避猛虎，夕避长蛇，磨牙吮血，杀人如麻。锦城虽云乐，不如早还家。蜀道之难，难于上青天，侧身西望长咨嗟！
","译文唉呀呀！多么高峻伟岸！蜀道难以攀越，简直难于上青天。传说中蚕丛和鱼凫建立了蜀国，开国的年代实在久远无法详谈。从那时至今约有四万八千年了吧，秦蜀被秦岭所阻从不沟通往返。西边太白山高峻无路只有飞鸟可通行，此山可以直通峨眉山巅。山崩地裂，埋葬了五位开山英雄壮士，这样以后高险的山路和栈道才相互勾连。蜀中上有挡住太阳神六龙车的山巅，下有激浪排空迂回曲折的大川。善于高飞的黄鹤尚且无法飞过，即使猢狲要想翻过也愁于攀援。青泥岭的泥路曲曲弯弯，百步九折萦绕着山峦。屏住呼吸仰头就可触摸
"
子夜吴歌・春歌(李白),"
秦地罗敷女，采桑绿水边。素手青条上，红妆白日鲜。蚕饥妾欲去，五马莫留连。
",译文秦地有位叫罗敷的女子，在绿水边上采摘桑叶。白皙的纤纤手指攀在青枝上，嫩红的面容在阳光下特别鲜亮。蚕儿已经饿了，我该赶快回去了，达官贵人莫在此耽搁您宝贵的时间了。
子夜吴歌・夏歌(李白),"
镜湖三百里，菡萏发荷花。五月西施采，人看隘若耶。回舟不待月，归去越王家。
",译文镜湖之大有三百余里，到处都开满了欲放的荷花。西施五月曾在此采莲，引得来观看的人挤满了若耶溪。在回舟的时候，月亮还未出来，西施就被越王带邀而去了。
子夜吴歌・冬歌(李白),"
明朝驿使发，一夜絮征袍。素手抽针冷，那堪把剪刀。裁缝寄远道，几日到临洮。
",译文明晨驿使就要出发，思妇们连夜为远征的丈夫赶制棉衣。纤纤素手连抽针都冷得不行，更不说用那冰冷的剪刀来裁衣服了。妾将裁制好的衣物寄向远方，几时才能到达边关临洮？
关山月(李白),"
明月出天山，苍茫云海间。长风几万里，吹度玉门关。汉下白登道，胡窥青海湾。由来征战地，不见有人还。戍客望边邑，思归多苦颜。(望边邑 一作：望边色)高楼当此夜，叹息未应闲。
",译文一轮明月从祁连山升起，穿行在苍茫云海之间。浩荡长风掠过万里关山，来到戍边将士驻守的边关。当年汉兵直指白登山道，吐蕃觊觎青海大片河山。这些历代征战之地，出征将士很少能够生还。戍守的士卒眼望着边城，那盼望归家的面容多么凄苦悲哀！当此家中高楼上的将士妻子，哀愁叹息，大概也没停歇。
江南曲(李益),"
嫁得瞿塘贾，朝朝误妾期。早知潮有信，嫁与弄潮儿。
",译文我真悔恨嫁做瞿塘商人妇，他天天把相会的佳期耽误。早知潮水的涨落这么守信，还不如嫁一个弄潮的丈夫。
古从军行(李颀),"
白日登山望烽火，黄昏饮马傍交河。行人刁斗风沙暗，公主琵琶幽怨多。野云万里无城郭，雨雪纷纷连大漠。胡雁哀鸣夜夜飞，胡儿眼泪双双落。闻道玉门犹被遮，应将性命逐轻车。年年战骨埋荒外，空见蒲桃入汉家。
",译文白天登山观望报警的烽火台，黄昏时牵马到交河边饮水。风沙弥漫，一片漆黑，只听得见军中巡夜的打更声，还有那如泣如诉的幽怨的琵琶声。旷野云雾茫茫万里不见城郭，雨雪纷纷笼罩着无边的沙漠。哀鸣的胡雁夜夜从空中飞过，胡人士兵也触景生情，潸然泪下。听说玉门关已被挡住了归路，战士只有追随将军去与敌军拼命。年年战死的尸骨埋葬于荒野，换来的只是西域葡萄送汉家。
哀王孙(杜甫),"
长安城头头白乌，夜飞延秋门上呼。又向人家啄大屋，屋底达官走避胡。金鞭断折九马死，骨肉不得同驰驱。腰下宝i青珊瑚，可怜王孙泣路隅。问之不肯道姓名，但道困苦乞为奴。已经百日窜荆棘，身上无有完肌肤。高帝子孙尽隆准，龙种自与常人殊。豺狼在邑龙在野，王孙善保千金躯。不敢长语临交衢，且为王孙立斯须。昨夜东风吹血腥，东来橐驼满旧都。朔方健儿好身手，昔何勇锐今何愚。窃闻天子已传位，圣德北服南单于。花门面请雪耻，慎勿出口他人狙。哀哉王孙慎勿疏，五陵佳气无时无。
","译文长安城头，伫立着一只白头乌鸦，夜暮了，还飞进延秋门上叫哇哇。这怪物，又向大官邸宅啄个不停，吓得达官们，为避胡人逃离了家。玄宗出奔，折断金鞭又累死九马，皇亲国戚，来不及和他一同驱驾。有个少年，腰间佩带玉块和珊瑚，可怜呵，他在路旁哭得嗓子嘶哑。千问万问，总不肯说出自己姓名，只说生活困苦，求人收他做奴伢！已经有一百多天，逃窜荆棘丛下，身上无完肤，遍体是裂痕和伤疤。凡是高帝子孙，大都是鼻梁高直，龙种与布衣相比，自然来得高雅。
"
兵车行(杜甫),"
车辚辚，马萧萧，行人弓箭各在腰。耶娘妻子走相送，尘埃不见咸阳桥。(耶娘 一作：爷娘)牵衣顿足拦道哭，哭声直上干云霄。道旁过者问行人，行人但云点行频。或从十五北防河，便至四十西营田。去时里正与裹头，归来头白还戍边。边庭流血成海水，武皇开边意未已。君不闻汉家山东二百州，千村万落生荆杞。纵有健妇把锄犁，禾生陇亩无东西。况复秦兵耐苦战，被驱不异犬与鸡。长者虽有问，役夫敢申恨？且如今年冬，未休关西卒。县官急索租，租税从何出？信知生男恶，反是生女好。生女犹得嫁比邻，生男埋没随百草。君不见，青海头，古来白骨无人收。新鬼烦冤旧鬼哭，天阴雨湿声啾啾！
","译文兵车辚辚，战马萧萧，出征士兵弓箭各自佩在腰。爹娘妻子儿女奔跑来相送，行军时扬起的尘土遮天蔽日以致看不见咸阳桥。拦在路上牵着士兵衣服顿脚哭，哭声直上天空冲入云霄。路旁经过的人询问行人怎么回事，行人只说官府征兵实在太频繁。有的人十五岁到黄河以北去戍守，便是四十岁还要被派到河西去营田。从军出征时尚未成丁，还要里长替裹头巾，回来时已经满头白发，却仍要去戍守边疆。边疆战士血流成河，皇上开拓边疆的念头还没停止。您没听说汉家华山以东两百州，千村万寨野草丛生田地荒芜。即使有健壮的妇女手把锄头、
"
丽人行(杜甫),"
三月三日天气新，长安水边多丽人。态浓意远淑且真，肌理细腻骨肉匀。绣罗衣裳照暮春，蹙金孔雀银麒麟。头上何所有？翠微叶垂鬓唇。背后何所见？珠压腰w稳称身。就中云幕椒房亲，赐名大国虢与秦。紫驼之峰出翠釜，水精之盘行素鳞。犀箸厌饫久未下，鸾刀缕切空纷纶。黄门飞不动尘，御厨络绎送八珍。箫鼓哀吟感鬼神，宾从杂e实要津。后来鞍马何逡巡，当轩下马入锦茵。杨花雪落覆白苹，青鸟飞去衔红巾。炙手可热势绝伦，慎莫近前丞相嗔！
","译文三月三日阳春时节天气清新，长安曲江河畔聚集好多美人。姿态凝重神情高远文静自然，肌肤丰润胖瘦适中身材匀称。绫花绫罗衣裳映衬暮春风光，金丝绣的孔雀银丝刺的麒麟。头上戴的是什么珠宝首饰呢？翡翠玉做的花饰垂挂在两鬓。在她们的背后能看见什么呢？珠宝镶嵌的裙腰多稳当合身。其中有几位都是后妃的亲戚，里面有虢国和秦国二位夫人。翡翠蒸锅端出香喷的紫驼峰，水晶圆盘送来肥美的白鱼鲜。她们捏着犀角筷子久久不动，厨师们快刀细切空忙了一场。宦官骑马飞驰不敢扬起灰尘，御厨络绎不绝送来海味山珍。笙
"
哀江头(杜甫),"
少陵野老吞声哭，春日潜行曲江曲。江头宫殿锁千门，细柳新蒲为谁绿？忆昔霓旌下南苑，苑中万物生颜色。昭阳殿里第一人，同辇随君侍君侧。辇前才人带弓箭，白马嚼啮黄金勒。翻身向天仰射云，一笑正坠双飞翼。(一笑 一作：一箭)明眸皓齿今何在？血污游魂归不得。清渭东流剑阁深，去住彼此无消息。人生有情泪沾臆，江水江花岂终极！黄昏胡骑尘满城，欲往城南望城北。
","译文祖居少陵的野老（杜甫自称）无声地痛哭，春天偷偷地来到了曲江边。江岸的宫殿千门闭锁，细细的柳丝和新生的水蒲为谁而绿？回忆当初皇帝的彩旗仪仗下了南苑，苑里的万物都生出光辉。昭阳殿里的第一美人也同车出游，随侍在皇帝身旁。车前的宫中女官带着弓箭，白马套着带嚼子的黄金马勒。翻身朝天上的云层射去，一笑之间双飞的一对鸟儿便坠落在地。杨贵妃明亮的眼睛和洁白的牙齿在哪里呢？鲜血玷污了她的游魂，再也不能归来！清清的渭水向东流去，而玄宗所在的剑阁是那么深远。走的和留下的彼此没有消息。人生有情，泪水沾湿了胸臆，江水的流淌和江花的开放哪里会有尽头呢？黄昏时，胡骑扬起满城的尘土，准备到城南却跑到了城
"
金缕衣(佚名),"
劝君莫惜金缕衣，劝君惜取少年时。(惜取 一作：须取)花开堪折直须折，莫待无花空折枝。(花开 一作：有花)
",译文我劝你不要太注重追求功名利禄，要珍惜少年求学的最好时期。花开可以折取的时候就要尽管去折，不要等到花谢时只折了个空枝。
独不见(沈缙),"
卢家少妇郁金堂，海燕双栖玳瑁梁。九月寒砧催木叶，十年征戍忆辽阳。白狼河北音书断，丹凤城南秋夜长。谁为含愁独不见，更教明月照流黄。
",译文卢家年轻的主妇，居住在以郁金浸洒和泥涂壁的华美的屋宇之内，海燕飞来，成对成双地栖息于华丽的屋梁之上。九月里，寒风过后，在急切的捣衣声中，树叶纷纷下落，丈夫远征辽阳已逾十载，令人思念。白狼河北的辽阳地区音信全部被阻断，幽居在长安城南的少妇感到秋日里的夜晚特别漫长。是谁使人满怀愁绪难见亲人，偏偏还让那月光空照帷帐。 
烈女操(孟郊),"
梧桐相待老，鸳鸯会双死。贞女贵殉夫，舍生亦如此。波澜誓不起，妾心古井水。(古井水 一作：井中水)
",韵译雄梧雌桐枝叶覆盖相守终老，鸳鸯水鸟成双成对至死相随。贞洁的妇女贵在为丈夫殉节，为此舍生才称得上至善至美。对天发誓我心永远忠贞不渝，就像清净不起波澜的古井水！
游子吟(孟郊),"
慈母手中线，游子身上衣。临行密密缝，意恐迟迟归。谁言寸草心，报得三春晖。
",译文慈祥的母亲手里把着针线，为即将远游的孩子赶制新衣。临行前一针针密密地缝缀，怕儿子回来得晚衣服破损。谁说像小草那样微弱的孝心，能报答得了像春晖普泽的慈母恩情？
燕歌行(高适),"
开元二十六年，客有从元戎出塞而还者，作《燕歌行》以示，适感征戍之事，因而和焉。汉家烟尘在东北，汉将辞家破残贼。男儿本自重横行，天子非常赐颜色。金伐鼓下榆关，旌旆逶迤碣石间。校尉羽书飞瀚海，单于猎火照狼山。山川萧条极边土，胡骑凭陵杂风雨。战士军前半死生，美人帐下犹歌舞。大漠穷秋塞草腓，孤城落日斗兵稀。身当恩遇常轻敌，力尽关山未解围。(常轻敌 一作：恒轻敌)铁衣远戍辛勤久，玉箸应啼别离后。少妇城南欲断肠，征人蓟北空回首。边庭飘u那可度，绝域苍茫无所有。(飘u 一作：飘摇；无所 一作：更何)杀气三时作阵云，寒声一夜传刁斗。相看白刃血纷纷，死节从来岂顾勋！君不见沙场征战苦，至今犹忆李将军。
",译文唐玄宗开元二十六年，有个随从主帅出塞回来的人，写了《燕歌行》诗一首给我看。我感慨于边疆战守的事，因而写了这首《燕歌行》应和他。
长干行・君家何处住(崔颢),"
君家何处住，妾住在横塘。停船暂借问，或恐是同乡。
",译文请问大哥你的家在何方。我家是住在建康的横塘。停下船吧暂且借问一声，听口音恐怕咱们是同乡。
长干行・家临九江水(崔颢),"
家临九江水，来去九江侧。同是长干人，生小不相识。
",译文我的家临近九江边，来来往往都在九江附近。你和我同是长干人，从小不相识真是很遗憾。
塞下曲・鹫翎金仆姑(卢纶),"
鹫翎金仆姑，燕尾绣蝥弧。独立扬新令，千营共一呼。
",译文身佩雕羽制成的金仆姑好箭，旌旗上扎成燕尾蝥弧多鲜艳。大将军威严地屹立发号施令，千军万马一呼百应动地惊天。
塞下曲・林暗草惊风(卢纶),"
林暗草惊风，将军夜引弓。平明寻白羽，没在石棱中。
",译文昏暗的树林中，草突然被风吹动，将军在夜色中连忙开弓射箭。天明寻找昨晚射的白羽箭，箭头深深插入巨大石块中。
塞下曲・月黑雁飞高(卢纶),"
月黑雁飞高，单于夜遁逃。欲将轻骑逐，大雪满弓刀。
",译文死寂之夜，乌云遮月，天边大雁惊飞，单于的军队想要趁着夜色悄悄潜逃。正想要带领轻骑兵一路追赶，大雪纷纷扬扬落满了身上的弓刀。
塞下曲・野幕敞琼筵(卢纶),"
野幕敞琼筵，羌戎贺劳旋。醉和金甲舞，雷鼓动山川。
",译文在野外天幕下设下劳军盛宴，边疆兄弟民族都来祝贺我军凯旋。喝醉酒后还要和着金甲跳舞，欢腾的擂鼓声震动了周围的山川。
