序号,招聘主题,发布日期,浏览次数
1,招聘博士/副研究员年薪45万+，博士后30万+/深圳职业技术学院,2022/1/4,136
2,西南医科大学2022年诚聘海内外英才,2022/1/4,89
3,台州学院高等研究院大数据智能医疗研究所招聘启事,2022/1/4,76
4,深圳大学食品科学与加工研究中心吴奇院士团队招聘博士后公告,2022/1/4,71
5,2022年南通市通州区公开选调优秀青年人才简章,2022/1/4,206
6,重磅来袭，百万揽才｜巢湖学院2021-2022年人才引进公告,2022/1/4,138
7,南方科技大学电子系Aung Ko Ko Kyaw课题组招收材料研发实习生启事,2022/1/4,115
8,烟台先进材料与绿色制造山东省实验室2021年公开招聘工作人员简章,2022/1/4,106
9,湘潭大学2021年诚聘海内外人才,2022/1/4,104
10,烟台东方威思顿电气有限公司2022届校园招聘简章,2022/1/4,94
11,四川轻化工大学2022年人才引进政策,2022/1/3,183
12,2022年潍坊市“才聚鸢都・博士潍坊行”暨潍坊学院第五届博士“鸢都行”活动的通知,2022/1/2,385
13,常州工学院2021-2022年人才招聘,2022/1/2,349
14,成都航空职业技术学院2022年人才（硕士、博士）招聘公告,2021/12/31,585
15,渤海大学长年诚聘博士及在读博士,2021/12/31,397
16,招聘博士/副研究员年薪45万+，博士后30万+/深圳职业技术学院,2022/1/4,136
17,西南医科大学2022年诚聘海内外英才,2022/1/4,90
18,台州学院高等研究院大数据智能医疗研究所招聘启事,2022/1/4,76
19,深圳大学食品科学与加工研究中心吴奇院士团队招聘博士后公告,2022/1/4,71
20,2022年南通市通州区公开选调优秀青年人才简章,2022/1/4,206
21,重磅来袭，百万揽才｜巢湖学院2021-2022年人才引进公告,2022/1/4,138
22,南方科技大学电子系Aung Ko Ko Kyaw课题组招收材料研发实习生启事,2022/1/4,115
23,烟台先进材料与绿色制造山东省实验室2021年公开招聘工作人员简章,2022/1/4,106
24,湘潭大学2021年诚聘海内外人才,2022/1/4,104
25,烟台东方威思顿电气有限公司2022届校园招聘简章,2022/1/4,94
26,四川轻化工大学2022年人才引进政策,2022/1/3,183
27,2022年潍坊市“才聚鸢都・博士潍坊行”暨潍坊学院第五届博士“鸢都行”活动的通知,2022/1/2,385
28,常州工学院2021-2022年人才招聘,2022/1/2,349
29,成都航空职业技术学院2022年人才（硕士、博士）招聘公告,2021/12/31,585
30,渤海大学长年诚聘博士及在读博士,2021/12/31,397
31,中共河北省委党校（河北行政学院）2021年诚聘英才,2021/12/31,322
32,中国地震局地球物理研究所高层次人才引进公告,2021/12/31,340
33,深部岩土力学国家重点实验室诚聘博士,2021/12/30,383
34,浪潮集团2022届校园招聘秋招补招,2021/12/30,416
35,广东机电职业技术学院、广东省博士工作站2022年博士研究生招聘公告,2021/12/30,309
36,南通大学电气工程学院诚聘海内外英才,2021/12/30,315
37,中国科学院长春应用化学研究所2022年度招聘启事,2021/12/30,288
38,河北农业大学2022年选聘博士公告,2021/12/30,273
39,中国科学院微生物所病毒感染与免疫相关博士后岗招聘,2021/12/30,270
40,中国水产科学研究院黄海水产研究所2022年公开招聘工作人员公告,2021/12/30,261
41,浙江大学机械设计研究所2021年招聘副研究员、博士后,2021/12/30,265
42,2022年春季全国研究生专场巡回招聘会暨国防军工类 专场招聘会――电子科技大学站,2021/12/30,168
43,2021年吉利学院冬季校园招聘,2021/12/30,126
44,格力电器2022届春季校园招聘提前批,2021/12/30,104
45,启明信息技术股份有限公司2022年校园招聘简章,2021/12/30,97
46,广东省智能科学与技术研究院2021年招聘公告,2021/12/30,79
47,航天行云（航天科工四院卫星总体单位）2022年度校园招聘,2021/12/29,342
48,西安电子科技大学期刊中心2022年其他专技岗位招聘公告,2021/12/29,165
49,重庆邮电大学2022年招聘启事,2021/12/29,135
50,中国热带农业科学院南亚热带作物研究所 湛江实验站2022年第一批公开招聘工作人员公告（第1号）,2021/12/29,59
51,深圳市坪山区科技创新局生物医药类专业特聘博士招聘公告,2021/12/29,57
52,清华大学材料课题组招聘热电/热障/结构陶瓷博士后,2021/12/29,53
53,中国热带农业科学院公开招聘公告,2021/12/29,44
54,山西医科大学刘鹏教授课题组招聘研究员、博士后、科研助理等研究人员,2021/12/29,48
55,山东省科技发展战略研究所2022年人才招聘,2021/12/29,53
56,西安电子科技大学空间科学与技术学院2021年教师岗位招聘启事,2021/12/29,68
57,海南医学院2021-2022学年博士及硕士高级职称人才公开招聘公告,2021/12/28,139
58,中国天辰工程有限公司2022年校园招聘,2021/12/28,146
59,武汉东湖学院高层次（高学历）人才招聘公告,2021/12/28,68
60,厦门工学院2022年海内外高层次人才招聘启事 ,2021/12/28,67
61,山东省科学院海洋仪器仪表研究所齐鲁工业大学（山东省科学院）海洋技术科学学院招聘信息,2021/12/28,58
62,苏州系统医学研究所2022年招聘,2021/12/28,82
63,江苏科技大学2022年诚聘海内外优秀人才,2021/12/28,87
64,中科南京智能技术研究院招聘简章,2021/12/28,72
65,中国铝业集团有限公司  2022年应届高校毕业生招聘公告,2021/12/28,76
66,长三角腹地-常州工学院2021年人才招聘启事,2021/12/27,104
67,浙江师范大学2021年专任教师招聘公告,2021/12/27,93
68,深圳大学广东省海洋藻类开发与应用工程重点实验室博士后招聘,2021/12/27,62
69,西南医科大学2022年诚聘海内外英才,2021/12/27,80
70,南方医科大学南方医院―杰青团队博士后招聘,2021/12/27,50
71,烟台东方威思顿电气有限公司2022届校园招聘简章,2021/12/27,70
72,中国科学院国家空间科学中心2022年应届生招聘启事,2021/12/27,103
73,中国科学院国家空间科学中心2022年特别研究助理招聘启事,2021/12/27,75
74,OPPO日常实习生招聘-应用测试实习生(成都）,2021/12/27,78
75,吉林外国语大学2022年面向海内外招聘人才公告,2021/12/26,78
76,中国水产科学研究院珠江水产研究所2022年公开招聘公告,2021/12/25,258
77,山东大学生态环境损害鉴定研究院2022年诚聘海内外优秀人才,2021/12/25,154
78,2022年杭州市钱塘区党政储备 人才招聘公告,2021/12/24,286
79,中国石油大学（北京）克拉玛依校区 2022年度招聘简章,2021/12/24,199
80,中关村发展集团2022年校园招聘及博士后招聘公告,2021/12/24,173
81,北京工业大学先进电池材料与器件研究所（尉海军教授课题组）2021-2022年人才招聘,2021/12/24,158
82,广东机电职业技术学院、广东省博士工作站2022年博士研究生招聘公告,2021/12/24,140
83,中国科学院长春应用化学研究所2022年度招聘启事,2021/12/24,123
84,南通大学电气工程学院诚聘海内外英才,2021/12/24,126
85,闽江学院2021下半年度高层次人才招聘公告,2021/12/24,115
86,河北农业大学2022年选聘博士公告,2021/12/24,115
87,深圳综合粒子设施研究院校园招聘公告,2021/12/24,130
88,仰恩大学2021年招聘启事,2021/12/24,138
89,南科大电子与电气工程系丛龙庆课题组高薪诚聘博士后,2021/12/24,117
90,中国电子科技集团公司第九研究所2021-2022年校园招聘,2021/12/23,471
91,中科院兰州化物所2022年人才招聘启事,2021/12/23,173
92,中山大学土木工程学院2021年诚聘海内外英才,2021/12/23,102
93,天津大学“生物信息测量与生物制造实验室”诚聘英才,2021/12/23,85
94,中共安徽省委党校（安徽行政学院） 2021年度公开招聘博士公告,2021/12/23,99
95,中国电子科技集团公司第十一研究所招聘,2021/12/23,157
96,南科大电子与电气工程系张宏课题组高薪诚聘博士后,2021/12/23,75
97,淮阴工学院2021年人才招聘政策及计划,2021/12/22,108
98,不负韶华 共筑梦想-枣庄学院2021年人才招聘启事,2021/12/22,96
99,中国船舶第八研究院（扬州院区・原七二三所）诚聘人才公告,2021/12/22,162
100,中铁信托博士后创新实践基地2022年招收博士后研究人员招收简章,2021/12/22,88
101,北京航空航天大学虚拟现实技术与系统国家重点实验室2021年专职工程师招聘公告,2021/12/22,114
102,嘉应学院2022年人才招聘启事,2021/12/22,69
103,重庆工程学院2022年高层次人才招聘简章,2021/12/22,96
104,重庆邮电大学2022年招聘启事,2021/12/22,105
105,中国热带农业科学院南亚热带作物研究所 湛江实验站 2022年第一批公开招聘工作人员公告（第1号）,2021/12/22,49
106,2021下半年浙江农林大学招聘公告,2021/12/22,50
107,材料科学姑苏实验室博士后招聘公告,2021/12/22,49
108,浙江大学王绪化团队招聘博士后和科研助理,2021/12/22,43
109,福建工程学院2022年师资招聘计划,2021/12/22,58
110,2022安科瑞电气招聘简章,2021/12/22,76
111,华夏银行成都分行2022年校园招聘启事,2021/12/22,204
112,南方科技大学自动化学科青年学者论坛・2022,2021/12/22,49
113,大华股份2022届校招补招末班车,2021/12/21,203
114,湖南省融资担保集团2022校园招聘简章,2021/12/21,76
115,福州大学博士后科研流动站2022年人才招聘计划,2021/12/21,68
116,行业第一，宇通集团2022年应届毕业生管培生招聘简章,2021/12/21,94
117,武汉东湖学院高层次（高学历）人才招聘公告,2021/12/21,71
118,山东省科学院海洋仪器仪表研究所齐鲁工业大学（山东省科学院）海洋技术科学学院招聘,2021/12/21,58
119,南方科技大学第一附属医院医药健康科研团队博士后、研究助理及科研秘书招聘,2021/12/21,55
120,国家超级计算深圳中心2021年招聘简章,2021/12/21,79
121,中山大学软件工程学院2022年高层次人才招聘启事,2021/12/21,48
122,上海交通大学微纳工程科学重点实验室2021-2022年招聘简章,2021/12/21,44
123,澳门城市大学全Wg人T招聘,2021/12/21,54
124,安徽师范大学2021年度人才招聘公告,2021/12/21,46
125,浙江越秀外国语学院2021年高层次人才引进公告,2021/12/21,40
126,南方科技大学电子与电气工程系张宏课题组招收科研助理启事,2021/12/21,46
127,潍坊科技学院人才招聘,2021/12/21,49
128,南宁职业技术学院2021年第二批公开招聘工作人员公告,2021/12/20,79
129,"深圳大学食品科学与加工研究中吴奇院士团队招聘博士后公告（分子生物学, 高分子，化学工程和食品专业）",2021/12/20,46
130,台州学院高等研究院大数据智能医疗研究所招聘启事,2021/12/20,62
131,广州华夏职业学院2022年招聘公告,2021/12/20,67
132,西南医科大学2022年诚聘海内外英才,2021/12/20,69
133,深圳综合粒子设施研究院校园招聘公告,2021/12/20,72
134,桂林医学院2022年诚聘英才,2021/12/20,45
135,衢州职业技术学院高层次人才引进公告,2021/12/20,51
136, 浙江工业大学之江学院2021年高层次人才招聘公告,2021/12/20,59
137,南方科技大学电子与电气工程系实验教学类招聘启事,2021/12/20,53
138,烟台东方威思顿电气有限公司2022届校园招聘简章,2021/12/20,52
139,立德树人育桃李 砥砺前行谱新篇-潍坊医学院2021-2022年诚聘海内外优秀博士,2021/12/19,63
140,桂林理工大学2021年诚聘海内外人才,2021/12/19,89
141,广西师范大学2021年人才招聘公告,2021/12/19,75
142,中国科学院新疆理化技术研究所2021年人才招聘启事,2021/12/19,70
143,攀枝花学院2021年第五批直接考核招聘高层次人才公告,2021/12/18,81
144,行业第一，宇通集团2022年应届毕业生管培生招聘简章,2021/12/17,165
145,河北农业大学2022年选聘博士公告,2021/12/17,66
146,闽江学院2022下半年度硕士研究生岗位（编制内）招聘公告,2021/12/17,72
147,南通大学电气工程学院诚聘海内外英才,2021/12/17,57
148,中国科学院长春应用化学研究所2022年度招聘启事,2021/12/17,60
149,暨南大学附属第一医院最高年薪66万+招聘博士后,2021/12/17,50
150,广东机电职业技术学院、广东省博士工作站2022年博士研究生招聘公告,2021/12/17,48
151,国科宁波生命与健康产业研究院2021年面向海内外诚聘高层次人才,2021/12/17,39
152,中国科学院成都文献情报中心2022年特别研究助理招聘启事,2021/12/17,91
153,内蒙古科技大学机械工程学院博（硕）士及高层次人才招聘,2021/12/17,45
154,国资委直管央企华录集团总部2022年校园招聘,2021/12/17,124
155,南方科技大学林志S教授课题组招聘科研助理,2021/12/17,45
156,北京国望“科研、管理工程师”招募,2021/12/17,52
157,中国科学院成都文献情报中心2022年优秀人才招聘启事,2021/12/17,68
158,中共深圳市光明区委党校2022年1月公开选聘教师公告,2021/12/16,99
159,深圳大学-华中科技大学光子集成与光通信方向联合招聘博士后,2021/12/16,70
160,重庆邮电大学高层次人才招聘,2021/12/16,120
161,东南大学脑科学与智能技术研究院招聘启事,2021/12/16,72
162,绵阳仲裁委员会秘书处2022年度招聘公告,2021/12/16,92
163,山西工商学院2022年人才引进公告,2021/12/16,51
164,中国网安（含中国电科三十所）2022届秋招补录,2021/12/16,145
165,广东电网有限责任公司2022年博士后人员招聘启事,2021/12/16,124
166,中国石化大连石油化工研究院全球招聘人才公告,2021/12/15,83
167,中科南京智能技术研究院招聘简章,2021/12/15,137
168,济宁医学院附属医院2022年度公开招聘博士研究生公告,2021/12/15,55
169,中国久远高新技术装备有限公司2022招聘简章,2021/12/15,129
170,上海人工智能实验室招聘公告,2021/12/15,110
171,超星集团秋季校园招聘,2021/12/14,173
172,青岛大学青岛医学院2021年人才招聘公告,2021/12/14,63
173,2022威高（苏州）医疗器械研究院有限公司秋季招聘,2021/12/14,66
174,美国路易斯安那州立大学医学院招聘博士后,2021/12/14,61
175,中国石化上海石油化工研究院2021-2022年度人才招聘,2021/12/14,87
176,中国电子科技集团公司第十二研究所招聘,2021/12/14,257
177,中国工程物理研究院  研究生院诚聘英才,2021/12/14,150
178,剑阁县2021年公开引进高层次人才和招聘急需紧缺专业人才（剑阁县市场监督管理局）,2021/12/14,114
179,南方科技大学计算机科学与工程系2022年实验教学人员招聘启事,2021/12/14,64
180,鹏城实验室媒体与交互部2021年招聘人才引进专题,2021/12/14,60
181,西安建筑科技大学2021年教师招聘公告 ,2021/12/14,56
182,南方科技大学嘉兴研究院“智能电子装备创新中心”公开招聘研究人员,2021/12/14,51
183,青岛大学转化医学研究院高薪诚聘海内外优秀青年人才,2021/12/13,49
184,ASM先进科技2022校园招聘补录,2021/12/13,229
185,加入“浙”里 携手共进-绍兴文理学院2021-2022年诚聘海内外英才,2021/12/13,67
186,台州学院高等研究院――智能信息处理研究所招聘启事,2021/12/13,74
187,深圳大学广东省海洋藻类开发与应用工程重点实验室博士后招聘,2021/12/13,47
188,重庆大学二级单位招聘项目管理人员,2021/12/13,94
189,2022年杭州市钱塘区党政储备 人才招聘公告,2021/12/13,67
190,广西电力职业技术学院2021年博士人才专项招聘公告,2021/12/13,77
191,烟台东方威思顿电气有限公司2022届校园招聘简章,2021/12/13,55
192,揽英才 金陵科技学院招才引智 诚邀您的加盟,2021/12/12,105
193,民航机场成都电子工程设计有限责任公司2022年校园招聘,2021/12/12,218
194,黄河科技学院招聘公告2021年黄河科技学院博士招聘公告,2021/12/11,98
195,成都纺织高等专科学校2022年人才招聘公告,2021/12/10,281
196, 岭南现代农业科学与技术广东省实验室植物生殖发育和大豆种质资源创新团队招聘公告,2021/12/10,54
197,暨南大学附属第一医院最高年薪66万+招聘博士后,2021/12/10,62
198,中国科学院长春应用化学研究所2022年度招聘启事,2021/12/10,64
199,香港中文大学（深圳）诚聘海内外优秀人才,2021/12/10,66
200,沈阳城投集团2022年“麒麟担当”校园招聘,2021/12/10,50
201,南通大学电气工程学院诚聘海内外英才,2021/12/10,51
202,闽江学院2022下半年度硕士研究生岗位（编制内）招聘公告,2021/12/10,56
203,河北农业大学2021年选聘博士公告,2021/12/10,33
204,2022年石河子大学生命科学学院公开招聘教师简章,2021/12/10,43
205,南方科技大学电子系青年学者论坛・2022,2021/12/10,57
206,中科院微电子所低功耗智能芯片与系统团队多岗位招聘,2021/12/10,92
207,苏州臻芯微电子有限公司2022届校招职位信息,2021/12/10,73
208,贵州医科大学2021年面向全球招聘博士后公告,2021/12/9,63
209,中国热带农业科学院南亚热带作物研究所湛江站实验站2021年第六批博士研究生人员公开招聘公告,2021/12/9,53
210,重庆邮电大学2021-2022年招聘启事,2021/12/9,134
211,重庆工程学院2021年高层次人才招聘简章,2021/12/9,82
212,嘉应学院2021-2022年人才招聘启事,2021/12/9,58
213,厦门大学嘉庚学院2021-2022学年人才招聘启事,2021/12/9,53
214,深圳十沣科技2022届校园招聘,2021/12/9,61
215,材料科学姑苏实验室博士后招聘公告,2021/12/9,41
216,浙江大学王绪化团队招聘博士后和科研助理,2021/12/9,39
217,2022年战略支援部队驻南部某部队直接选拔 军官计划公告,2021/12/9,220
218,广东以色列理工学院招聘简章,2021/12/9,77
219,烟台先进材料与绿色制造山东省实验室2021年公开招聘工作人员简章,2021/12/9,69
220,国防大学军事文化学院2022年文职人员招聘预告,2021/12/9,97
221,多益网络2022届校园招聘补录,2021/12/8,108
222,浙大宁波理工学院计算机与数据工程学院2021年招聘公告,2021/12/8,74
223,广元市利州区关于2021年公开引进高层次和急需紧缺人才的公告,2021/12/8,154
224,【甘肃国企】金川集团面向电子科技大学秋季招聘信息,2021/12/8,87
225,苏州雄立科技有限公司2022届校园招聘,2021/12/8,67
226,中国科学院长春光学精密机械与物理研究所 博士毕业生专场招聘（暨空中宣讲）公告,2021/12/7,72
227,海军航空大学2022年面向社会公开招考文职人员,2021/12/7,132
228,海军航空大学2022年面向社会招考文职,2021/12/7,70
229, 云南民族大学马克思主义学院2021年人才招聘公告,2021/12/7,60
230,中国科学院成都生物研究所2021年秋冬季博士人才线上视频双选会,2021/12/7,83
231,空军工程大学航空工程学院2022年全军面向社会公开招考文职人员岗位计划,2021/12/7,74
232,文职招聘,2021/12/7,106
233,江苏省东海县2022年部分事业单位赴高校公开招聘高层次人才公告,2021/12/7,54
234,大湾区之光，由你点亮！ ――深圳综合粒子设施研究院校园招聘公告,2021/12/7,101
235,闽江学院2021下半年度硕士研究生岗位 （编制内）招聘公告,2021/12/7,93
236,东北农业大学2021年下半年人才公开招聘公告,2021/12/7,58
237,闽南师范大学2021年诚纳英才,2021/12/7,58
238,南方科技大学第一附属医院医药健康科研团队博士后、研究助理及科研秘书招聘,2021/12/7,36
239,安庆师范大学2021年公开招聘高层次人才公告,2021/12/7,53
240,烟台东方威思顿电气有限公司2022届校园招聘简章,2021/12/7,38
241,深圳大学食品科学与加工研究中心深圳大学吴奇院士团队招聘副研究员/研究员,2021/12/6,52
242,台州学院高等研究院大数据智能医疗研究所招聘启事,2021/12/6,49
243,山东省科学院海洋仪器仪表研究所齐鲁工业大学（山东省科学院）海洋技术科学学院招聘,2021/12/6,58
244,广州华夏职业学院2021年高层次人才招聘公告,2021/12/6,53
245,西南医科大学2021年诚聘海内外英才,2021/12/6,62
246,上海交通大学重庆研究院软件博士后招聘,2021/12/6,46
247,中国科学院微电子研究所低功耗智能芯片与系统团队招聘,2021/12/6,78
248,上海交通大学重庆研究院建筑遗产保护中心博士后招聘,2021/12/6,34
249,福建省某政法单位招考公告,2021/12/6,120
250,2021“智荟齐鲁”全球博士线上对接洽谈会诚邀海内外英才,2021/12/6,42
251,陆军装备部驻重庆地区军事代表局文职人员招聘,2021/12/6,233
252,战略支援部队某部招收军官和文职,2021/12/5,340
253,赓续百年初心，担当育人使命-青岛理工大学2021年公开招聘工作人员简章（长期招聘）,2021/12/5,83
254,科技引领 布局未来-清源创新实验室2021-2022年诚聘海内外人才,2021/12/5,92
255,百星微电子人才招聘公告,2021/12/5,67
256,“权威发布”国防科技大学2022年公开招考文职人员计划,2021/12/4,134
257,苏州经贸职业技术学院2021年诚聘人才,2021/12/4,84
258,成都市新都区悦动新城学校招聘,2021/12/3,205
259,福医引才 “医”路同行-福建医科大学博士师资招聘公告（常年有效）,2021/12/3,56
260,在浙里 职面未来-浙江建设职业技术学院2021年人才招聘公告,2021/12/3,70
261,2022年海军潜艇学院人才引进重磅来袭,2021/12/3,89
262,闽江学院2021下半年度硕士研究生岗位（编制内）招聘公告,2021/12/3,51
263,暨南大学附属第一医院最高年薪66万+招聘博士后,2021/12/3,34
264,（浙江）丽水学院2021年下半年人才招聘启事,2021/12/3,41
265,中国科学院长春应用化学研究所2021年度招聘启事,2021/12/3,33
266,香港中文大学（深圳）诚聘海内外优秀人才,2021/12/3,50
267,南通大学电气工程学院诚聘海内外英才,2021/12/3,45
268,河北农业大学2021年选聘博士公告,2021/12/3,38
269,天津工业生物技术研究所张玲玲课题组科研人员招聘启事,2021/12/3,33
270,重庆理工大学期刊社2021年招聘启事,2021/12/3,50
271,台积电2022招聘简章,2021/12/3,122
272,炬光科技2022校园招聘简章,2021/12/3,67
273,中共四川省委党校四川行政学院2022年公开考核招聘专职教师公告,2021/12/3,71
274,中科天际科技股份有限公司2022年招聘简章,2021/12/3,73
275,2022年海军潜艇学院人才引进重磅来袭,2021/12/3,42
276,烟台先进材料与绿色制造山东省实验室2021年公开招聘工作人员简章,2021/12/3,40
277,中国矿业大学徐海学院2022年专任教师和专职辅导员岗位招聘启事,2021/12/3,40
278,黑龙江省自然资源权益调查监测院2021年招聘信息,2021/12/2,91
279,重庆三峡职业学院2021年下半年公开招聘在编博士、硕士研究生人才招聘简章,2021/12/2,199
280,嘉应学院2021-2022年人才招聘启事,2021/12/2,81
281,重庆邮电大学2021-2022年招聘启事,2021/12/2,146
282,中国热带农业科学院南亚热带作物研究所湛江站实验站2021年第六批博士研究生人员公开招聘公告,2021/12/2,49
283,全国中小企业股份转让系统有限责任公司 2021年下半年招聘公告,2021/12/2,58
284,化学、材料、机械、工程、信息类专利代理人助理校园招聘,2021/12/2,75
285,曼迪匹艾（武汉）科技服务有限公司2021年秋招简章,2021/12/1,104
286,曼迪匹艾（武汉）科技服务有限公司招聘信息,2021/12/1,68
287,筑绿水青山 展华清风采-河北华清环境科技集团2021-2022年度博士招聘简章,2021/12/1,68
288,中国电子科技集团公司第三十四研究所2021-2022校园招聘,2021/12/1,336
289,赓续百年初心 担当育人使命-大庆师范学院2021年下半年公开招聘教师公告,2021/12/1,54
290,山西工商学院2022年人才招聘,2021/12/1,65
291,2021年浙江大学医学院、化学系联合招聘博士后,2021/11/30,59
292,贵州省中国科学院天然产物化学重点实验室2021年 诚邀海内外高层次人才加盟,2021/11/30,85
293,材料科学姑苏实验室2022校园招聘,2021/11/30,76
294,上海电子信息职业技术学院2021年度招聘公告（第一批次）,2021/11/30,141
295,江苏开放大学诚邀广大优秀博士及各类高层次人才加入,2021/11/30,67
296,2021年南通市通州区“江海人才行”  高校毕业生秋季网络招聘会邀请函,2021/11/30,62
297,北京升宇科技有限公司招聘,2021/11/30,77
298,深圳北芯生命科技股份有限公司2022届校园招聘火热进行中,2021/11/30,77
299,浙江理工大学科技与艺术学院关于公开招聘党建工作部宣传干事的公告,2021/11/30,38
300,商丘工学院2021-2022学年教师招聘公告,2021/11/30,55
301,江西工程学院2022年人才招聘公告,2021/11/30,54
302,航天十三所2022年校园招聘启事,2021/11/30,364
303,中国科学院长春应用化学研究所2021年度招聘启事,2021/11/30,61
304,烟台东方威思顿电气有限公司2022届校园招聘简章,2021/11/30,43
305,科技兴邦 强军报国-国防科技大学第六十三研究所2021-2022年文职、博士后招收,2021/11/29,202
306,福建工程学院2022年师资招聘计划,2021/11/29,71
307,福建工程学院智慧海洋与工程研究院人才招聘启事,2021/11/29,52
308,厦门工学院2021年海内外高层次人才招聘启事 ,2021/11/29,47
309,闽江学院2021下半年度高层次人才招聘公告,2021/11/29,48
310,苏州系统医学研究所2021-2022年招聘,2021/11/29,50
311,江苏科技大学2021年诚聘海内外优秀人才,2021/11/29,52
312,深圳大学食品科学与加工研究中心吴奇院士团队招聘博士后公告,2021/11/29,37
313,西安外事学院2021年人才招聘公告,2021/11/29,60
314,山东电力设备有限公司2022届高校毕业生招聘简章,2021/11/29,53
315,中国贸促会专商所2022年度校园招聘,2021/11/29,40
316,信阳师范学院2021年诚聘海内外优秀人才公告,2021/11/29,44
317,粤港澳大湾区重要节点城市――惠州学院2021年招聘专任教师（博士、硕士）,2021/11/27,94
318,云南电网有限责任公司2022年博招聘,2021/11/27,133
319,南宁师范大学2021年公开招聘博士公告,2021/11/27,78
320,重庆两江新区-千名硕博汇两江引才活动,2021/11/27,241
321,光大云缴费科技有限公司2022年秋季 校园招聘启事,2021/11/26,124
322,中国船舶第七七研究所2022届毕业生招聘,2021/11/26,315
323,2022年海淀进校教育集团招聘,2021/11/26,94
324,深圳大学广东省海洋藻类开发与应用工程重点实验室博士后招聘,2021/11/26,63
325,台州学院高等研究院――智能信息处理研究所招聘启事,2021/11/26,75
326,广州华夏职业学院2021年招聘公告,2021/11/26,50
327,西南医科大学2021年诚聘海内外英才,2021/11/26,58
328,南方科技大学第一附属医院医药健康科研团队博士后、研究助理及科研秘书招聘,2021/11/26,39
329,"大华股份-海外营销中心 2022届秋招末端招聘集结令,最快3天斩获offer",2021/11/26,56
330,中国专利代理（香港）有限公司北京办事处2022年秋季招聘,2021/11/26,61
331,中国电子科技集团公司第十一研究所,2021/11/26,290
332,人工智能算法工程师（集团战略项目）,2021/11/26,100
333,遵义师范学院2021年公开招聘博士研究生简章,2021/11/26,46
334,华南理工大学纳米医学和生物材料团队招收博士后,2021/11/26,37
335,图灵人工智能研究院招聘邀请,2021/11/26,116
336,桂林理工大学南宁分校2022年专职学生辅导员招聘启事,2021/11/25,89
337,东华大学民用航空复合材料协同创新中心2021年招聘启事,2021/11/25,61
338,深睿医疗校招火热进行中,2021/11/25,72
339,山东理工大学2021年诚聘海内外人才,2021/11/25,76
340,北京国望―科研岗招聘,2021/11/25,118
341,华中科技大学马克思主义学院招聘启事,2021/11/25,56
342,应急管理部沈阳消防研究所2022校园招聘,2021/11/24,99
343,河北农业大学2021年选聘博士公告,2021/11/24,47
344,暨南大学附属第一医院最高年薪66万+招聘博士后,2021/11/24,51
345,（浙江）丽水学院2021年下半年人才招聘启事,2021/11/24,69
346,中国科学院长春应用化学研究所2021年度招聘启事,2021/11/24,52
347,香港中文大学（深圳）诚聘海内外优秀人才,2021/11/24,57
348,南通大学电气工程学院诚聘海内外英才,2021/11/24,38
349,深圳大学广东省海洋藻类开发与应用工程重点实验室博士后招聘,2021/11/24,49
350,北京市联德律师事务所校园招聘,2021/11/24,39
351,日立电梯2022“未来之梯与你同立”校园招聘,2021/11/24,61
352,清华四川能源互联网研究院2022届校园招聘,2021/11/24,168
353,湖北科技学院诚聘英才,2021/11/24,77
354,国防大学军事文化学院2022年文职人员招聘预告,2021/11/24,163
355,中国铁路设计集团有限公司 国家工程实验室 应届（往届）博士、博士后招聘,2021/11/24,125
356,联发科新加坡工作岗位,2021/11/24,201
357,北京七星华创精密电子科技责任有限公司  （原国营第七一八厂） 2021-2022 年度高端人才招聘,2021/11/24,83
358,广西壮族自治区委员会党校 （广西行政学院）2021年公开招聘教研人员公告,2021/11/23,80
359,12月10日 | 国内高校联合举办（第十八届）博士人才云端招聘会,2021/11/23,78
360,国家计算机网络应急技术处理协调中心西藏分中心2022年度公开招聘公告,2021/11/23,88
361,加入文理 执梦远航-四川文理学院2021年下半年考核招聘博士人才公告,2021/11/23,111
362,漳州市关于选拔引进2022届国内外优秀大学生毕业生来漳工作的公告,2021/11/23,101
363,信产集团-深圳市国电科技通信有限公司22届校园招聘,2021/11/23,71
364,中国船舶工业系统工程研究院 2022年度校园招聘,2021/11/23,105
365,战略支援部队某部招录信息,2021/11/23,427
366,江苏省2022届优秀高校毕业生和2021-2022年度博士后人才需求信息线上发布会,2021/11/23,93
367,安徽师范大学2021年度人才招聘公告,2021/11/23,78
368,首都师范大学2021年博士后科研人员招收公告,2021/11/23,68
369,国家超级计算济南中心“百千万”人才工程 诚聘优秀博士,2021/11/22,94
370,超星集团2021秋季校园招聘（全国）,2021/11/22,126
371,中国热带农业科学院南亚热带作物研究所湛江站实验站2021年第六批博士研究生人员公开招聘公告,2021/11/22,45
372,重庆邮电大学2021-2022年招聘启事,2021/11/22,124
373,重庆工程学院2021年高层次人才招聘简章,2021/11/22,91
374,嘉应学院2021-2022年人才招聘启事,2021/11/22,46
375,厦门大学嘉庚学院2021-2022学年人才招聘启事,2021/11/22,45
376,浙江大学王绪化团队招聘博士后和科研助理,2021/11/22,40
377,武汉东湖学院高层次（高学历）人才招聘公告,2021/11/22,58
378,优化赋能企业运筹帷幄，九算优化2022校园招聘,2021/11/22,40
379,中国电子科技集团公司第五十三研究所 2022年毕业生招聘计划,2021/11/22,220
380,黄淮学院2021年诚聘高层次人才,2021/11/22,53
381,中国地震局地球物理研究所高层次人才引进公告,2021/11/22,50
382,中国科学院天津工业生物技术研究所体外合成生物学中心 游淳课题组招聘启事,2021/11/22,101
383,国科学院天津工业生物技术研究所 张玲玲课题组科研人员招聘启事,2021/11/22,78
384,中国科学院天津工业生物技术研究所体外合成生物学中心 朱之光课题组招聘启事,2021/11/22,47
385,烟台东方威思顿电气有限公司2022届校园招聘简章,2021/11/22,68
386,成都航空职业技术学院2022年高层次人才、专任教师招聘公告,2021/11/21,311
387,2021年“振兴龙江邀你同行” 黑龙江人才周活动机关企业事业单位 ,2021/11/21,73
388,成都时谱科技有限公司诚聘应届生,2021/11/20,200
389,巨鲨医疗2022届秋招招聘简章,2021/11/19,116
390,哈曼科技（深圳）有限公司诚聘实习生/应届生,2021/11/19,127
391,国家计算机网络应急技术处理协调中心上海分中心2022年度公开招聘公告,2021/11/19,149
392,海纳“柏”川，恰到好“楚”|柏楚电子2022校园招聘正式启动！,2021/11/19,100
393,国家计算机网络应急技术处理协调中心海南分中心2022年度公开招聘公告,2021/11/19,77
394,国家计算机网络应急技术处理协调中心陕西分中心2022年度公开招聘公告,2021/11/19,77
395,国家管网集团华南公司2022届高校毕业生招聘公告,2021/11/19,100
396,邯郸制药股份有限公司2022校园招聘,2021/11/19,52
397,中国科学院微电子研究所低功耗智能芯片与系统团队诚聘海内外英才,2021/11/19,163
398,海南热带海洋学院2021年度考核招聘教学科研人员公告,2021/11/19,55
399,白城医学高等专科学校2021年招聘高层次人才公告,2021/11/19,55
400,杭州长川科技股份有限公司FPGA工程师招聘,2021/11/18,96
401,国家超级计算深圳中心（2021年）博士后、高级研究员、工程师招聘简章,2021/11/18,103
402,山东电力设备有限公司2022届高校毕业生招聘简章,2021/11/18,86
403,材料科学姑苏实验室博士后招聘公告,2021/11/18,52
404,福建工程学院马克思主义学院教学科研人员招聘启事,2021/11/18,61
405,福建工程学院2022年师资招聘计划,2021/11/18,48
406,厦门工学院2021-2022学年高层次人才（博士）引进计划,2021/11/18,47
407,闽江学院2021下半年度高层次人才招聘公告,2021/11/18,39
408,苏州系统医学研究所2021-2022年招聘,2021/11/18,44
409,生物医学硕博人才-安必奇生物2022届校园招聘,2021/11/17,79
410,广西科技大学教学科研岗招聘,2021/11/17,98
411,TP-LINK2022届校园招聘补录正式开始,2021/11/17,275
412,上海烟草机械有限责任公司高层次人才招聘简章,2021/11/17,156
413,中国地质科学院矿产综合利用研究所2022年度公开招聘公告,2021/11/17,71
414,中国民航西南空管局2022招聘补充公告,2021/11/17,303
415,肇庆学院2021年人才招聘启事,2021/11/17,76
416,为旌科技 2022校园招聘,2021/11/17,121
417,中国电子科技集团公司第四十一研究所2022校园招聘,2021/11/17,356
418,广聚英才 共谋发展 南京工业职业技术大学2021年下半年海内外优秀人才招聘公告,2021/11/16,85
419,梦想启航 “职”通未来-内蒙古大学2021-2022年高薪诚聘海内外人才,2021/11/16,67
420,中国电科30所2022届校园招聘补录,2021/11/16,448
421,国家管网集团2022届应届高校毕业生招聘公告,2021/11/16,126
422,台州学院高等研究院大数据智能医疗研究所招聘启事,2021/11/16,52
423,广州华夏职业学院2021年高层次人才招聘公告,2021/11/16,45
424,西南医科大学2021年诚聘海内外英才,2021/11/16,59
425,浙江安防职业技术学院2022年人才需求计划,2021/11/16,62
426,江西科技职业学院2021年人才招聘公告,2021/11/16,83
427,江苏医药职业学院2021年拟公开招聘计划,2021/11/16,45
428,国力电子科技股份有限公司2022界校园招聘,2021/11/16,183
429,商丘工学院2021年教师招聘公告,2021/11/16,91
430,广东省某政法机关2022年招录公告,2021/11/16,254
431,济南历下控股集团2022届校园招聘,2021/11/15,75
432,关于2021年下半年青神县事业单位考核招聘高层次和紧缺专业技术人才的公告,2021/11/15,141
433,攀枝花学院2021年高层次人才招聘简章,2021/11/15,111
434,暨南大学附属第一医院最高年薪66万+招聘博士后,2021/11/15,49
435,（浙江）丽水学院2021年下半年人才招聘启事,2021/11/15,69
436,中国科学院长春应用化学研究所2021年度招聘启事,2021/11/15,37
437,香港中文大学（深圳）诚聘海内外优秀人才,2021/11/15,48
438,河北农业大学2021年选聘博士公告,2021/11/15,33
439,北京大学化学与分子工程学院纳米结构功能材料课题组招聘优秀人才,2021/11/15,59
440,江苏省盐城市2022年面向全国部分高校和境外世界名校引进优秀毕业生工作公告,2021/11/15,156
441,江苏省阜宁县2022年面向全国部分高校和境外世界名校引进优秀毕业生工作公告,2021/11/15,79
442,搜狐集团2022届秋季校园招聘正式启动！,2021/11/15,111
443,筑巢引才 振兴三晋-晋中学院2021年人才引进公告,2021/11/15,55
444,玉溪师范学院2021年常年招聘博士公告,2021/11/15,46
445,衢州学院2021年下半年高层次人才招聘公告,2021/11/15,49
446,琅琊山麓闻号角 引才筑梦正当时-滁州学院2021-2022年诚聘海内外人才,2021/11/15,78
447,烟台东方威思顿电气有限公司2022届校园招聘简章,2021/11/15,43
448,郑州大学2021年面向电子科技大学校园专场招聘辅导员（硕士）公告,2021/11/13,610
449,上海宇勘科技有限公司2022年校园招聘,2021/11/12,132
450,中国热带农业科学院南亚热带作物研究所湛江站实验站2021年第六批博士研究生人员公开招聘公告,2021/11/12,74
451,重庆邮电大学2021-2022年招聘启事,2021/11/12,260
452,重庆工程学院2021年高层次人才招聘简章,2021/11/12,105
453,嘉应学院2021-2022年人才招聘启事,2021/11/12,56
454,厦门大学嘉庚学院2021-2022学年人才招聘启事,2021/11/12,52
455,“才聚眉天府” 眉山天府新区2021年下半年空中云招聘活动公告,2021/11/12,158
456, 浙江大学王绪化团队招聘博士后和科研助理,2021/11/12,44
457,南通大学电气工程学院诚聘海内外英才,2021/11/12,39
458,上海思博职业技术学院2021年招聘信息,2021/11/12,61
459,中国船舶第七一六研究所2022届校园招聘,2021/11/12,130
460,山东畜牧兽医职业学院2021年公开招聘副高级岗位人员和博士研究生简章,2021/11/12,33
461,新疆财经大学2021年高层次人才招聘启事,2021/11/12,48
462,Marvell美满电子2022校园招聘,2021/11/12,97
463,ASM先进科技（中国）有限公司,2021/11/11,381
464,中共凉山州委党校 凉山州行政学院2021-2022年面向全国公开考核招聘教学和科研人员公告,2021/11/11,102
465,河北农业大学2021年选聘博士公告,2021/11/11,71
466,三一重型装备有限公司2022校园招聘,2021/11/11,138
467,北京市朝阳区2022年公务员招录 暨高校毕业生选培计划公告,2021/11/11,162
468,清华大学张晨团队2021年诚聘数据科学方向优秀博士后和科研助理,2021/11/11,69
469,同道猎聘集团校园招聘,2021/11/11,55
470,成都辰显光电2022校招,2021/11/11,121
471,北京世纪东方智汇科技股份有限公司博士进站,2021/11/11,41
472,九算优化 2022校园招聘,2021/11/11,68
473,广州软件学院2021年招聘启事,2021/11/11,62
474,成都市邛崃市2021年下半年引进急需紧缺高素质人才,2021/11/11,152
475,宁波大学2021年公开招聘人才公告,2021/11/10,146
476,横琴粤澳深度合作区2021年博士后招聘公告,2021/11/10,82
477,恰风华正茂 奏经管新篇-华东交通大学经济管理学院2021-2022年度博士、博士后招聘公告,2021/11/10,64
478,上海交通大学 电子信息与电气工程学院 空间攻防智能化系统技术实验室招聘启事,2021/11/10,117
479,材料科学姑苏实验室博士后招聘公告,2021/11/10,55
480,山东省科学院海洋仪器仪表研究所齐鲁工业大学（山东省科学院）海洋技术科学学院招聘,2021/11/10,49
481,福建工程学院智慧海洋与工程研究院人才招聘启事,2021/11/10,61
482,福建工程学院2022年师资招聘计划,2021/11/10,55
483,“前浪*后浪*汇成巨浪”成都华兴大地科技有限公司招聘,2021/11/10,141
484,厦门工学院2021年海内外高层次人才招聘启事 ,2021/11/10,37
485,闽江学院2021下半年度高层次人才招聘公告,2021/11/10,36
486,苏州系统医学研究所2021-2022年招聘,2021/11/10,46
487,江苏科技大学2021年诚聘海内外优秀人才,2021/11/10,56
488,九江学院2021年高层次人才招聘公告,2021/11/10,62
489,佐佑管理咨询公司2022年校园招聘,2021/11/10,37
490,福州鑫图光电有限公司成都研发中心招聘信息,2021/11/10,55
491,浙江工业职业技术学院公开招聘高层次人才公告,2021/11/10,43
492,宿迁学院2021年高层次人才招聘公告,2021/11/10,42
493,东莞理工国际微电子学院诚聘海内外优秀人才,2021/11/10,46
494,深圳市前海深港现代服务业合作区管理局校园招聘公告,2021/11/10,41
495,成都市邛崃市2021年下半年引进急需紧缺高素质人才公告,2021/11/10,191
496,南孔圣地-衢州有礼-事业编制-衢州学院2021年下半年人才招聘公告-评聘高级职称名额充足-解决子女入学,2021/11/9,105
497,成都锐芯盛通电子科技有限公司2021年秋季校园招聘简章,2021/11/9,202
498,中际联合（北京）科技股份有限公司-上市企业-管培生招聘,2021/11/9,75
499,中际联合（北京）科技股份有限公司-上市企业-校园招聘,2021/11/9,75
500,台州学院高等研究院――智能信息处理研究所招聘启事,2021/11/9,53
501,广州华夏职业学院2021年招聘公告,2021/11/9,43
502,广西柳州高新区博士后科研工作站2021年招聘简章,2021/11/9,42
503,西门子工业边缘计算应用开发实习（研发、产品）,2021/11/9,98
504,西南医科大学2021年诚聘海内外英才,2021/11/9,53
505,广纳英才，携手共创世界一流大学―中法航空大学,2021/11/9,64
506,中科院成都信息技术股份有限公司2022届秋季校园招聘简章,2021/11/9,250
507,浙江越秀外国语学院2021年高层次人才引进公告,2021/11/9,40
508,深圳大学智能物联网中心杨亚涛特聘教授团队2021年博士后招聘公告,2021/11/9,44
509,中国电子技术标准化研究院 2021年秋季校园招聘公告,2021/11/9,134
510,金元证券股份有限公司2022届应届生校园招聘,2021/11/9,41
511,北京华宇信息技术有限公司博士后招聘,2021/11/8,129
512,长治学院2021年公开招聘博士研究生公告,2021/11/8,103
513,国泰君安证券博士后科研工作站2022年度招聘简章,2021/11/8,64
514,暨南大学附属第一医院最高年薪66万+招聘博士后,2021/11/8,55
515,成都辰显光电2022届校园招聘,2021/11/8,232
516,（浙江）丽水学院2021年下半年人才招聘启事,2021/11/8,49
517,中国科学院长春应用化学研究所2021年度招聘启事,2021/11/8,53
518,香港中文大学（深圳）诚聘海内外优秀人才,2021/11/8,48
519,河北农业大学2021年选聘博士公告,2021/11/8,45
520,深圳综合粒子设施研究院校园招聘公告,2021/11/8,56
521,中国农业银行博士后科研工作站 2022年度博士后招聘,2021/11/8,48
522,北京龙双利达知识产权代理有限公司2022届秋季招聘,2021/11/8,46
523,烟台东方威思顿电气有限公司2022届校园招聘简章,2021/11/8,45
524,上海视觉艺术学院2021-2022学年招聘启事,2021/11/8,43
525,水利部长江水利委员会长江科学院2022年度校园招聘(博士岗位)公告,2021/11/8,65
526,加入我们！“船”承理想 强军报国-中国船舶第八研究院（南京）2022届校园招聘,2021/11/6,310
527,毫末智行2022秋季校园招聘,2021/11/5,169
528,鹏华基金 金融科技2022年校园招聘,2021/11/5,126
529,中国船舶工业综合技术经济研究院2022年校园招聘,2021/11/5,215
530,中山大学生物医学工程学院2021年诚聘英才,2021/11/5,90
531,中山大学微电子科学与技术学院2021年人才招聘公告,2021/11/5,127
532,中国热带农业科学院南亚热带作物研究所湛江站实验站2021年第六批博士研究生人员公开招聘公告,2021/11/5,54
533,陆军军医大学战创伤医学中心2021年人才招聘,2021/11/5,71
534,2021年洛阳职业技术学院线上招聘,2021/11/5,90
535,鞍山市面向“双一流”建设高校校园招聘2022年应届毕业生公告,2021/11/5,120
536,北方华创微电子2022校园招聘,2021/11/5,106
537,中铁信托博士后创新实践基地 2022年招收博士后研究人员招收简章,2021/11/5,58
538,北京智束科技有限公司2021校园招聘公告,2021/11/5,60
539,北京国望―“科研（光机电软热力控数物化）、管理工程师”招募,2021/11/5,65
540,重庆三峡职业学院2021年博士、硕士研究生人才招聘简章,2021/11/4,208
541,中国科学院计算技术研究所2021年秋冬季博士人才视频双选会,2021/11/4,128
542,南通大学电气工程学院诚聘海内外英才,2021/11/4,102
543,闽南师范大学2021年诚纳英才,2021/11/4,67
544,遂宁银行2022届校园招聘,2021/11/4,88
545,深圳市光明区“万名博士聚光明”,2021/11/4,72
546,2022年石河子大学医学院教师招聘公告,2021/11/4,46
547,紫微科技2021年秋季校园招聘会,2021/11/4,94
548,科学出版社成都有限责任公司实习生招聘,2021/11/4,81
549,【灵动科技】2022校园招聘,2021/11/3,205
550,年薪28万起！中国科学院工程热物理研究所2021年秋冬季博士人才视频双选会,2021/11/3,276
551,江苏鑫康微电子科技有限公司,2021/11/3,122
552,材料科学姑苏实验室博士后招聘公告,2021/11/3,77
553,山东省科学院海洋仪器仪表研究所齐鲁工业大学（山东省科学院）海洋技术科学学院招聘信息,2021/11/3,72
554,福建工程学院马克思主义学院教学科研人员招聘启事,2021/11/3,38
555,福建工程学院2022年师资招聘计划,2021/11/3,45
556,厦门工学院2021-2022学年高层次人才（博士）引进计划,2021/11/3,53
557,闽江学院2021下半年度高层次人才招聘公告,2021/11/3,31
558,苏州系统医学研究所2021-2022年招聘,2021/11/3,53
559,江苏科技大学2021年诚聘海内外优秀人才,2021/11/3,60
560,中国科学院微生物所病毒感染与免疫相关博士后岗招聘,2021/11/3,36
561,从医兴教 育才报国-西南医科大学2021年诚聘海内外英才,2021/11/3,50
562,四川大学锦江学院2021年人才招聘,2021/11/3,185
563,昆山市2021年度专业化青年人才定岗特选,2021/11/3,48
564,石河子大学政法学院2022年人才招聘,2021/11/3,54
565,南宁职业技术学院公开招聘博士研究生公告,2021/11/3,41
566,2021常州大学诚邀海内外人才共谋发展,2021/11/3,34
567,常熟理工学院2021年人才招聘,2021/11/2,114
568,瓯江实验室校园招聘简章,2021/11/2,108
569,广州华夏职业学院2021年招聘公告,2021/11/2,71
570,西南医科大学2021年诚聘海内外英才,2021/11/2,71
571,清华大学材料课题组招聘热电/热障/结构陶瓷博士后,2021/11/2,67
572,中建材蚌埠玻璃工业设计研究院2022年校园招聘,2021/11/2,64
573,2022一飞院招聘简章,2021/11/2,280
574,北京国望光学科技有限公司招聘信息,2021/11/2,35
575,来RC做自己的盖世英雄！-瑞斯康达2022年空宣,2021/11/2,83
576,战略支援部队某部队直接选拔招录军官和公开招考文职人员,2021/11/2,447
577,潍坊医学院2021年诚聘海内外优秀博士,2021/11/2,32
578,浙江工业大学之江学院2021年公开招聘工作人员（非事业编制）公告,2021/11/2,66
579,枣庄学院2021年人才招聘启事,2021/11/2,55
580,四川省国土空间生态修复与地质灾害防治研究院 2022年招聘专业技术人员公告,2021/11/2,111
581,中国互联网金融协会系统 2022年校园招聘公告,2021/11/1,168
582,中通服设计院2022届秋季校园招聘,2021/11/1,149
583,2022年广西北部湾银行与复旦大学联合招收博士后研究人员通告,2021/11/1,56
584,台州学院高等研究院大数据智能医疗研究所招聘启事,2021/11/1,50
585,暨南大学附属第一医院最高年薪66万+招聘博士后,2021/11/1,62
586,（浙江）丽水学院2021年下半年人才招聘启事,2021/11/1,43
587,长春应化所首届国际青年论坛,2021/11/1,32
588,香港中文大学（深圳）诚聘海内外优秀人才,2021/11/1,63
589,河北农业大学2021年选聘博士公告,2021/11/1,37
590,美国路易斯安那州立大学医学院招聘博士后,2021/11/1,50
591,天津市教育科学研究院2021年第二批公开招聘方案,2021/11/1,51
592,水利部长江水利委员会长江科学院2022年度校园招聘(博士岗位)公告,2021/11/1,56
593,东兴证券股份有限公司2022校园招聘,2021/11/1,54
594,佰墨思（成都）数字技术有限公司Java开发工程师招聘,2021/11/1,79
595,中国科学院国家空间科学中心2022年应届毕业生招聘,2021/11/1,128
596,烟台东方威思顿电气有限公司2022届校园招聘简章,2021/11/1,47
597,中国科学院国家空间科学中心  2022年特别研究助理招聘启事,2021/11/1,100
598,南昌航天科技集团有限公司2021年人才招聘公告,2021/11/1,77
599,乘风时代，逐梦央企研究院 ――中国电信研究院诚邀您加入,2021/11/1,102
600,中国华电集团有限公司 2022年“青年骏才”招聘和校园招聘公告,2021/11/1,348
601,材料科学姑苏实验室2021年高层次人才招聘,2021/11/1,36
602,山东省科学院海洋仪器仪表研究所2021-2022年招聘,2021/11/1,91
603,深圳市钛锋智能有限公司2022届校园招聘,2021/10/31,96
604,南方报业2022校园招聘公告,2021/10/31,107
605,青岛智腾微电子有限公司2022年校园招聘,2021/10/30,120
606,合肥安晶龙电子股份有限公司2022届校园招聘,2021/10/29,118
607,中国热带农业科学院南亚热带作物研究所湛江站实验站2021年第六批博士研究生人员公开招聘公告,2021/10/29,74
608,东北农业大学2021年下半年人才公开招聘公告,2021/10/29,74
609,北京雄恩数学培训学校2022年校园招聘,2021/10/29,69
610,聚英才，冲一流，创未来-山东第一医科大学(山东省医学科学院)2021年诚聘海内外优秀人才,2021/10/29,66
611,凯普生物2022届校园招聘,2021/10/29,88
612,湘潭大学2021年博士后招聘简章,2021/10/29,82
613,2021年海军工程大学面向社会公开招考文职人员预告,2021/10/29,233
614,铁科院咨询公司2022年校园招聘,2021/10/29,167
615,中邮信息科技（北京）有限公司 2022年秋季校园招聘,2021/10/28,181
616,中国电子科技集团公司第十三研究所 2022届校园招聘,2021/10/28,602
617,佛山仙湖实验室招聘启事,2021/10/28,130
618,上消所2022校招,2021/10/28,182
619,重庆邮电大学2021-2022年招聘启事,2021/10/28,230
620,重庆工程学院2021年高层次人才招聘简章,2021/10/28,88
621,嘉应学院2021-2022年人才招聘启事,2021/10/28,44
622,厦门大学嘉庚学院2021-2022学年人才招聘启事,2021/10/28,46
623,浙江大学王绪化团队招聘博士后和科研助理,2021/10/28,43
624,南通大学电气工程学院诚聘海内外英才,2021/10/28,48
625,岭南现代农业科学与技术广东省实验室高端人才、拔尖人才招聘公告,2021/10/28,43
626,携手师大 筑梦未来-江苏师范大学2021年人才引进政策及计划,2021/10/28,55
627,苏州苏高新集团有限公司 2022校园招聘公告,2021/10/28,93
628,上汽大众2022校园招聘,2021/10/28,340
629,贵州航天天马机电科技有限公司成都研究院分公司,2021/10/28,158
630,河北中瓷电子科技股份有限公司工艺工程师招聘,2021/10/28,57
631,首都师范大学2021年博士后科研人员招收公告,2021/10/28,56
632,湖州师范学院量子物理研究中心高层次人才招聘启事,2021/10/28,55
633,河北中瓷电子科技股份有限公司招聘产品研发设计师,2021/10/28,31
634,泉意光罩光电科技（济南）有限公司 2022应届毕业生招聘,2021/10/28,70
635,引才正当时 共筑西华梦-西华大学2021年人才招聘公告,2021/10/27,152
636,北京炬玄智能科技有限公司,2021/10/27,83
637,招商局通商融资租赁有限公司2022年度 校园招聘简章,2021/10/27,79
638,厦门工学院2021-2022学年高层次人才（博士）引进计划,2021/10/27,67
639,百年复兴路 科学正当时-中国科学院青岛生物能源与过程研究所博士后招聘需求,2021/10/27,65
640,江苏科技大学2021年诚聘海内外优秀人才,2021/10/27,93
641,福建工程学院智慧海洋与工程研究院人才招聘启事,2021/10/27,44
642,福建工程学院2022年师资招聘计划,2021/10/27,42
643,山东省科学院激光研究所2021年人才招聘简章,2021/10/27,67
644,桂林电子科技大学2021年高层次人才招聘公告,2021/10/27,104
645,山东省科学院海洋仪器仪表研究所齐鲁工业大学（山东省科学院）海洋技术科学学院招聘,2021/10/27,46
646,中科南京智能技术研究院招聘简章,2021/10/27,90
647,兴义民族师范学院2021年人才引进公告,2021/10/27,74
648,云南省公路科学技术研究院2022年劳动合同制专业技术人员校园招聘简章,2021/10/27,102
649,四川邮政2022年校园招聘,2021/10/27,297
650,南方医科大学南方医院―杰青团队博士后招聘,2021/10/26,83
651,启明信息技术股份有限公司2022年校园招聘简章,2021/10/26,138
652,广州华夏职业学院2021年招聘公告,2021/10/26,71
653,西南医科大学2021年诚聘海内外英才,2021/10/26,68
654,重庆交通职业学院,2021/10/26,280
655,烟台东方威思顿电气有限公司2022届校园招聘简章,2021/10/26,71
656,11月12日二十余省市高校联合启动第23届博士人才云端选聘会（初审+面试）,2021/10/26,105
657,高层次人才网秋冬季博士专场网络视频双选会,2021/10/26,84
658,厦门市产品质量监督检验院公开招聘专业人才简章,2021/10/26,75
659,华安基金管理有限公司2022届校园招聘简章 智诚相伴  共赴未来,2021/10/26,69
660,中国计量大学工业与商贸计量技术研究所博士招聘,2021/10/26,50
661,北京安必奇生物2022届生物医药人才招募,2021/10/26,75
662,2021年高凯技术秋季校园招聘,2021/10/26,94
663,中国科学院微电子研究所低功耗智能芯片与系统团队招聘,2021/10/25,229
664,苏州天准科技 2022届校园招聘（空宣时间10月27日19：00）,2021/10/25,84
665, 2021年下半年广东省汕尾市事业单位公开招聘高层次急需紧缺人才公告,2021/10/25,107
666,暨南大学附属第一医院最高年薪66万+招聘博士后,2021/10/25,54
667,台州学院高等研究院――智能信息处理研究所招聘启事,2021/10/25,46
668,（浙江）丽水学院2021年下半年人才招聘启事,2021/10/25,61
669,中国科学院长春应用化学研究所2021年度招聘启事,2021/10/25,47
670,香港中文大学（深圳）诚聘海内外优秀人才,2021/10/25,63
671,河北农业大学2021年选聘博士公告,2021/10/25,35
672,亿联银行2022年校园招聘,2021/10/25,51
673,季华实验室2022届应届毕业生  校园招聘公告,2021/10/25,81
674,有研科技集团有限公司2022年毕业生招聘公告,2021/10/25,81
675,南宁职业技术学院2021年公开招聘,2021/10/25,97
676,石家庄铁道大学2021年博士招聘公告,2021/10/25,71
677,泸州老窖集团有限责任公司 2022校园招聘简章,2021/10/25,159
678,保华微电子有限公司嵌入式工程师招聘【机械、电子、通信、自动化等专业优先】,2021/10/25,125
679,白城医学高等专科学校2021年招聘高层次人才公告,2021/10/25,56
680,中共河北省委党校（河北行政学院）2021年诚聘英才,2021/10/25,46
681,于金秋 赴桂工-桂林理工大学2021年,2021/10/25,60
682,陆军第七十三集团军医院2021年招聘简章,2021/10/24,230
683,捷普科技成都有限公司2022校园招聘,2021/10/23,283
684,东正光学2022校园招聘,2021/10/23,234
685,兴工微2022届校园招聘,2021/10/22,171
686,奋斗百年路 启航新征程-湘潭大学2021年诚聘海内外人才,2021/10/22,118
687,中国电子科技集团公司第二十二研究所 2022年度校园招聘,2021/10/22,605
688,北京创世宏景专利商标代理有限责任公司校园招聘专利代理人助理和专利流程专员兼行政助理,2021/10/22,62
689,浙江大学王绪化团队招聘博士后和科研助理,2021/10/22,74
690,嘉应学院2021-2022年人才招聘启事,2021/10/22,50
691,重庆工程学院2021年高层次人才招聘简章,2021/10/22,91
692,重庆邮电大学2021-2022年招聘启事,2021/10/22,114
693,深圳综合粒子设施研究院校园招聘公告,2021/10/22,63
694,【综合1场&综合2场】高校人才网2021年秋冬季博士人才视频双选会邀请函,2021/10/22,128
695,国泰君安证券四川分公司 2022年校园招聘公告,2021/10/22,168
696,海南贯成私募基金管理有限公司基金经理助理招聘,2021/10/22,78
697,石河子大学政法学院2022年人才招聘,2021/10/22,78
698,2022年石河子大学生命科学学院公开招聘教师简章,2021/10/22,78
699,前海深蕾科技集团2022应届生招聘简章,2021/10/21,118
700,深圳莱宝高科技股份有限公司诚邀加入,2021/10/21,117
701,玉溪师范学院2021年常年招聘博士公告,2021/10/21,80
702,闽江学院2021下半年度高层次人才招聘公告,2021/10/21,71
703,新乡航空工业（集团）有限公司2022届校园招聘,2021/10/21,142
704,厦门工学院2021-2022学年高层次人才（博士）引进计划,2021/10/21,66
705,龙芯中科2022校园招聘,2021/10/21,161
706,福建工程学院马克思主义学院教学科研人员招聘启事,2021/10/21,35
707,福建工程学院2022年师资招聘计划,2021/10/21,46
708,诚邀英才 同心筑梦  南京晓庄学院2021年下半年公开招聘人才公告,2021/10/21,63
709,厦门大学嘉庚学院2021-2022学年人才招聘启事,2021/10/21,49
710,材料科学姑苏实验室博士后招聘公告,2021/10/21,47
711,苏州系统医学研究所2021-2022年招聘,2021/10/21,42
712,北京邮电大学信息与通信工程学院康桂霞教授团队招聘人才,2021/10/21,92
713,中国科学院武汉岩土力学研究所科研岗位和特别研究助理（含博士后）招聘简章【长期有效】,2021/10/21,66
714,航天时代飞鹏有限公司校招,2021/10/21,116
715,华中农业大学2022年辅导员招聘公告 （博士学位辅导员实行年薪制）,2021/10/21,213
716,成都未尔科技有限公司2021年秋季校园招聘,2021/10/21,149
717,哈尔滨工业大学人工智能研究院有限公司2022校园招聘岗位,2021/10/21,77
718,中国广电广州网络股份有限公司2022届秋季校园招聘,2021/10/21,67
719,2022年浙江珏芯微电子有限公司校招招聘信息,2021/10/21,64
720,嘉兴职业技术学院公开招聘高层次紧缺人才（教职人员）剩余岗位说明,2021/10/21,101
721,粤开证券股份有限公司2022届校园招聘,2021/10/21,65
722,中德证券创新融资部实习生招聘,2021/10/21,72
723,深圳电器公司2022年校园招聘,2021/10/20,114
724,清源创新实验室博士科研人员和博士后招聘公告,2021/10/20,114
725,河池学院2021年人才招聘公告,2021/10/20,118
726,深圳北芯生命科技股份有限公司2022届校园招聘,2021/10/20,109
727,成都纺织高等专科学校2021年人才招聘公告,2021/10/20,343
728,多彩贵州航空有限公司面向电子科技大学开展招录管培生工作的招聘简章,2021/10/20,209
729,山西国科公司-技术岗位,2021/10/20,92
730,广州航海学院 广州交通大学（筹）2021年第一批人才招聘公告,2021/10/20,76
731,北京国望―“科研(光机电软热力控数物化)、管理工程师”招募,2021/10/20,103
732,星海扬帆，圆梦航天―吉天星舟2022招聘简章,2021/10/20,180
733,中国地震局地球物理研究所高层次人才引进公告,2021/10/20,162
734,电子科技大学医学院附属肿瘤医院・四川省肿瘤医院2022年招聘公告,2021/10/20,151
735,现场宣讲 | 10月25日 | 佰维存储2022届校招正式启动！,2021/10/19,192
736,“服务央行 筑梦成方”-成方金融科技有限公司（中国人民银行软件开发中心）2022年校园招聘,2021/10/19,456
737,南通大学电气工程学院诚聘海内外英才,2021/10/19,68
738,广州华夏职业学院2021年招聘公告,2021/10/19,53
739,西南医科大学2021年诚聘海内外英才,2021/10/19,87
740,江苏科技大学2021年诚聘海内外优秀人才,2021/10/19,76
741,华中师范大学化学学院化学生物学中心招聘博士后,2021/10/19,39
742,辽宁工业大学2021年诚聘人才公告,2021/10/19,66
743,浙商银行总行金融科技部2022校园招聘,2021/10/19,131
744,衢州职业技术学院2021年人才引进公告（专业带头人、博士研究生）,2021/10/19,70
745,浙江理工大学科技与艺术学院关于面向校内外公开招聘专职辅导员的公告,2021/10/19,48
746,滁州学院信息化建设与管理中心2021年度工作人员招聘公告,2021/10/19,48
747,深圳市大数据研究院2021年科研人员招聘,2021/10/19,151
748,中共中山市委党校专任教师招聘,2021/10/19,197
749,龙腾半导体股份有限公司2022届校园招聘,2021/10/19,232
750,【甘肃国企】金川集团面向电子科技大学秋季招聘信息,2021/10/19,148
751,曼迪匹艾（武汉）科技服务有限公司2021秋招,2021/10/19,97
752,诚泰租赁2022校园招聘全面启动,2021/10/19,61
753,成都奥睿药业有限公司2021年招聘,2021/10/19,103
754,清华大学出版社2022校园招聘,2021/10/19,125
755,成都高阳信息技术有限公司硬件工程师招聘,2021/10/19,107
756,成都未尔科技有限公司2022届校园招聘,2021/10/18,130
757,中国石油集团西部钻探工程有限公司工程技术研究院高层次人才招聘启事,2021/10/18,147
758,鼎阳科技2022届校园招聘,2021/10/18,168
759, 中国科学院海西研究院泉州装备制造研究所 信号处理与微波系统创新团队招聘启事,2021/10/18,129
760,河北农业大学2021年选聘博士公告,2021/10/18,61
761,（浙江）丽水学院2021年下半年人才招聘启事,2021/10/18,78
762,台州学院高等研究院大数据智能医疗研究所招聘启事,2021/10/18,42
763,暨南大学附属第一医院最高年薪66万+招聘博士后,2021/10/18,78
764,陆军特色医学中心（大坪医院）肾内科人才招聘,2021/10/18,58
765,大悦城控股西南区域公司2022届校园招聘简章,2021/10/18,140
766,柳州铁道职业技术学院2021-2022学年招聘简章,2021/10/18,83
767,高层次人才网秋冬季博士专场网络视频双选会,2021/10/18,98
768,衢州学院2021年下半年高层次人才招聘公告,2021/10/18,87
769,中国电建集团青海省电力设计院有限公司校园招聘,2021/10/18,95
770,烟台东方威思顿电气有限公司2022届校园招聘简章,2021/10/18,45
771,芜湖启迪半导体有限公司招聘信息,2021/10/18,84
772,中国网安（含中国电科三十所）2022届校园招聘,2021/10/18,484
773,中国网安（含中国电科三十所）2022届校园招聘简章,2021/10/18,165
774,区块链头部企业――湖南天河国云2022届校招,2021/10/17,84
775,西安欧亚学院2022年教师校园招聘,2021/10/15,163
776,中国科学院软件研究所2022年度校园招聘简章,2021/10/15,267
777,深圳银保监局2022年度公务员招考公告,2021/10/15,133
778,深圳三星通信技术研究有限公司2022校园招聘,2021/10/15,274
779,国力股份2022届“国动力”校园招聘,2021/10/15,222
780,浙江大学王绪化团队招聘博士后和科研助理,2021/10/15,99
781,山东省科学院海洋仪器仪表研究所齐鲁工业大学（山东省科学院）海洋技术科学学院招,2021/10/15,94
782,中国科学院长春应用化学研究所2021年度招聘启事,2021/10/15,75
783,香港中文大学（深圳）诚聘海内外优秀人才,2021/10/15,95
784,2022年石河子大学公开招聘事业单位工作人员简章,2021/10/15,113
785,南方医科大学南方医院―杰青团队博士后招聘,2021/10/15,49
786,高毅资产2022年校园招聘,2021/10/15,108
787,粤港澳大湾区重要节点城市――惠州学院2021年招聘专任教师（博士、硕士）,2021/10/15,83
788,中广电设计院2022年高校毕业生公开招聘公告,2021/10/15,174
789,江苏金融租赁股份有限公司 2022年度校园招聘简章----空中宣讲会,2021/10/15,77
790,中国电建集团青海省电力设计院有限公司,2021/10/15,100
791,广州华商职业学院2021年秋季学期人才引进公告,2021/10/15,92
792,广州华立学院2021年日语教师招聘启事,2021/10/15,49
793,厦门理工学院2021年公开招聘,2021/10/15,72
794,瀚辰光翼2022届校园招聘,2021/10/14,130
795,重庆邮电大学2021-2022年招聘启事,2021/10/14,218
796,重庆工程学院2021年高层次人才招聘简章,2021/10/14,132
797,嘉应学院2021-2022年人才招聘,2021/10/14,78
798,深圳综合粒子设施研究院校园招聘公告,2021/10/14,69
799,蓝鸽集团有限公司2022校招简章,2021/10/14,114
800,杭州凯龙医疗器械有限公司2022届校园招聘,2021/10/14,78
801,贵州航天天马机电科技有限公司成都研究院分公司,2021/10/14,136
802,国家超级计算深圳中心（2021年）博士后、高级研究员招聘简章,2021/10/14,69
803,2022深迪半导体校园招聘,2021/10/14,195
804,航天行云（航天科工四院卫星总体单位）2022年度校园招聘,2021/10/14,404
805,梦耀南湖 创想未来丨南湖实验室2022秋季校园招聘正式启动！,2021/10/14,156
806,鼎智通讯2022校园招聘会,2021/10/14,153
807,滨州医学院2021年面向全球招聘,2021/10/14,85
808,国家电网有限公司大数据中心  2022年高校毕业生校园招聘公告,2021/10/14,503
809,中国电子科技集团公司第三十四研究所（军工单位、事业编制）,2021/10/14,758
810,巨磁智能【长沙研发中心】2022年秋季校园招聘,2021/10/13,39
811,苏州高新区2021年度专业化青年人才定岗特选简章,2021/10/13,367
812,中国电子科技南湖研究院,2021/10/13,288
813,汇聚国之栋梁 成就卓越人生  中国电子科技集团公司电子科学研究院2022届校园招聘启动,2021/10/13,249
814,2021年石家庄二中实验学校招聘公告,2021/10/13,160
815,绍兴市中等专业学校2022年新教师招聘邀约函,2021/10/13,122
816,深圳通创通信有限公司校园招聘（20211021双选会）,2021/10/13,164
817,青岛鼎信通讯22届校园招聘简章,2021/10/13,78
818,国家计算机网络应急技术处理协调中心国家中心2022年校园招聘,2021/10/13,503
819,山东临工2022届校园招聘简章,2021/10/13,88
820,深圳市国电科技通信有限公司22届校园招聘,2021/10/13,136
821,白城医学高等专科学校2021年招聘高层次人才公告,2021/10/13,94
822,厦门市产品质量监督检验院公开招聘专业人才简章,2021/10/13,53
823,北京忆芯科技有限公司校园招聘,2021/10/13,90
824,航空工业泛华航空仪表电器有限公司招聘,2021/10/13,179
825,三环集团2022届未来之星校园招聘,2021/10/12,252
826,上海航天八院802所2022届校园招聘,2021/10/12,252
827,TCL 实业2022届全球青年人才招聘,2021/10/12,230
828,成都天锐星通科技有限公司2022年秋季校园招聘会,2021/10/12,246
829,厦门大学嘉庚学院2021-2022学年人才招聘启事,2021/10/12,91
830,材料科学姑苏实验室博士后招聘公告,2021/10/12,69
831,【成都站】高校人才网2021年秋冬季博士人才现场巡回招聘会邀请函,2021/10/12,152
832,福建工程学院2022年师资招聘计划,2021/10/12,61
833,福建工程学院马克思主义学院教学科研人员招聘启事,2021/10/12,35
834,厦门工学院2021-2022学年高层次人才（博士）引进计划,2021/10/12,51
835,闽江学院2021年度高层次人才招聘公告,2021/10/12,34
836,中科南京智能技术研究院招聘简章,2021/10/12,101
837,无锡先进技术院研究院2022年校园招聘简章,2021/10/12,116
838,人社部指导-中博会高层次人才洽谈会 （2021年度）秋季巡回面试会-电子科技大学线下硕博专场,2021/10/12,302
839,益思芯科技---创新DPU的先行者 诚邀加盟,2021/10/12,47
840,中国电科五十所招聘通信研发工程师,2021/10/12,484
841, 北京九章云极2021年10月14日14点-电子科技大学宣讲会-主楼B1-104,2021/10/12,74
842,飞芯电子2022届校园招聘,2021/10/12,177
843,衢州职业技术学院高层次人才引进公告,2021/10/12,106
844,湖南天河国云2021秋招,2021/10/12,78
845,苏州顺芯半导体有限公司2022届校园招聘,2021/10/12,85
846,上海复旦微电子集团股份有限公司2022年校园招聘,2021/10/12,145
847,南京科远智慧科技集团电子科技大学专场宣讲会(10月14日 品学楼 b206 14:00),2021/10/12,66
848,光启2022年校招,2021/10/12,134
849,中国科学院武汉岩土力学研究所科研岗位和特别研究助理（含博士后）招聘简章,2021/10/12,89
850,广州金融控股集团2021年博士后招聘,2021/10/11,52
851,中国科学院微小卫星创新研究院2022届校园招聘,2021/10/11,141
852,中国石化上海石油化工研究院2021年人才招聘,2021/10/11,86
853,广州华夏职业学院2021年招聘公告,2021/10/11,57
854,江苏科技大学2021年诚聘海内外优秀人才,2021/10/11,74
855,西南医科大学2021年诚聘海内外英才,2021/10/11,90
856,中国科学院微电子研究所低功耗智能芯片与系统团队招聘,2021/10/11,113
857,南通大学电气工程学院诚聘海内外英才,2021/10/11,49
858,成都医学院2021年直接考核招聘博士、副高及以上高层次人才公告,2021/10/11,96
859,福建永福电力设计股份有限公司2022年校园招聘,2021/10/11,59
860,中国科学报社2022年毕业生招聘启事,2021/10/11,76
861,纵目科技2022校园招聘 ――万纵瞩目，只因有你,2021/10/11,78
862,惠州华阳通用2022届校园招聘简章,2021/10/11,39
863,贵州医科大学2021年引进人才公告,2021/10/11,89
864,爱凡哲投资管理有限公司IT运维工程师2022招聘,2021/10/11,34
865,西南证券2022届秋季校园招聘,2021/10/11,88
866,成都精灵云科技有限公司2022届校招,2021/10/11,199
867,成方金融科技有限公司（中国人民银行软件开发中心）2022年校园招聘,2021/10/11,92
868,成都先导药物开发股份有限公司2022届校园招聘,2021/10/11,134
869,高层次人才网秋冬季博士专场网络视频双选会,2021/10/11,110
870,巢湖学院2021年度专职辅导员公开招聘（第二批）预公告,2021/10/11,96
871,清华四川能源互联网研究院人力资源实习生招聘,2021/10/11,222
872,首都师范大学2021年博士后科研人员招收公告,2021/10/11,61
873,物泊科技2022届校园招聘-“领航”计划,2021/10/11,76
874,江苏鑫康微电子科技有限公司招聘,2021/10/10,24
875,启明信息技术股份有限公司2022年校园招聘简章,2021/10/10,166
876,苏州大学未来校区人才招聘公告,2021/10/10,171
877,深圳迈塔兰斯科技有限公司2022校园招聘,2021/10/10,126
878,网易有道2022校园招聘宣讲会,2021/10/10,230
879,兴业银行深圳分行2022届校园招聘,2021/10/10,92
880,声网Agora2022校园招聘,2021/10/9,140
881,声网2022校园大使,2021/10/9,106
882,中国科学院上海巴斯德研究所2021年度招,2021/10/9,196
883,成都新易盛通信技术股份有限公司2022届校园招聘,2021/10/9,208
884,金控公司-股权投资岗,2021/10/9,102
885,旗遇未来，云程万里――达实旗云2022届校园招聘会,2021/10/9,89
886,暨南大学附属第一医院最高年薪66万+招聘博士后,2021/10/9,47
887,台州学院高等研究院大数据智能医疗研究所招聘启事,2021/10/9,38
888,中国联通智网创新中心2022校园招聘,2021/10/9,46
889,（浙江）丽水学院2021年下半年人才招聘启事,2021/10/9,43
890,苏州国际发展集团有限公司博士后招聘,2021/10/9,33
891,河北农业大学2021年选聘博士公告,2021/10/9,52
892,苏州系统医学研究所2021-2022年招聘,2021/10/9,44
893,深信服科技2022校招市场&技服专项,2021/10/9,72
894,河北化工医药职业技术学院2021年选聘工作人员公告（空余岗位）,2021/10/9,58
895,霍莱沃2022校园招聘,2021/10/9,77
896,浦汇金英 创造卓越 ―― 浦银租赁2022年度校园招聘,2021/10/9,91
897,“新能源时代，奋发有为”惠州亿纬锂能股份有限公司2022校园招聘,2021/10/8,111
898,广西医科大学2021年博士人才招聘公告,2021/10/8,69
899,中国航发商发2022届校园招聘简章,2021/10/8,151
900,四川航天七零六信息科技有限公司校园招聘启事,2021/10/8,522
901,深圳通创通信有限公司校园招聘,2021/10/8,114
902,富迪科技（南京）有限公司2022届校园招聘 ,2021/10/8,83
903,国网湖北省电力有限公司2022年校园招聘公告,2021/10/8,356
904,华夏理财有限责任公司2022年校园招聘启事,2021/10/8,75
905,浙江大学王绪化团队招聘博士后和科研助理,2021/10/8,59
906,山东省科学院海洋仪器仪表研究所齐鲁工业大学（山东省科学院）海洋技术科学学院招聘,2021/10/8,52
907,中国科学院长春应用化学研究所2021年度招聘启事,2021/10/8,46
908,香港中文大学（深圳）诚聘海内外优秀人才,2021/10/8,57
909,东北农业大学2021年下半年人才公开招聘公告,2021/10/8,61
910,中国网安（含中国电科三十所）2022届校园招聘,2021/10/8,560
911,潍坊学院2021年人才招聘启事,2021/10/8,79
912,高层次人才网秋冬季博士专场网络视频双选会,2021/10/8,96
913,厦门市产品质量监督检验院公开招聘专业人才简章,2021/10/8,79
914,北京国望―“科研、管理工程师”招募（10.12线下宣讲）,2021/10/8,92
915,巨磁智能【长沙研发中心】2022年秋季校园招聘,2021/10/8,75
916,成都中医药大学2021年10月招聘编制外工作人员公告,2021/10/8,188
917,成都中医药大学2021年10月招聘辅导员公告,2021/10/8,490
918,ASM先进科技（中国）有限公司 2022校园招聘,2021/10/8,209
919,衡阳镭目科技有限责任公司2022校园招聘来袭！,2021/10/8,70
920,四川传媒学院招聘公告,2021/10/8,828
921,中科院空天院粤港澳大湾区研究院2022年度校园招聘,2021/10/8,197
922,国家开发银行新疆分行2022年高校毕业生招聘公告,2021/10/7,110
923,大连海事大学航海学院地理信息科学专业诚聘优秀人才,2021/10/7,93
924,烟台东方威思顿电气有限公司2022届校园招聘简章,2021/10/7,55
925,浙江泰隆商业银行2022届秋季校园招聘,2021/10/7,48
926,国开金融有限责任公司2022年高校毕业生招聘公告,2021/10/7,120
927,深圳英飞源技术有限公司 2022届校园招聘,2021/10/7,77
928,投身高新发展・闪耀星晨未来――沈阳高发投集团“管理培训生-星晨计划”校园招聘,2021/10/7,50
929,中孚信息2022校园招聘,2021/10/6,259
930,滨州职业学院2021年博士招聘,2021/10/6,102
931,南京大学普惠三农金融科技创新研究中心2021青年教师（大数据AI区块链）岗招聘,2021/10/5,128
932,深圳市微源半导体股份有限公司,2021/10/5,60
933,国家开发银行广西分行2022年高校毕业生招聘公告,2021/10/4,202
934,中国船舶集团第七九研究所2022年校园招聘,2021/10/3,622
935,深圳市同为数码科技股份有限公司2022届校园招聘,2021/9/30,251
936,金元证券股份有限公司2022届应届生校园招聘,2021/9/30,151
937,即刻出发 铂力特2022“新特力”校园招聘全面开启,2021/9/30,187
938,2022威高（苏州）医疗器械研究院有限公司秋季招聘,2021/9/30,201
939,华润电科院2022届校园招聘启动啦,2021/9/30,341
940,2022届通创通信校园招聘,2021/9/30,150
941,成都寰蓉光电科技有限公司招聘信息,2021/9/30,276
942,南京摄星智能2022届应届毕业生招聘简章,2021/9/30,99
943,上海大学2022年博士毕业生招聘（流动编制）,2021/9/30,150
944,国家超级计算济南中心“百千万”人才工程 诚聘优秀博士,2021/9/30,112
945,重庆国际免疫研究院2021年人才招聘,2021/9/30,123
946,重庆邮电大学2021-2022年招聘启事,2021/9/30,263
947,重庆工程学院2021-2022年教职工招聘简章,2021/9/30,199
948,嘉应学院2021-2022年人才引进,2021/9/30,104
949,滨州学院诚聘海内外优秀人才,2021/9/30,80
950,海南热带海洋学院公开招聘二级学院院长、副院长及部分机关教辅负责人公告,2021/9/30,37
951,国信证券股份有限公司博士后科研工作站  2022年招收博士后 ,2021/9/30,53
952,2021年下半年广东省汕尾市事业单位公开招聘高层次急需紧缺人才公告,2021/9/30,111
953,维塔士游戏成都工作室2022届秋招,2021/9/30,105
954,成都深蓝思维信息技术有限公司招聘软件开发工程师,2021/9/30,125
955,宁波市面向2022届优秀高校毕业生选聘高层次紧缺人才综合公告,2021/9/30,171
956,巨磁智能【长沙研发中心】2022年秋季校园招聘,2021/9/30,70
957,成都东软学院2022年校园招聘,2021/9/29,422
958,国科电雷（北京）电子装备技术有限公司成都分公司2022年校园招聘,2021/9/29,214
959,四川省地质工程勘察院集团有限公司2022年招聘公告,2021/9/29,196
960,浦发银行科技子公司（筹）2022年度校园招聘,2021/9/29,176
961,广东机电职业技术学院、广东省博士工作站2021年博士研究生招聘公告,2021/9/29,78
962,厦门大学嘉庚学院2021-2022学年人才招聘启事,2021/9/29,78
963,材料科学姑苏实验室博士后招聘公告,2021/9/29,62
964,广东智能无人系统研究院 2022年校园招聘公告,2021/9/29,136
965,厦门工学院2021-2022学年高层次人才（博士）引进计划,2021/9/29,57
966,闽江学院2021年度高层次人才招聘公告,2021/9/29,44
967,南京工业大学马克思主义学院诚聘高层次人才,2021/9/29,57
968,苏州高端彩超制造商-苏州飞依诺科技 热招机械、电子、生物医学工程等专业应届学生,2021/9/29,76
969,北京国双2022年校园招聘 ――初生一派，数智未来,2021/9/29,80
970,采埃孚中国2022届校园宣讲会,2021/9/29,140
971,智能安防和自动驾驶领域人工智能芯片的设计和应用，暨为旌科技2022届校园招聘宣讲会,2021/9/29,151
972,苏州鸿凌达电子2022年校园招聘,2021/9/29,115
973,高层次人才网秋冬季博士专场网络视频双选会,2021/9/29,79
974,国防科技大学气象海洋学院教学岗位人员招聘公告,2021/9/29,94
975,新疆大学信息科学与工程学院 招聘简介,2021/9/29,193
976,生物医学硕博人才-安必奇生物2022届校园招聘,2021/9/29,88
977,小初高各科专任教师,2021/9/29,240
978,信梦想，期未来 | 中信期货2022校园招聘,2021/9/29,77
979,凯迈（洛阳）测控有限公司2022年校园招聘公告,2021/9/28,121
980,意昂神州-中原国际新能源汽车院-实习生招聘,2021/9/28,90
981,湖北省招标股份有限公司2022校园招聘,2021/9/28,80
982,康明斯2022届秋季校园招聘全面启动,2021/9/28,177
983,中国能源建设集团安徽省电力设计院有限公司 2022年高校应届毕业生招聘公告,2021/9/28,133
984,中国航发沈阳发动机研究所2022届校园招聘全面启动,2021/9/28,113
985,中德证券有限责任公司2022年校园招聘,2021/9/28,87
986,中国科学院微小卫星创新研究院2022届校园招聘,2021/9/28,221
987,“我敢做Star”赛思倍斯2022届校园招聘,2021/9/28,110
988,奇安信集团2022秋季校园招聘简章,2021/9/28,165
989,中国电子科技集团公司第五十研究所2022校园招聘公告,2021/9/28,495
990,武汉华海通用电气有限公司,2021/9/28,50
991,关于中外人文交流（重庆） 试验园区・成渝双城（荣昌） 国际教育小镇建设办公室的招聘公告,2021/9/28,208
992,重庆外语外事学院公开招聘2021年人才招聘空缺岗位一览表,2021/9/28,158
993, 资本市场学院2022年应届毕业生招聘公告,2021/9/28,107
994,长沙银行2022全球校园招聘启事,2021/9/28,91
995,中国兵器工业第五九研究所2022英才招聘,2021/9/28,494
996,巨鲨医疗2022届秋招招聘简章,2021/9/28,103
997,广西钦州市钦南区2021年“引才聚贤” 集中招聘公告,2021/9/27,332
998,10月22日 | 国内高校联合举办（第十七届）博士人才云端招聘会,2021/9/27,79
999,【校园直通卡 方以汇聚】上海卡方信息科技2022校招,2021/9/27,92
1000,中国化学华陆工程科技有限责任公司2022年校园招聘,2021/9/27,107
1001,“服务央行，筑梦成方”-成方金融科技有限公司2022年校园招聘,2021/9/27,143
1002,和利时集团2022届校园招聘,2021/9/27,125
1003,中国石油集团昆仑数智科技有限责任公司2022届毕业生招聘简章,2021/9/27,114
1004,华南中石油国际事业有限公司2022年应届毕业生管培岗（编内）,2021/9/27,117
1005,广西中石油国际事业有限公司2022届应届高校毕业生招聘,2021/9/27,68
1006,万众一芯2022届校园招聘,2021/9/27,248
1007,中国航天科工南京晨光集团2022校园招聘,2021/9/27,226
1008,广州华夏职业学院2021年招聘公告,2021/9/27,77
1009,苏州系统医学研究所2021年招聘,2021/9/27,52
1010,意昂神州- 中原国际新能源汽车研究院2021年校园招聘    ,2021/9/27,77
1011,西南医科大学2021年诚聘海内外英才,2021/9/27,90
1012,江苏科技大学2021年诚聘海内外优秀人才,2021/9/27,64
1013,上海思博职业技术学院2021年招聘信息,2021/9/27,55
1014,贝特莱电子2022年校园招聘,2021/9/27,117
1015,江苏交控2022届高校毕业生及在职人才招聘公告,2021/9/27,50
1016,荣耀2022届营销服务部校招开启!,2021/9/27,87
1017,“福载青春，耀你同行”福耀集团2022年校园招聘空中宣讲会研发技术专长,2021/9/27,61
1018,2022年上海中核浦原校园招聘会,2021/9/27,73
1019,中国热带农业科学院南亚热带作物研究所湛江站实验站2021年博士研究生人员岗位公开招聘公告,2021/9/27,86
1020,烟台东方威思顿电气有限公司2022届校园招聘简章,2021/9/27,74
1021,广西科技大学2021-2022年面向海内外诚聘优秀人才,2021/9/27,127
1022,杭州沃镭智能2022届校园招聘,2021/9/27,96
1023,曲靖市商业银行股份有限公司,2021/9/27,65
1024,中国科学院海西研究院泉州装备制造研究所 信号处理与微波系统创新团队招聘启事,2021/9/27,106
1025,中国电科13所2022届校园招聘（石家庄、苏州）,2021/9/27,255
1026,万集科技2022届校园招聘,2021/9/26,148
1027,东北电力大学2021年秋季招聘公告,2021/9/26,110
1028,中国船舶第八研究院（扬州院区・原七二三所）诚聘人才公告,2021/9/26,197
1029,中国电子科技集团公司第四十一研究所2022校园招聘,2021/9/26,556
1030,艾瑞巴蒂，快到Marvel Stone的碗里来！！！,2021/9/26,161
1031,成都新易盛通信2022届校园大使招聘,2021/9/26,116
1032,成都新易盛通信2022校招空中宣讲会,2021/9/26,78
1033,成都新易盛通信技术股份有限公司2022届校园招聘,2021/9/26,164
1034,我们的芯片改变世界  ――安凯微电子2022届校园招聘,2021/9/26,111
1035,北京仁和益科技发展有限公司2022年校园招聘,2021/9/26,63
1036,河北农业大学2021年选聘博士公告,2021/9/26,53
1037,暨南大学附属第一医院最高年薪66万+招聘博士后,2021/9/26,63
1038,台州学院高等研究院大数据智能医疗研究所招聘启事,2021/9/26,42
1039,丽水学院2021年下半年人才招聘启事,2021/9/26,69
1040,中国建设银行信用卡中心2022年度校园招聘,2021/9/26,150
1041,佛山仙湖实验室招聘启事,2021/9/26,68
1042,中国电科第四十七研究所2022届校园招聘,2021/9/26,401
1043,巨磁智能【长沙研发中心】2022年秋季校园招聘,2021/9/26,66
1044,东莞市天域半导体科技有限公司TYSiC2022校园招聘,2021/9/26,113
1045,2022应届生（本科、硕士）,2021/9/26,266
1046,山东第一医科大学（山东省医学科学院）诚邀海内外青年才俊参加2021国际青年学者论坛,2021/9/26,41
1047,成都稳海半导体有限公司2022年校园招聘--模拟IC设计、器件开发、版图设计工程师,2021/9/26,183
1048,江苏医药职业学院2021年拟公开招聘计划,2021/9/26,43
1049,湖州职业技术学院2021年下半年招聘辅导员公告,2021/9/26,90
1050,广州安凯微电子股份有限公司招聘校园大使,2021/9/26,79
1051,山东第一医科大学（山东省医学科学院）,2021/9/26,86
1052,中国船舶第七一六研究所2022校园招聘,2021/9/25,320
1053,南京长江电子信息产业集团有限公司2022届校园招聘,2021/9/25,242
1054,滨州医学院2021年面向全球招聘200名博士  ,2021/9/24,119
1055,“电”亮未来，邀你奔赴星辰大海！                 ――西安电子科技大学2022届校园招聘公告,2021/9/24,455
1056,宽普科技2022年校园招聘,2021/9/24,184
1057,启元世界2022届校园招聘启动啦！,2021/9/24,142
1058,成方金融科技有限公司2022年校园招聘,2021/9/24,155
1059,中科院苏州医工所2021年度校园招聘公告,2021/9/24,117
1060,中国移动党校（中国移动人才发展中心） 2022校园招聘,2021/9/24,416
1061,【传音控股】22届秋季校园招聘,2021/9/24,161
1062,南京科瑞达电子装备有限责任公司2022年校园招聘,2021/9/24,114
1063,深圳元象XVERSE2022校园招聘,2021/9/24,73
1064,浙江大学王绪化团队招聘博士后和科研助理,2021/9/24,72
1065,中国科学院长春应用化学研究所2021年度招聘启事,2021/9/24,58
1066,2022恩斯克秋季校园招聘全面启动,2021/9/24,96
1067,香港中文大学（深圳）诚聘海内外优秀人才,2021/9/24,81
1068,陆军军医大学战创伤医学中心2021年人才招聘,2021/9/24,118
1069,先临三维2022校园招聘,2021/9/24,80
1070,广州中望龙腾软件股份有限公司2022届校园招聘简章,2021/9/24,54
1071,成都中科创达2022届校园招聘,2021/9/24,239
1072,宿迁学院2021年高层次人才招聘公告,2021/9/24,55
1073,湖南毂梁微电子有限公司2021招聘信息,2021/9/24,55
1074,达诚基金2022年招聘信息,2021/9/24,46
1075,西门子工业自动化产品（成都）有限公司 “新生力量” 2022届校园招聘   ,2021/9/24,249
1076,趣之江，让世界看见你-之江实验室2022届校园招聘公告,2021/9/24,79
1077,理想汽车2022届校园招聘火热来袭,2021/9/23,228
1078,中国石油集团渤海钻探工程有限公司校招,2021/9/23,159
1079,携手飞粤，遇见未来！ ――中国石化广东石油2022届校园招聘正式启动,2021/9/23,125
1080,2021年“连聚英才・智汇港城”高校行（成都） 专场推介会招聘信息汇总,2021/9/23,192
1081,德邦快递德邦科技22届校园招聘,2021/9/23,152
1082,浙江臻镭科技股份有限公司2022届校招,2021/9/23,74
1083,上海市金山区2022年选调生及储备人才 招录公告,2021/9/23,318
1084,厦门建发股份有限公司2022届秋招,2021/9/23,55
1085,中国航天科工集团八五一一研究所2022校园招聘公告,2021/9/23,268
1086,重庆国际免疫研究院2021年人才招聘,2021/9/23,71
1087,陕西飞机工业有限责任公司2022届秋季校园招聘会,2021/9/23,136
1088,重庆邮电大学2021-2022年招聘启事,2021/9/23,260
1089,重庆工程学院2021-2022年教职工招聘简章,2021/9/23,131
1090,嘉应学院2021-2022年人才招聘,2021/9/23,56
1091,福建工程学院马克思主义学院教学科研人员招聘启事,2021/9/23,39
1092,福建工程学院2022年师资招聘计划,2021/9/23,52
1093,南京信息工程大学自动化学院精密仪器与设备课题组招聘启事,2021/9/23,64
1094,镭宝光电2022年校招信息,2021/9/23,125
1095,广西师范大学2021年人才招聘公告,2021/9/23,95
1096,实习研究员【本翼资本】,2021/9/23,53
1097,鸿芯微纳2022届校园招聘,2021/9/23,122
1098,中国工商银行云南省分行2022年度校园招聘,2021/9/23,78
1099,中国工商银行2022年度秋季校园招聘启事,2021/9/23,223
1100,松山湖材料实验室2022届校园招聘，即日启动！,2021/9/23,157
1101,东方日立（成都）电控设备有限公司2022年招聘信息,2021/9/23,110
1102,青岛大学转化医学研究院高薪诚聘海内外优秀青年人才,2021/9/23,63
1103,重庆智能工程职业学院2021年诚聘海内外优秀人才,2021/9/23,148
1104,西南医科大学2021年校本部全职引进博士,2021/9/23,95
1105,安克创新2022届秋季校园招聘,2021/9/23,88
1106,绥化学院2021年下半年公开招聘专职辅导员公告,2021/9/23,46
1107,湖州职业技术学院2021年下半年招聘辅导员公告,2021/9/23,60
1108,北京国望――“科研（光机电软热力控物化数）、管理工程师”招募,2021/9/23,67
1109,洛阳麦斯克电子材料股份有限公司多个岗位招聘,2021/9/23,108
1110,中国计量大学2021年诚聘海内外优秀人才公告,2021/9/23,84
1111,腾盾科创2022届英才计划校园招募令,2021/9/23,77
1112,中海油研究总院有限责任公司 博士后科研工作站 2022年博士后招收启事,2021/9/23,91
1113,中海油研究总院有限责任公司 2022年应届毕业生招聘启事,2021/9/23,172
1114,张江实验室光子芯片研发部博士后招聘公告,2021/9/23,109
1115,内蒙古大学常年引进高层次人才公告（中英文版）,2021/9/22,106
1116,黄河科技学院招聘信息,2021/9/22,114
1117,方太集团2021招聘,2021/9/22,134
1118,特变电工2022届校园招聘,2021/9/22,118
1119,福信集团2022届校园招聘简章,2021/9/22,107
1120,龙腾半导体股份有限公司2022届校园招聘,2021/9/22,160
1121,成都芯盟微科技秋招开始啦,2021/9/22,233
1122,唐山市环境规划科学研究院（唐山市生态环境宣传教育中心）校园招聘,2021/9/22,56
1123,大数据建模实习生,2021/9/22,87
1124,洛阳麦斯克电子材料股份有限公司多岗位招聘,2021/9/22,58
1125,中国网安（含中国电科三十所）2022届校园招聘,2021/9/22,455
1126,广东机电职业技术学院、广东省博士工作站2021年博士研究生招聘公告,2021/9/22,59
1127,厦门大学嘉庚学院2021-2022学年人才招聘启事,2021/9/22,81
1128,材料科学姑苏实验室博士后招聘公告,2021/9/22,65
1129,厦门工学院2021-2022学年高层次人才（博士）引进计划,2021/9/22,58
1130,闽江学院2021年度高层次人才招聘公告,2021/9/22,47
1131,清华大学材料课题组招聘热电/热障/结构陶瓷博士后,2021/9/22,44
1132,高层次人才网秋冬季博士专场网络视频双选会,2021/9/22,53
1133,蘑菇街2022届秋招开启啦-研发专场,2021/9/22,105
1134,北方夜视科技（南京）研究院有限公司2022校园招聘简章,2021/9/22,105
1135,民航机场成都电子工程设计有限责任公司2022年校园招聘,2021/9/22,94
1136,“让青春+嘉速不凡”嘉银金科2022校园招聘,2021/9/22,132
1137,中南电力设计院有限公司2022年校园招聘简章,2021/9/22,318
1138,中国工程物理研究院化工材料研究所2021秋季校园招聘,2021/9/21,337
1139,象帝先计算技术（重庆）有限公司,2021/9/21,224
1140,杭州士兰微电子股份有限公司2022届校招岗位,2021/9/21,238
1141,烟台东方威思顿电气有限公司2022届校园招聘简章,2021/9/21,115
1142,民航机场成都电子工程设计有限责任公司2022年校园招聘,2021/9/20,577
1143,寒武纪2022届校园招聘全面进行中,2021/9/19,368
1144,中国科学院微小卫星创新研究院2022届校园招聘,2021/9/19,314
1145,济宁医学院2021年诚聘人才及青年博士,2021/9/19,94
1146,“研创家 营未来”中国移动杭州研发中心（智慧家庭运营中心） 2022研创家校园招聘  ,2021/9/19,159
1147,全国招募专利工程师-集佳2022校园招聘,2021/9/19,88
1148,国民技术股份有限公司2022年校招信息,2021/9/19,141
1149,武汉博畅通信设备有限责任公司校园招聘,2021/9/19,130
1150,中国航天科工集团第四研究院十七所2022届毕业生招聘,2021/9/19,636
1151,空间载荷总体技术研究室（航天二院二十五所十一室）招聘信息,2021/9/19,437
1152,武汉云岭光电诚聘以下职位,2021/9/18,152
1153,【左医科技】【校园招聘2022届】,2021/9/18,127
1154,中国电子科技集团航空电子公司 2022届“航U星”招募,2021/9/18,566
1155,浙江农业商贸职业学院2021年下半年专任教师招聘公告,2021/9/18,140
1156,立功科技・致远电子2022校园招聘,2021/9/18,223
1157,西南医科大学附属口腔医院2021年招聘简章,2021/9/18,110
1158,盛路通信2022届校园招聘,2021/9/18,202
1159,重庆长安望江工业集团有限公司2022届校招简章,2021/9/18,248
1160,广芯电子技术(上海)股份有限公司招聘微电子、电子类相关专业应届毕业生若干名,2021/9/18,160
1161,2022届秋季招聘,2021/9/18,229
1162,巨磁智能【长沙研发中心】2022年秋季校园招聘,2021/9/18,94
1163,中海达2022届校园招聘,2021/9/18,172
1164,蓝月亮2022秋季校园招聘,2021/9/17,122
1165,江苏省工程咨询中心有限公司 2021年度招聘公告,2021/9/17,69
1166,浙江清华柔性电子技术研究院2022届全球校园招聘启动啦！,2021/9/17,164
1167,华发股份2022届校园招聘简章,2021/9/17,172
1168,星火燎原 梦想启航|湖南三湘银行2022校园招聘,2021/9/17,94
1169,希微科技2022校园招募,2021/9/17,188
1170,航天恒星2022届校园招聘,2021/9/17,323
1171,"""同芯同行，创芯无限""――翠展微电子（上海）有限公司2022年校园招聘",2021/9/17,125
1172,边缘计算应用开发实习,2021/9/17,78
1173,西门子工业边缘计算-校园负责人,2021/9/17,111
1174,武汉达梦数据库有限公司2022年校园招聘,2021/9/17,63
1175,广州华夏职业学院2021年招聘公告,2021/9/17,78
1176,苏州系统医学研究所2021年招聘,2021/9/17,57
1177,西南医科大学2021年诚聘海内外英才,2021/9/17,82
1178,江苏科技大学2021年诚聘海内外优秀人才,2021/9/17,85
1179,闽南师范大学2021年诚纳英才,2021/9/17,50
1180,碧桂园集团数管中心招聘,2021/9/17,98
1181,中国石化大连石油化工研究院2022年校园招聘简章,2021/9/17,91
1182,富途集团2022届秋季校园招聘简章,2021/9/17,98
1183, 绥化学院2021年下半年公开招聘 专任教师、管理人员公告,2021/9/17,81
1184,湖州职业技术学院2021年下半年招聘辅导员公告,2021/9/17,74
1185,2022年中国葛洲坝集团房地产开发有限公司校园招聘,2021/9/17,102
1186,迈普通信2022届校园招聘,2021/9/17,162
1187,中科院成都信息技术股份有限公司2022届秋季校园招聘简章,2021/9/17,315
1188,成都数字天空科技有限公司2022校园招聘空中宣讲会,2021/9/17,225
1189,深圳北芯生命科技2022届校园招聘,2021/9/17,118
1190,中国电子科技集团公司第五十一研究所2022届校园招聘宣讲会,2021/9/17,424
1191,龙马环卫2022届校园招聘简章,2021/9/17,132
1192,麦科田校园大使,2021/9/16,93
1193,青岛大学青岛医学院2021年人才招聘公告,2021/9/16,102
1194,大客户经理/研发工程师/测试工程师/产品运营等,2021/9/16,102
1195,广东省新一代通信与网络创新研究院校招简章,2021/9/16,129
1196,航空工业新航2022届校园招聘,2021/9/16,290
1197,为旌科技2022届校园招聘,2021/9/16,92
1198,【人才引进】2021年长沙县事业单位公开招聘高层次人才简章,2021/9/16,167
1199,南京恒电电子有限公司2022校园招聘,2021/9/16,75
1200,中国船舶第七一○研究所 2021年校园招聘简章,2021/9/16,437
1201,河北农业大学2021年选聘博士公告,2021/9/16,60
1202,台州学院高等研究院大数据智能医疗研究所招聘启事,2021/9/16,44
1203,暨南大学附属第一医院最高年薪66万+招聘博士后,2021/9/16,70
1204,中国科学院微生物-招聘岗位,2021/9/16,118
1205,永赢基金管理有限公司2022年校园招聘,2021/9/16,67
1206,正荣集团2022校园招聘耀世盛启！,2021/9/16,126
1207,中电十所 2022届秋季校园招聘简章,2021/9/16,703
1208,宿迁学院面向海内外公开招聘二级学院院长公告,2021/9/16,60
1209,中交基础设施养护集团有限公司 2022届校园招聘启事,2021/9/16,98
1210,河北雄安太芯电子科技有限公司招聘信息,2021/9/15,235
1211,让未来现在就来-因诺科技2022招聘简章,2021/9/15,180
1212,广西北投信创科技投资集团有限公司 2022届高校毕业生校园招聘公告,2021/9/15,110
1213,中国科学院空天信息创新研究院 2022年度校园招聘启事,2021/9/15,432
1214,西人马科技2022校园招聘--―创梦西人马，引领“芯”希望,2021/9/15,187
1215,创能科技 智通未来  中汽创智2022届校园招聘正式启动,2021/9/15,179
1216,常州先趋医疗科技有限公司诚聘优秀人才,2021/9/15,95
1217,青岛柯锐思德电子科技有限公司2022年招聘信息,2021/9/15,87
1218,万科集团印力商业成都城市公司 - 万IN生（管理培训生）招聘,2021/9/15,116
1219,深圳市桑达无线通讯技术有限公司2022年校园招聘启事,2021/9/15,97
1220,华信咨询设计研究院有限公司2022届秋季校园招聘简章,2021/9/15,84
1221,柔电院9月18日空宣来袭,2021/9/15,129
1222,华中师范大学化学学院化学生物学中心招聘博士后,2021/9/15,57
1223,山东省科学院海洋仪器仪表研究所齐鲁工业大学（山东省科学院）海洋技术科学学院招聘,2021/9/15,19
1224,中国科学院长春应用化学研究所2021年度招聘启事,2021/9/15,57
1225,香港中文大学（深圳）诚聘海内外优秀人才,2021/9/15,105
1226,浙江大学王绪化团队招聘博士后和科研助理,2021/9/15,55
1227,【空中宣讲】瑞芯微电子2022届校园招聘,2021/9/15,154
1228,(成都、桂林)中国电子国营第七二二厂2022届校园招聘,2021/9/15,367
1229,“新能源时代，奋发有为”惠州亿纬锂能股份有限公司2022校园招聘,2021/9/15,114
1230,“芯科技，共飞腾” 飞腾信息技术有限公司2022届校园招聘简章,2021/9/15,165
1231,生为改变 联影2022校园招聘正式启动！,2021/9/15,108
1232,联影2022校园招聘正式启动！,2021/9/15,163
1233,广州华立学院（广州校区）2021年教师招聘启事,2021/9/15,93
1234,未来，等你设计。 中国电建四川电力设计咨询公司2022届校园招聘,2021/9/15,264
1235,金科集团四川区域2022校园招聘,2021/9/15,167
1236,四川航电微能源2021校内秋季校园大使招聘,2021/9/15,189
1237,中国航天科技集团第五研究院总体设计部2022年校园招聘,2021/9/15,815
1238,航空工业特种所职等你来,2021/9/15,229
1239,【人才引进】洪江市2021年第二轮事业单位引进高层次及急需紧缺人才公告,2021/9/15,206
1240,成都康圣电子科技有限公司,2021/9/15,164
1241,福建中科光芯光电科技有限公司2022届校园招聘,2021/9/15,126
1242,“欧遇青春 创冶未来” 欧冶云商2022届校园招聘,2021/9/15,94
1243,9月17日 清水河校区品学楼b207 15:00-16:30，佳驰科技2021秋季招聘宣讲会等你来！,2021/9/15,102
1244,浙江铖昌科技股份有限公司（杭州）2022届校园招聘,2021/9/15,56
1245,中石化石油机械股份有限公司2022年度校园招聘公告,2021/9/15,157
1246,潍坊医学院2021年诚聘海内外优秀博士,2021/9/14,58
1247,杭州芯迈半导体技术有限公司-招聘器件工程师（IC与MOSFET）,2021/9/14,180
1248,广西中医药大学2021年引进领军人才,2021/9/14,70
1249,芯N科技有限公司2022届校园招聘,2021/9/14,204
1250,成都华托微纳智能传感科技有限公司校招简章,2021/9/14,164
1251,"Eyes on the Future, Together! VeSync集团2022届校园招聘",2021/9/14,161
1252,贵阳市创业投资有限公司2021年校园招聘,2021/9/14,43
1253,西安博瑞集信电子科技有限公司2022届秋季招聘,2021/9/14,117
1254,“福载青春，耀你同行”福耀集团2022年校园招聘信息,2021/9/14,112
1255,南京迈矽科微电子科技有限公司校园招聘,2021/9/14,75
1256,大博医疗科技股份有限公司 2022届校园招聘,2021/9/14,104
1257,重庆国际免疫研究院2021年人才招聘,2021/9/14,75
1258,重庆邮电大学2021-2022年招聘启事,2021/9/14,189
1259,中国电力工程顾问集团西南电力设计院有限公司2022年高校应届毕业生招聘公告,2021/9/14,206
1260,重庆工程学院2021年高层次人才招聘简章,2021/9/14,139
1261,嘉应学院2021-2022年人才招聘,2021/9/14,101
1262,成都国铁电气设备有限公司2022届校园招聘,2021/9/14,257
1263,中国贸促会专利商标事务所2022秋季校园招聘,2021/9/14,70
1264,资深车联网科技公司诚聘,2021/9/14,107
1265,四川航电微能源2021应届毕业生招聘,2021/9/14,32
1266,华夏银行深圳分行2022届校园招聘,2021/9/14,73
1267,高层次人才网秋冬季博士专场网络视频双选会,2021/9/14,56
1268,珠海光库科技2022校园招聘,2021/9/14,126
1269,中国航天科工集团第六研究院2022届校园招聘,2021/9/14,513
1270,广西中石油国际事业有限公司2022届应届高校毕业生招聘,2021/9/14,88
1271,西北电力设计院2022年招聘公告,2021/9/14,187
1272,中国电子科技集团十四所国睿科技股份有限公司中国电子科技集团十四所国睿科技股份有限公司,2021/9/14,315
1273,华南中石油国际事业有限公司2022届应届高校毕业生招聘,2021/9/14,94
1274,荣耀2022届应届生招聘空中宣讲会,2021/9/14,201
1275,优特科技2022届校园招聘,2021/9/14,122
1276,杭州长川科技2022校园招聘,2021/9/14,111
1277,信梦想，期未来 | 中信期货2022校园招聘,2021/9/14,92
1278,中微电2022届校园招聘简章,2021/9/14,252
1279,吉利学院 -- 2022届校园招聘,2021/9/14,202
1280,9月15日（周三）18:30学生活动中心二楼九州厅，鼎阳科技2022届校园招聘宣讲会等你来！,2021/9/14,69
1281,"感知未来，引领未来 中国电科十三所美泰公司2022校园招聘	",2021/9/14,172
1282,北京理工大学重庆创新中心2022届校园招聘,2021/9/13,154
1283,才汇紫金 宁聚梦想 ――紫金山实验室2022届校园招聘正式启动,2021/9/13,103
1284,金科集团湖北区域2022校园招聘,2021/9/13,97
1285,康明斯2022届秋季校园招聘全面启动,2021/9/13,130
1286,数之联2022校园招聘网申开始啦,2021/9/13,112
1287,广东机电职业技术学院、广东省博士工作站2021年博士研究生招聘公告,2021/9/13,44
1288,厦门大学嘉庚学院2021-2022学年人才招聘启事,2021/9/13,63
1289,材料科学姑苏实验室博士后招聘公告,2021/9/13,32
1290,中国科学院微电子研究所低功耗智能芯片与系统团队招聘,2021/9/13,139
1291,中国石油集团渤海钻探工程有限公司校招,2021/9/13,60
1292,中国科学院武汉岩土力学研究所科研岗位和特别研究助理（含博士后）招聘简章【长期有效】,2021/9/13,60
1293,北京同达信恒知识产权代理有限公司2021秋季校园招聘  ,2021/9/13,70
1294,海信集团2022届校园招聘简章,2021/9/13,195
1295,中国电子科技集团公司第三十六研究所2022届校园招聘,2021/9/13,552
1296,科大讯飞2022届秋季校园招聘简章,2021/9/13,292
1297,巨磁智能【长沙研发中心】2022年秋季校园招聘,2021/9/13,101
1298,中国电科五十所2022校园招聘公告,2021/9/13,382
1299,移卡集团 2022届秋季校园招聘,2021/9/13,130
1300,成都纵横股份-2022届校园招聘会,2021/9/13,265
1301,中国科学院光电技术研究所2022年校园招聘,2021/9/13,930
1302,烟台东方威思顿电气有限公司2022秋季校园招聘简章,2021/9/13,68
1303,中国船舶第七五研究所昆明分部2022年校园招聘简章,2021/9/12,343
1304,成都盟升电子技术股份有限公司,2021/9/12,294
1305,与你“湘”遇，能“见”未来 ――中国能建湖南院2022年校园招聘“未来合伙人计划”重磅来袭,2021/9/12,151
1306,武汉高德红外股份有限公司2022届校园招聘,2021/9/12,186
1307,中国电子科技集团公司第五十一研究所2022届校园招聘简章,2021/9/11,714
1308,【9月13日空中宣讲】SGS"质优生项目"全国校招,2021/9/11,150
1309,深圳市同为数码科技股份有限公司 2022届校园招聘,2021/9/11,154
1310,中电科新型智慧城市研究院有限公司2022届校园招聘,2021/9/10,423
1311,意光罩光电科技（济南）有限公司 2022应届毕业生招聘简章,2021/9/10,241
1312,南京科远智慧科技集团2022届应届生招聘启动！,2021/9/10,146
1313,衫数科技2022校招,2021/9/10,35
1314,深圳阜时科技有限公司2022届校园招聘简章,2021/9/10,127
1315,中国通建设计院2022校园招聘,2021/9/10,279
1316,高校人才网2021年秋冬季博士人才现场巡回招聘会&视频双选会邀请函,2021/9/10,122
1317,厦门工学院高层次人才（博士）引进计划,2021/9/10,80
1318,闽江学院2021年度高层次人才招聘公告,2021/9/10,86
1319,星环科技2022届校园招聘简章,2021/9/10,185
1320,恒玄科技2022校园招聘,2021/9/10,161
1321,【揽尽芳华 润微芯生】 华润微电子2022届秋季校园招聘,2021/9/10,229
1322,航天电器2022届秋季校园招聘,2021/9/10,332
1323,佳驰科技 校园宣传大使 招聘,2021/9/10,133
1324,中国航空工业集团成都凯天电子股份有限公司 2022届校园招聘,2021/9/10,696
1325,茂名石化2022届高校毕业生招聘,2021/9/10,110
1326,珠海中科先进技术研究院诚聘科研博士后,2021/9/10,84
1327,珠海中科先进技术研究院诚聘研发工程师,2021/9/10,121
1328,内蒙古科技大学机械工程学院博（硕）士及高层次人才招聘,2021/9/10,107
1329,圆梦寰宇，展翅苍穹 中国航天科工集团八五一一研究所2022校园招聘公告,2021/9/10,277
1330,无锡中微亿芯有限公司（中国电科下属单位）2022届校园招聘,2021/9/10,176
1331,西人马联合测控（泉州）科技有限公司,2021/9/10,82
1332,扬帆远航 创造梦想 加入来颉科技共创未来,2021/9/10,95
1333,圭目机器人 2022届应届生校园招聘简章,2021/9/10,31
1334,【金科之星 制造传奇】金科地产中原区域2022年校园招聘,2021/9/10,73
1335,用芯赋能未来出行，黑芝麻智能科技2022校园招聘,2021/9/10,132
1336,“勇闯芯未来”― 奕斯伟科技集团 2022届秋季校园招聘,2021/9/10,240
1337,深圳市民德电子科技股份有限公司2022届校园招聘,2021/9/9,114
1338,青岛理工大学2021年公开招聘工作人员简章（长期招聘）,2021/9/9,154
1339,努比亚红魔手机2022届校园招聘,2021/9/9,87
1340,成都天奥信息科技有限公司2022年招聘信息,2021/9/9,283
1341,马上消费金融股份有限公司2022届全球校园招聘招生简章,2021/9/9,69
1342,惠州学院2021年专任教师（博士、硕士）招聘启事,2021/9/9,121
1343,白日梦游戏2022校园招聘,2021/9/9,105
1344,能您所能 | 通往幸福 | 2022成都能通科技股份有限公司校~~启航~~,2021/9/9,174
1345,世界因我而改变――鼎桥通信2022届校园招聘,2021/9/9,168
1346,飞芯电子招聘激光雷达芯片设计及应用相关人才,2021/9/9,180
1347,深圳智微电子科技有限公司校园招聘,2021/9/9,132
1348,成都能通科技股份有限公司招聘,2021/9/9,254
1349,广州华夏职业学院2021年招聘公告,2021/9/9,70
1350,苏州系统医学研究所2021年招聘,2021/9/9,58
1351,西南医科大学2021年诚聘海内外英才,2021/9/9,122
1352,南京信息工程大学自动化学院精密仪器与设备课题组招聘启事,2021/9/9,74
1353,英诺赛科科技有限公司2022届校园招聘,2021/9/9,107
1354,生物医学硕博人才-安必奇生物2022届校园招聘,2021/9/9,87
1355,2022届上海艾瑞德生物科技有限公司校园招聘公告,2021/9/9,85
1356,宜矽源半导体南京有限公司――校园招聘,2021/9/9,113
1357,2022届毕业生招聘会――北京遥感设备研究所,2021/9/9,105
1358,成都新易盛通信2022校招空中宣讲会,2021/9/9,98
1359,武汉大学深圳研究院2021年博士后招聘启事,2021/9/9,53
1360,“研创家 营未来”中国移动杭州研发中心（智慧家庭运营中心） 2022研创家校园招聘,2021/9/9,115
1361,中国电科天地信息网络研究院（安徽）有限公司招聘简章,2021/9/9,156
1362,浙江工业职业技术学院公开招聘人员公告（2021年第四批）,2021/9/9,89
1363,创新型医疗器械公司招研发小伙伴,2021/9/9,86
1364,东风南方集团【央企】联友科技22届秋季校园招聘,2021/9/9,195
1365,积微物联集团2022届校园招聘,2021/9/9,131
1366,2022届大华海外营销中心校园招聘,2021/9/9,81
1367,中冶赛迪集团2022校园招聘,2021/9/9,197
1368,北方华创微电子2022校园招聘,2021/9/9,148
1369,云账户技术（天津）有限公司22届秋招开始啦~~~~~,2021/9/9,75
1370,中国航发涡轮院2022届校园招聘,2021/9/9,342
1371,浙江时空道宇科技有限公司（吉利卫星）2022校园招聘,2021/9/9,82
1372,航天772所2022届校园招聘宣讲会,2021/9/9,388
1373,中国电子科技集团公司第五十二研究所2022秋季校招启动,2021/9/9,349
1374,深圳市英威腾电气股份有限公司2022校园招聘,2021/9/9,85
1375,厦门宏发电声股份有限公司2022届校园招聘,2021/9/9,84
1376,建信金融资产投资有限公司2022年度校园招聘公告,2021/9/8,115
1377,2022恩斯克秋季校园招聘全面启动,2021/9/8,101
1378,苏州天准科技股份有限公司  22届空中宣讲会（9月10日18：30）,2021/9/8,67
1379,苏州天准科技股份有限公司  22届校园招聘（空宣时间9月10日18：30）,2021/9/8,77
1380,禾望电气2022校园招聘,2021/9/8,97
1381,亚太星通2022届毕业生招聘,2021/9/8,86
1382,今伯乐常有，而千里马不常有，希尔电子招兵买马，”尔“敢放马过来？,2021/9/8,118
1383,重庆中元汇吉-2022届全球校园招聘电子科技大学专场招聘会,2021/9/8,108
1384,中国科学院长春光学精密机械与物理研究所2021年秋季招聘,2021/9/8,120
1385,深圳三星通信技术研究有限公司2022届秋季招聘,2021/9/8,96
1386,浙江钱江机器人有限公司,2021/9/8,111
1387,易方达基金2022校园招聘,2021/9/8,162
1388,江苏科技大学2021年诚聘海内外优秀人才,2021/9/8,92
1389,汇蓉国科2022届梧桐树计划,2021/9/8,113
1390,牛津（海南）区块链研究院2022毕业生秋季招聘,2021/9/8,70
1391,成都迈斯派尔半导体有限公司（外资企业）招聘,2021/9/8,213
1392,河北农业大学2021年选聘博士公告,2021/9/8,63
1393,华中师范大学化学学院化学生物学中心招聘博士后,2021/9/8,43
1394,台州学院高等研究院大数据智能医疗研究所招聘启事,2021/9/8,40
1395,芯原股份2022届校园招聘,2021/9/8,271
1396,中国建设银行信用卡中心2022年度校园招聘,2021/9/8,165
1397,深圳市信维通信股份有限公司2022届校园招聘,2021/9/8,105
1398,KUHAN TECH企业级存储基础设施层的软、硬件关键技术研发――新一代企业级SSD主控芯片（PCIe Gen 5 x 4）和存储底层基础软件,2021/9/8,106
1399,浙商银行2022校园招聘启事,2021/9/8,98
1400,青岛鼎信通讯2022届校园招聘信息,2021/9/8,81
1401,振华风光2022届校园招聘,2021/9/8,146
1402,中国航空制造技术研究院2022届招聘简章,2021/9/8,687
1403,江苏医药职业学院高层次人才长期引进计划,2021/9/8,86
1404,国防科技大学气象海洋学院教学岗位人员招聘公告,2021/9/8,100
1405,碧桂园集团2022届超级“碧业生”校园招聘全球启动,2021/9/8,117
1406,深圳基本半导体2022校园招聘,2021/9/8,152
1407,北京北斗星通导航技术股份有限公司2022届校园招聘,2021/9/8,172
1408,碧桂园集团2022届超级"碧业生"校园招聘全球启动,2021/9/8,66
1409,北京航空航天大学合肥创新研究院,2021/9/8,116
1410,【成都】Java初级开发工程师【8-12K】/ JAVA开发实习生【4.5-7K】,2021/9/8,104
1411,释放5G，连接未来― 爱立信2022校园招聘,2021/9/8,161
1412,科瑞工业自动化系统（苏州）有限公司2022届校园招聘启动,2021/9/8,113
1413,寻找优秀的你，共筑银河天路 ――广州海格通信集团股份有限公司 2022届秋季校园招聘,2021/9/7,147
1414,国家超级计算济南中心“百千万”人才工程 诚聘优秀博士,2021/9/7,84
1415,中国建设银行总部2022年度校园招聘公告,2021/9/7,211
1416,深圳开立生物医疗科技股份有限公司2022校园招聘,2021/9/7,111
1417,新希望金融科技2022届校招来啦,2021/9/7,98
1418,中国航天科技集团八院八四所2022届校园招聘,2021/9/7,332
1419,中车青岛四方车辆研究所有限公司 2022秋季校园招聘公告,2021/9/7,104
1420,成都华兴大地科技有限公司招聘,2021/9/7,125
1421,方太集团2022届校园招聘--研发类,2021/9/7,89
1422,与城市共同成长 ――成都市规划设计研究院2022校园招聘简章,2021/9/7,109
1423,航天新气象科技有限公司北京分公司2022年校园招聘（航天科工二院二十三所下属公司）,2021/9/7,117
1424,首都师范大学2021年博士后科研人员招收公告,2021/9/7,53
1425,桂林航天工业学院2021年博士招聘公告,2021/9/7,123
1426,中科曙光2022届校园招聘,2021/9/7,234
1427,泛林集团2022年秋季招聘,2021/9/7,109
1428,西门子工业边缘校园大使,2021/9/7,105
1429,中共深圳市光明区委党校2021年9月公开选聘教师公告,2021/9/7,249
1430,成都国科微电子有限公司2022年校园招聘,2021/9/7,456
1431,中铁第一勘察设计院集团有限公司2022年电子科技大学招聘信息,2021/9/7,685
1432,深圳市汉家松鼠网络科技有限公司 招聘信息,2021/9/7,63
1433,深圳市微源半导体股份有限公司,2021/9/7,118
1434,北京五一视界数字孪生科技股份公司（51WORLD原51VR）,2021/9/7,51
1435,“芯梦想 新征程”联芸科技2022届校园招聘空中宣讲会,2021/9/7,143
1436,资本市场学院2021年招聘工作人员公告,2021/9/7,54
1437,2022年南京芯视界微电子科技有限公司校园招聘简章,2021/9/7,110
1438,成都博智互动科技有限公司,2021/9/7,99
1439,用芯赋能未来出行，黑芝麻智能科技2022校园招聘,2021/9/7,75
1440,香港中文大学（深圳）诚聘海内外优秀人才,2021/9/7,59
1441,中国科学院长春应用化学研究所2021年度招聘启事,2021/9/7,50
1442,成都博智互动科技有限公司,2021/9/7,122
1443,山东省科学院海洋仪器仪表研究所齐鲁工业大学（山东省科学院）海洋技术科学学院招聘信息,2021/9/7,66
1444,大熊星座智能科技有限公司校园招聘,2021/9/7,70
1445,杰瑞股份2022年全球校园招聘,2021/9/7,138
1446,浙江大学王绪化团队招聘博士后和科研助理,2021/9/7,60
1447,成方金融信息技术服务有限公司 2022年校园招聘公告,2021/9/7,79
1448,用芯赋能未来出行，黑芝麻智能科技2022校园招聘,2021/9/7,93
1449, 高层次人才网秋冬季博士专场网络视频双选会,2021/9/7,94
1450,东方日立（成都）电控设备有限公司2022年校园招聘,2021/9/7,213
1451,沐曦集成电路2022届校园招聘,2021/9/7,155
1452,  中国移动（上海）产业研究院2022校园招聘正式启动,2021/9/7,146
1453,寻找爱“迪”生――比亚迪2022届校园招聘,2021/9/7,199
1454,多益网络2022届秋季校园招聘,2021/9/7,88
1455,2022智行者-秋季校园招聘,2021/9/7,99
1456,中国航天科工集团第十研究院2022届校园宣讲会,2021/9/7,503
1457,启明信息技术股份有限公司2022年校园招聘简章,2021/9/6,113
1458,芯璨科技招聘芯片研发、软硬件工程师,2021/9/6,266
1459,粤海水务2022届校园招聘岗位,2021/9/6,115
1460,重庆邮电大学2021-2022年招聘启事,2021/9/6,218
1461,重庆工程学院2021年高层次人才招聘简章,2021/9/6,133
1462,嘉应学院2021-2022年人才引进,2021/9/6,93
1463,上海思博职业技术学院2021年招聘信息,2021/9/6,82
1464,北方自动控制技术研究所2022校园招聘,2021/9/6,175
1465,2022年南京芯视界微电子科技有限公司校园招聘简章,2021/9/6,55
1466,北京国望―2022届“科研、管理工程师”招募,2021/9/6,87
1467,中国石油集团工程技术研究院2022届高校毕业生校园招聘公告,2021/9/6,182
1468,中国电科重庆西南集成电路设计有限责任公司 2022届校园招聘,2021/9/6,108
1469,苏州华兴源创科技股份有限公司2022校园招聘,2021/9/6,91
1470,浪潮集团2022届校园招聘简章,2021/9/6,147
1471,上海集成电路研发中心有限公司 2022年度校园招聘公告,2021/9/6,56
1472,中国航天科技集团有限公司第八研究院第八一一研究所2022届校园招聘简章,2021/9/6,389
1473,格灵深瞳2022届校招,2021/9/6,85
1474,交控科技2022届校园招聘简章,2021/9/6,129
1475,国微集团（深圳）有限公司2022届毕业生校园招聘简章,2021/9/6,124
1476,成都新易盛通信2022届校园大使招聘,2021/9/6,84
1477,2022届杭州飞仕得科技有限公司校园招聘,2021/9/6,66
1478,常州信息职业技术学院2021年公开招聘高层次人员公告,2021/9/6,56
1479,逐梦存储，芯耀未来，妙存科技2022届校园招聘正式启动,2021/9/6,88
1480,海信集团2022届校园招聘简章,2021/9/6,121
1481,中国网安（含中国电科三十所）2022届校园招聘,2021/9/6,242
1482,西门子工业边缘实习,2021/9/6,68
1483,达有作为，发现芯世界――达发科技2022校园招聘,2021/9/6,101
1484,巨磁智能【长沙研发中心】2022年秋季校园招聘,2021/9/6,52
1485,金地集团2022校园代言人招聘简章,2021/9/6,39
1486,锦Show长安――未来出行，由你定义   长安汽车2022全球校园招聘,2021/9/6,91
1487,金地集团二二二年金鹰计划校园招聘简章,2021/9/6,49
1488,成都新易盛通信技术股份有限公司2022届校园招聘,2021/9/6,73
1489,科学出版社成都有限责任公司--实习招聘简章,2021/9/6,137
1490,烟台东方威思顿电气有限公司2022届校园招聘简章,2021/9/6,112
1491,南京晓庄学院2021年度公开招聘人才公告,2021/9/5,133
1492,中国飞行试验研究院2022届校园招聘,2021/9/4,674
1493,浙江师范大学2021年专任教师招聘公告,2021/9/4,166
1494,桂林理工大学2021年招聘计划,2021/9/4,153
1495,兴业银行2022校园招聘公告,2021/9/4,219
1496,【9月13日空中宣讲】SGS通标：2022届“质优生项目“校招启动,2021/9/4,139
1497,湖南航天环宇通信科技股份有限公司2022年校园招聘,2021/9/4,131
1498,2021常州大学诚邀海内外人才共谋发展,2021/9/4,51
1499,中国兵器工业集团2022校园招聘全面启动,2021/9/4,814
1500,成都新易盛通信2022校招空中宣讲会,2021/9/3,154
1501,四川九洲电器集团有限责任公司 2022年度招聘简章,2021/9/3,510
1502,深信服科技2022届校园招聘成都研究所专项招聘火热招聘中,2021/9/3,118
1503,光启2022年校园招聘,2021/9/3,156
1504,成都天奥信息科技有限公司2022年招聘信息,2021/9/3,253
1505,中共山东省委党校（山东行政学院） 2021年博士后招收公告,2021/9/3,58
1506,湖南华诺星空电子技术有限公司2022校园招聘,2021/9/3,76
1507,中国软件2022届校园招聘公告,2021/9/3,132
1508,中泰证券股份有限公司2022届秋季校园招聘,2021/9/3,65
1509,深圳麦科田医疗2022届校园招聘会,2021/9/3,69
1510,广州华商职业学院2021年9月专任教师及辅导员招聘公告,2021/9/3,48
1511,延安大学2021年教师岗位招聘公告,2021/9/3,47
1512,方寸之间，科技之上―― 方太集团2022届校园招聘进行中,2021/9/3,87
1513,感知未来，引领未来 中国电科十三所美泰公司2022校园招聘,2021/9/3,98
1514,【无线芯未来】CONVENIENTPOWER易冲半导体2022届校园招聘~,2021/9/3,129
1515,电科9所2021-2022年校园招聘,2021/9/2,1120
1516,亚控科技22届校园招聘空宣啦,2021/9/2,213
1517,上海华测导航2022校园招聘,2021/9/2,166
1518,OPPO 2022届全球校园招聘启动！,2021/9/2,336
1519,邯郸制药股份有限公司2022届招聘简章,2021/9/2,84
1520,中国船舶第八研究院（南京）2022届校园招聘,2021/9/2,231
1521,先临三维2022招聘简章,2021/9/2,81
1522,中国电子科技集团公司第十四研究所 2022年校园招聘简章,2021/9/2,476
1523,欣旺达电子股份有限公司2022届校园招聘,2021/9/2,129
1524,宁德时代2022届全球校园招聘启动！,2021/9/2,204
1525,中国电子科技集团公司第三十八研究所 2022年度秋季校园招聘简章,2021/9/2,352
1526,成都国星通信有限公司 2022年校园招聘  北斗“星”招募计划~~~~,2021/9/2,227
1527,成都辰显光电2022届校园招聘,2021/9/2,205
1528,杭州国芯科技股份有限公司2022校招,2021/9/2,187
1529,【9月13日空中宣讲】SGS通标：2022届“质优生项目“全国校招启动,2021/9/2,57
1530,广州珠江职业技术学院2021年招聘计划,2021/9/2,54
1531,兰州石化职业技术学院2021年高层次人才(第二批)引进公告,2021/9/2,57
1532,重庆唯申科技有限公司招聘LABVIEW工程师,2021/9/2,87
1533,中国船舶集团有限公司第八研究院 （南京・原七二四所）2022届校招简章,2021/9/2,148
1534,北京理工雷科2022年校园招聘,2021/9/2,72
1535,通量微芯   别具匠“芯”,2021/9/2,258
1536,“未”你而来，未尔科技2022年校园招聘火热进行中,2021/9/2,226
1537,成都新希望金融科技有限公司-2022校招,2021/9/2,140
1538,中国航天科工二院二十三所2022校园招聘,2021/9/2,426
1539,西门子磁共振2022校园招聘 电子科技大学宣讲会,2021/9/1,442
1540,中国建设银行深圳市分行2022年度校园招聘公告,2021/9/1,172
1541,国家超级计算深圳中心（2021年）诚聘博士后、高级研究员,2021/9/1,105
1542,【上市公司】北京思特奇信息技术股份有限公司22届校招开启啦,2021/9/1,97
1543,中国金茂2022届校园招聘公告,2021/9/1,149
1544,[2022届校招]海康威视-微影传感专线 校园招聘&技术交流会,2021/9/1,226
1545,新华三集团2022届校园招聘火热开启,2021/9/1,264
1546,重庆外语外事学院2021年公开招聘人才简章,2021/9/1,114
1547,广东机电职业技术学院、广东省博士工作站2021年博士研究生招聘公告,2021/9/1,45
1548,西安工业大学新能源科学与技术研究院招聘简章,2021/9/1,82
1549,厦门大学嘉庚学院2021-2022学年人才招聘启事,2021/9/1,55
1550,材料科学姑苏实验室博士后招聘公告,2021/9/1,42
1551,南京工业大学马克思主义学院诚聘高层次人才,2021/9/1,57
1552,中国石油川庆钻探工程有限公司2022年校园招聘,2021/9/1,141
1553,中国石油渤海钻探工程有限公司招聘公告,2021/9/1,29
1554,通号城市轨道交通技术有限公司2022届毕业生校园招聘,2021/9/1,99
1555,思远半导体2022届校园招聘,2021/9/1,147
1556,四川中科成光科技有限公司2021年校园招聘计划与要求,2021/9/1,231
1557,瑞图生物2022届校园招聘简章,2021/9/1,81
1558,海澜未来领军型人才-2022海澜商学院凤凰计划招聘,2021/9/1,61
1559,芯天下2022年校园招聘简章,2021/9/1,151
1560,英集芯2022届校园招聘,2021/9/1,160
1561,亿智电子科技22届校招,2021/9/1,119
1562,深圳邦健生物医疗设备股份有限公司2022届校园招聘,2021/9/1,66
1563,中国电子科技集团公司第五十三研究所 2022年毕业生招聘计划,2021/9/1,327
1564,中国计量大学工业与商贸计量技术研究所博士人才招聘,2021/9/1,54
1565,理邦2022秋季校园招聘盛大启动！,2021/9/1,66
1566,滁州学院2021年度硕士研究生招聘公告,2021/9/1,51
1567,滨州学院诚聘海内外优秀人才,2021/9/1,58
1568,季华实验室2022届应届毕业生 校园招聘公告,2021/9/1,241
