楼盘名称,,
和徽苑,,
鑫徽苑,,
北城世纪亚徽苑,,
外环花园,,
禄徽苑,,
泽徽苑,,
吉徽苑,,
荣徽苑,,
康徽苑,,
瑞徽苑,,
裕徽苑,,
庆徽苑,,
锦徽苑,,
物华苑二期,,
物华苑三期,,
物华苑,,
国徽苑,,
帝徽苑,,
冠徽苑,,
鸿徽苑,,
双凤里,,
丰湖苑,,
腾徽苑,,
半岛1号歌德岛,,
半岛壹号雨果岛,,
半岛一号梵高岛,,
金科・半岛1号二期,,
北城世纪城1期,,
半岛1号北区,,
半岛1号南区,,
京冠・北城华府西区,,
京冠・北城华府,,
御景佳苑,,
京祥名都,,
京冠・御园华府,,
京冠・御园华府北区,,
润地・星城,,
北京城建京城国际,,
永顺・北辰天郡,,
瑞龙花园1期,,
文一名门北郡,,
倾城水乡东区,,
力高共和城西五区,,
力高共和城西区,,
文德・艺墅,,
北城明珠,,
文一・锦门北韵,,
金地雅苑,,
光明北部湾二期,,
恒泰悦城,,
恒泰・风格城市,,
新城・北宸紫郡,,
金色里程,,
禧悦公馆,,
金大地・翡翠公馆,,
梧桐里,,
恒泰城宫,,
徐桥苑北区,,
恒泰・阿奎利亚城果西区,,
恒泰・阿奎利亚城果东区,,
恒泰阿奎利亚・但丁堡,,
恒泰・米兰堡北区,,
恒泰・一期,,
阿奎利亚・理想家,,
恒泰城品湖畔,,
恒泰阿奎利亚・城品,,
恒泰阿奎利亚上学苑,,
恒泰阿奎利亚米兰堡,,
徐桥苑南区,,
诚泰小区,,
万里社区,,
和昌・都汇华郡,,
碧水兰亭,,
中环・庐阳府,,
瑞阳公馆,,
荣凤苑小区,,
云顶雅苑,,
铝厂炭素厂生活小区,,
光明北部湾一期,,
凤麟兰庭,,
清华名苑,,
新店花园北区,,
新店花园,,
当代MOMA未来城,,
东方人才公寓,,
南山柠檬郡,,
锦门・学院里,,
万科天下艺境,,
少荃府,,
北岗花园,,
文一陶冲湖城市广场,,
陶冲湖别院,,
绿地香树花城,,
华润万橡府,,
万橡府二期,,
万橡府三期,,
少荃家园,,
光明之家,,
博瑞苑,,
圣泉公寓,,
磨店家园,,
博思苑,,
博华苑,,
保利・罗兰香谷,,
正荣悦都荟,,
文忠苑,,
文忠苑二期,,
樾溪台,,
学林春晓,,
宸林别院,,
听悦湾,,
圣联・梦溪小镇,,
朗香书苑,,
毓秀雅苑,,
美科公馆,,
文浍苑,,
和郢花园,,
盛嘉欧园,,
肥东县建筑总公司宿舍楼,,
文明小区,,
嘉兴园,,
学府雅苑,,
福泉花园,,
聚缘小区,,
大杨花园（西门）,,
大杨小区,,
大湖滨花园(西门),,
红旗小区,,
海亮兰郡,,
海亮兰郡漫香醍,,
源水家园,,
卫庄小区,,
墨荷名邸,,
草塘小区,,
绿地・派克公馆,,
照山社区,,
龙王小区,,
高桥社区,,
国际城品园,,
名门湖畔G区,,
名门湖畔D区,,
国际城桂园,,
国际城和畅园,,
中铁建国际诚德园,,
湖畔家园,,
北湖南岸公寓,,
国际城瑞园,,
国际城广园,,
滨水嘉园,,
国际城旭园,,
舒馨花园,,
桃花大三景,,
荣城花园南区,,
荣城花园北区,,
荣城花园南区二期,,
天赐园,,
天然轩,,
电力修造厂宿舍,,
融创长江一号,,
宝宸时代花园,,
旭辉・玖著,,
荣城花园北苑,,
国能首府,,
皇家花园三期,,
恒盛・皇家花园二期,,
皇家花园,,
华地森林湖,,
天下名筑,,
梧桐嘉园,,
文一名门华府,,
金都华庭五期,,
金都华庭四期,,
蓝光半岛公馆,,
金都华庭三期,,
金都华庭,,
金都华庭三期西区,,
杏花苑,,
市公安局第二生活区,,
丰大苑,,
万兴林里间,,
望城花园,,
徽乡居,,
铁四局阜阳生活区,,
探矿厂生活区,,
美景人家,,
北环阳光,,
潇然居,,
融侨悦城南区,,
融侨悦城,,
隆昊昊天园,,
兴海苑,,
兴海苑三期,,
兴海苑D区,,
禹州中央城,,
金海花园,,
铁静苑三期,,
和昌香樟原著,,
春茂花苑,,
铁静苑B区,,
铁静苑,,
铁静苑二期,,
七里塘粮站住宅楼,,
尚品御园,,
双宝塘新村,,
皖江小区,,
凤梅家园,,
凤霞社区B,,
凤霞社区A,,
天水苑,,
勤居苑,,
勤居苑东区,,
文一云河湾,,
郎溪上里,,
景秀世家二期,,
景秀世家三期,,
景秀世家二期,,
湖滨花园,,
阜康嘉苑,,
上林雅苑二期,,
创湘上林雅苑,,
海洲景秀世家,,
文一静安瑞泰,,
文一瑞泰和园C园,,
文一瑞泰和园,,
梓晨公馆,,
保利海上明悦,,
文一名门名城,,
明皇家园,,
万城华府,,
大鹏怡和华庭,,
丽水天锦苑,,
牡丹园,,
文一瑞园江南,,
花溪龙庭,,
名门皇马D区,,
名门皇马C区,,
文一名门皇马B区,,
皇马花园二期,,
皇马花园,,
恒大城一期,,
华凌锦苑,,
恒大城,,
王岗花园,,
油坊新城,,
保利罗兰春天,,
悦玺公馆,,
蓝光・林肯公园,,
绿地柏仕公馆,,
华地・紫悦府,,
招商依云华府,,
蔚然居,,
童郢,,
京冠紫玉华府,,
远洋万和云锦,,
文一名都,,
东方花园水云涧,,
东方花园翡翠湾,,
阳光水岸雅典公寓,,
东方绿洲,,
万科有墅,,
万科未来之光,,
彩虹新城南区,,
彩虹新城北区,,
肥东陈大郢小区,,
晨光花园南区,,
晨光花园北区,,
晨光花园四期,,
尚泽琪瑞康郡,,
力高・澜湖前城,,
聚龙公馆,,
蓝光・公园1号,,
万科红,,
凤凰城,,
万凯・碧桂园,,
聚龙阳光都市,,
贵王小区,,
锦源春天,,
金色地带,,
丽水云天,,
中凯・聚龙湾,,
文一凯旋公馆,,
斌锋・中心城,,
御云府,,
文一托斯卡纳小镇,,
御景花园北区,,
御景花园南区,,
瑶海村,,
徽州人家,,
瑶海新村,,
中南小区,,
禹州中央城二期,,
兴华苑D区北区,,
淮肥佳苑,,
张洼新村,,
兴华苑C区,,
兴华苑C区南区,,
东湖山庄清水苑,,
瑶北新村,,
七里塘医院宿舍,,
瑞星家园,,
兴华苑A区,,
中兴西湖花园,,
东湖山庄碧云阁(北门),,
瑶东北村,,
家天下怡园,,
家天下怡园三期,,
康城静林湾,,
德邦翠馨居,,
中环东方名景,,
金辉悦府,,
淮河花园,,
华润熙云府,,
大富新领地,,
力高君御世家,,
淮河花园B区,,
中环云公馆,,
蓝领公寓三期,,
蓝领公寓,,
隆昊吴博园,,
海都阳光汇景花园,,
家天下和园,,
华府竹丝苑北苑,,
安粮双景佳苑,,
瑶东新村,,
华府竹丝苑南苑,,
香江生态丽景C区,,
香江生态丽景B区,,
香江生态丽景D区,,
龙湾国际公寓,,
香江生态丽景A区,,
巴黎春天,,
金成港湾,,
巴黎春天爱丽舍,,
康城水云间,,
格兰云天(西门),,
文一河港湾,,
信达・格兰云天,,
瑶海家园(西门),,
晨阳世纪城,,
碧水雅居,,
帝豪星港湾,,
新海尚宸家园,,
方桥新镇西区,,
方桥新镇东区,,
光盛豪庭,,
世纪荣廷,,
世纪荣廷三期,,
莱茵河畔花园,,
邦华水岸林语,,
实嘉原创生活,,
实嘉原创生活东区,,
园上园,,
光大新村,,
力高・君御国际,,
汇景新城(南门),,
桂和苑,,
左岸文化村,,
肥东县纺织新村,,
和平花园,,
水岸城市花园(东门),,
和顺雅苑北区,,
文一名门河畔,,
和顺雅南区,,
瑞士花园,,
景河花园,,
县邮电局公园路住宅楼,,
星光家园,,
粮食局生活大院,,
金谷苑,,
河滨新村,,
肥东县公安局住宅小区,,
南苑雅居,,
东盛嘉园,,
华诚苑,,
荣华符,,
沿河新村,,
军民巷小区,,
青春苑(北区),,
三房路巷生活小区,,
街后巷生活小区,,
县政府宿舍楼,,
定光西巷生活小区,,
学府花园(北门),,
学府花园(西门),,
青春苑(东区),,
广齐・东奥家园,,
风景御园,,
共和花园(东门),,
共和花园(南门),,
宝源雅居,,
东方新城,,
梦圆新村,,
阳光学府天地住宅楼,,
旺华颐善公馆,,
状元府,,
定光社区,,
庐州府澜园,,
铂悦泸州府,,
庐州府麓园,,
国贸天成,,
缘缘居,,
缘缘居南区,,
御安西苑,,
蓝山香榭丽都,,
湖东新村,,
印敦家园,,
公园道1号,,
福乐家园,,
森林公园嘉庭,,
森林公园雍庭,,
森林公园御庭,,
森林公园锦庭,,
森林公园睿庭,,
森林公园旭庭,,
森林公园雅庭,,
森林公园馨园,,
森林城朗庭,,
森林公园曦园,,
泸州公馆,,
圣罗马世袭庄园,,
清溪家园,,
芳香家园,,
龙凤嘉园,,
万联春晓翠庭,,
城市经典,,
长乐苑,,
凤凰城家家景园西区,,
丰乐苑・西区,,
省种子公司小区,,
省农委宿舍,,
御琴湾,,
越秀苑,,
合昌宿舍,,
蓝光・禹洲城,,
丰乐樊洼路小区,,
天h中心,,
安然绿洲,,
安然家园(南区),,
碧水源,,
紫桐新村AB区,,
紫桐新村CD区,,
森林百合苑,,
四季华庭,,
紫兰园,,
森林丁香苑,,
森林桂花苑,,
金江花园,,
庐阳柳林苑,,
水木春城,,
森林・红梅苑,,
紫桐新村E区,,
农科院学院里,,
桃花园,,
四泉花园北区,,
合景庐月湾,,
四里河畔东苑,,
橡树湾三期,,
橡树湾二期,,
昆仑花园,,
橡树湾一期,,
瑞地祥和府,,
瑞地公馆,,
枫林雅苑,,
金宏美伦豪庭,,
海亮洪玺台,,
新荷园,,
北美印象雅苑,,
海棠别院,,
芙蓉苑西村,,
新荷南苑,,
上坤・海棠四季,,
荷塘月色(北区),,
庐阳鑫苑,,
京福花园蕙兰苑,,
京福花园嘉兰园,,
大三景东区,,
京福花园・米兰苑,,
荷塘月色(南区),,
芙蓉苑北村,,
芙蓉苑东区,,
富源小区,,
都市清华,,
芙蓉苑南村,,
怡园小区,,
时代华庭,,
海棠花园南区,,
市委海棠花园,,
龙源丽景,,
君尚金谷园,,
梅佳苑,,
上城国际罗兰苑,,
风荷苑,,
龙兴花园,,
上城国际丁香苑,,
静馨苑,,
上城国际玫瑰苑,,
香樟小区,,
长城安居小区,,
市建四公司小区,,
金鸟花园北区,,
文一・泊心湾,,
北都花园,,
荣电小区,,
东煌公寓,,
上城国际・新界,,
煤炭设计院生活区,,
丽都名邸,,
玫瑰苑东区,,
永安苑小区,,
栖霞山庄,,
绿都新村,,
杏村北村,,
杏林北园,,
杏林花园,,
杏林南村,,
鑫源花园,,
杏林雅苑,,
庆丰小区,,
阳光帝景,,
绿都嘉园,,
元一名城A区,,
元一名城B区,,
元一名城C区,,
临桥苑,,
利港银河新城,,
龙兴苑,,
杏林东村,,
大富绿洲,,
新都花苑,,
银都苑,,
姚大塘村,,
徽州家园,,
金鑫南村,,
东明新村,,
兴业瑞锦苑,,
东寓新村,,
Z泰华秀苑,,
迎宾花园,,
双鑫苑,,
胜利北村,,
竹木园,,
名景园,,
瑶海南村,,
金座嘉园,,
天瑶花苑,,
香江国际佳元,,
金兴苑财富时代广场(北门),,
铁路合肥行车公寓,,
金徽苑小区,,
凤凰城家家景园南区,,
凤凰城家家景园北区,,
丰乐苑,,
亲亲家园,,
龙凤嘉园二期,,
凤凰城燕园,,
新景花园,,
龙居山庄锦龙居,,
中央美域-A区,,
海亚当代,,
龙居山庄南区,,
中央美域-B区,,
融侨上院,,
颐和花园清苑,,
颐和花园慧苑,,
颐和花园南区,,
理想年代家园,,
白帝乳业小区,,
青阳西村,,
合肥国祯广场,,
国风东风小区,,
合肥市体育运动学校集资楼,,
青阳新村,,
海亮颐园,,
五里墩电信村,,
萤火家园,,
虹雨家园,,
华邦・繁华里,,
合肥省立医药公司宿舍,,
第901医院公寓房,,
颐和花园锦苑,,
博徽家园,,
三十八所宿舍-北区,,
三十八所宿舍楼,,
省一建公司宿舍,,
团安村小区,,
绿景家园,,
省一建公司第三生活区,,
省八建宿舍,,
碧林园,,
高河花园,,
林业厅小区,,
医药公司宿舍,,
利民小区,,
颐和花园橙苑,,
气象苑,,
龙居山庄天龙居,,
聚凤华庭南区,,
聚凤华庭北区,,
青秀城Z园,,
中国铁建青秀城,,
天一家园,,
天一家园清溪苑,,
黎阳嘉苑,,
淝河新村,,
思和苑小区,,
城市之光蔚然,,
万科城市之光,,
城市之光C区,,
四里河畔,,
天竹园,,
金安春天小区,,
四泉花园,,
安徽省科技厅宿舍,,
云滨花园,,
和顺叶语溪,,
碧水家园,,
万家华庭小区,,
金河畔花园,,
康居苑,,
康居时代家园北区,,
康居时代家园南区,,
国轩苑西区,,
翠竹园西村,,
奥林花园,,
文园小区,,
怡园新村,,
邮电干休所宿舍,,
干休所宿舍,,
园林局宿舍,,
合肥市公安局蜀山分局宿舍,,
长江小区,,
合肥第四干休所,,
彩虹苑,,
淠河路20号大院,,
东兴街7号大院,,
蜀山新村西区,,
众力登云庭,,
飞虹小区,,
老交警队宿舍,,
合邮合作化路31号大院,,
合肥市军休四所官亭路生活区,,
蜀山新村东区,,
晨欣园,,
畅园新村,,
阳光枫林,,
二十六中小区,,
康居馨苑,,
预制厂小区,,
盛世花园,,
银河湾花园,,
畅和家园北区,,
畅和家园,,
畅和家园A区,,
杏建小区,,
明月苑,,
合钢三厂小区,,
二建三处小区,,
怡景苑,,
福星嘉苑,,
幸福人家,,
置地嗑把胖,,
祥源公馆,,
路苑小区,,
元一滨水城,,
缤纷南国蝶舞居,,
公路局材料站小区,,
长安・天玺,,
武警医院宿舍,,
南国玲珑碧玉,,
南国城市花园,,
南国花园,,
缤纷南国沐风居,,
八一生活区,,
和煦园,,
万花园,,
和煦园南村,,
华安家园,,
水务局生活区,,
上元公寓,,
金域蓝湾,,
万小店小区,,
御华园,,
安达小区,,
公交四公司小区,,
林语别院,,
正丰苑,,
启明公寓,,
祥源长城国际,,
纪元阳光地带,,
窦小桥小区,,
新华文景苑,,
深圳花园,,
友谊苑,,
合肥油泵厂宿舍,,
康兴园小区,,
合肥四建宿舍区,,
振源新村,,
钢铁村西区,,
106号大院,,
樱花苑,,
钢铁新村,,
金鸟花园,,
国华园,,
市政小区,,
绿都花园,,
华建小区,,
双岗村,,
金山名苑,,
嘉兴苑,,
板桥北苑小区,,
名城・左岸公寓,,
翠苑,,
新泉嘉园,,
嘉山小区,,
燃料公司宿舍,,
美晨雅阁,,
大众时代之光,,
景泰苑,,
金桥湾,,
人防苑东区(2幢),,
国信嘉园,,
瑶岭苑,,
春华园,,
胜利新村北区,,
郊建公司宿舍,,
市政大院恢复楼小区,,
人防苑西区,,
胜利小区,,
胜利新村,,
中兴花园,,
金环苑,,
金地苑,,
怡馨苑,,
海龙公寓(东区),,
长春都市花园,,
方圆华庭,,
惠康小区,,
华府嘉园,,
罗马花园(西区),,
东兴住宅小区,,
新安苑,,
新城花园,,
万事达小区,,
工行小区,,
元一时代花园,,
新站公安分局宿舍楼,,
紫竹苑,,
红星家园,,
宝文国际花园(北区),,
隆基开源馨居,,
市残联宿舍,,
凤台小区,,
七里香榭,,
天目国际公馆,,
临泉花园,,
胜利东村,,
惠园,,
宝文都市公寓(A座),,
铁四局公司小区,,
金鑫南村,,
凯悦豪庭,,
庐阳瑞园,,
合九濉溪新村,,
元一美邦国际,,
武警医院生活区,,
警欣苑,,
荣事达小区,,
水晶苑,,
警泰苑,,
翠竹园小区(C区),,
琥珀公寓,,
水岸云锦公寓,,
国轩苑东区,,
翠竹苑B区,,
盛华苑,,
奥林花园园景苑,,
翠竹苑A区,,
和谐家园,,
翡翠园,,
奥林阁,,
合肥高校学生公寓小区,,
安农大第五生活区,,
市政小区,,
市餐饮公司宿舍,,
毫州城B区,,
毫州新村,,
警祥苑,,
金科玉带河畔,,
世纪别墅,,
世纪家园,,
琥珀北村,,
琥珀东村,,
琥珀中村,,
琥珀山庄,,
琥珀南村,,
翡翠园,,
安粮・兰桂公寓,,
琥珀大院,,
琥珀南村新华苑,,
明珠苑,,
省直机关南山新村,,
安农大第二生活区,,
电信长途传输局宿舍,,
天舍大院,,
琥珀山庄2部,,
市府第三生活区,,
杏花南区,,
市中级法院宿舍,,
市工行宿舍,,
合肥勘察院宿舍,,
淮三小宿舍,,
市劳动局宿舍,,
省出版局宿舍,,
省邮电管理局宿舍,,
电子十六所生活区,,
省公安厅小区,,
博物馆小区,,
罗兰德小区,,
财政厅杏花小区,,
合肥工业大学北区西院宿舍,,
市建委宿舍,,
大众巷北小区,,
金蓝湾,,
书香阁,,
嗑巴,,
华水公寓,,
遂缘居,,
蒙城北路小区,,
瑞龙公馆,,
绿波廊小区,,
高河梗新村西区,,
可苑新村C区,,
可苑新村A区,,
可苑新村B区,,
虹波苑小区,,
钢苑新村,,
市府小区,,
包河区机关小区,,
濉溪新村,,
金碧花园小区,,
静心花园,,
高河梗新村,,
联合一村,,
中央花园,,
五河新村,,
市计委生活区,,
计委宿舍,,
商储小区,,
虹桥,,
百合园,,
市供销居河园公寓,,
宏图新村,,
合福苑,,
美菱新村南区,,
中行沿河路宿舍,,
融侨观邸,,
阳光尚景苑,,
桂馨苑,,
明光路536号大院,,
徽商大院,,
锦怡家园,,
榴园小区,,
北华园,,
金侨苑小区,,
新华大院,,
庐化公司小区,,
兰亭园,,
恒大中央广场,,
恒大中央广场B区,,
恒大广场C区,,
合铁家园,,
市政大院,,
市委古井丰水源,,
双河村小区,,
玉承和花园,,
交通厅大院,,
锦绣豪庭,,
水泥厂宿舍,,
建设小区,,
阳光公寓,,
省安装公司小区,,
大窑湾小区,,
长淮新村南区,,
明珠小区西区,,
长淮新村A区,,
惠风小区,,
银屏花园,,
红旗新村,,
家和居,,
三角线小区,,
侨康苑,,
省直机关干部宿舍,,
财税局宿舍,,
中医学院宿舍,,
老干部宿舍,,
长江饭店小区,,
安利小区,,
市一院宿舍,,
省司法厅宿舍,,
民政厅宿舍,,
财政厅宿舍,,
省假肢厂宿舍,,
安然小区,,
省电影公司宿舍,,
中房合肥公司宿舍,,
安北小区,,
安南小区,,
合工大东院生活区,,
市公安第一生活区,,
六中宿舍,,
市委大院,,
省话剧院宿舍,,
安徽日报社宿舍(北门),,
省邮电管理局宿舍,,
省机关总工会宿舍,,
省政协宿舍西院,,
省政协宿舍东院,,
公园新村南区,,
晚报宿舍,,
市政府机关宿舍,,
宿州路169小区,,
逍遥居,,
宿州路129号,,
百花井大院,,
义仓小区,,
供电北村,,
园林局大院,,
寿春新村,,
逍遥津小区,,
市政中心小区,,
海亚花园,,
供电南村,,
海亚相府花园,,
锦华住宅区,,
团结新村,,
韵淮阁,,
大地花园,,
景荣花园,,
名人御苑,,
长春都市豪庭,,
瑞景家园,,
罗马花园,,
万豪花园,,
吟春园,,
华庭公寓翡翠谷,,
十一中宿舍,,
凯旋大院,,
玫瑰苑,,
安康苑,,
振兴苑,,
全椒新村,,
信地藏龙阁,,
九康苑,,
凤翔家园,,
榆景苑,,
凤阳三村,,
凤阳二村,,
三元小区,,
铭座嘉园,,
元木雅居,,
聚亿经典花园,,
天长新村,,
港汇逸景坊,,
康尔苑,,
豪世优庭,,
盛嘉公寓,,
豪世优庭二期,,
铜陵二村,,
合肥百汇城市广场,,
管委会凤阳五村小区,,
凤阳新村,,
花冲村住宅区,,
长淮新村B区,,
铁路二村,,
铁路一村,,
锦绣嘉苑,,
伟星・御珑公馆,,
姚大塘新村,,
东苑新村南区,,
淮北新村,,
黄山电扇厂小区,,
大富新村,,
康乐新村,,
铁路琅琊小区,,
金色地带,,
怡康园,,
蚂蚁塘小区,,
喻园新村,,
市粮食局小区,,
金色梧桐2期,,
中房名都,,
圣大国际,,
铜陵北区,,
汪塘小区,,
风景苑,,
香格里拉花园,,
海空小区,,
海空家园,,
格林馨园,,
站塘恢复楼,,
方庙玉兰苑,,
森海豪庭,,
银领时代花园,,
东升花园,,
蓝天公寓,,
同济苹果嘉园,,
万达华府一期,,
苹果公寓(西门),,
东升村,,
万达华府,,
金水湾花园,,
窦桥花园,,
龙腾家园三期,,
龙腾家园,,
泰然居,,
月亮湾亲水嘉园,,
史城恢复楼,,
橘郡万绿园,,
明珠小区(东区),,
凌花苑小区,,
国城花园,,
新苑小区,,
农垦大院,,
汪塘花园南区,,
秋实园,,
宝元公寓,,
东安新村,,
恒丰嘉园,,
合肥一建北区,,
汪塘花园,,
汪塘南区,,
人才苑北村,,
万绿园满庭芳,,
鸿运园,,
万绿园北区,,
馨怡大院,,
合浦北村小区,,
合浦北村小区,,
花冲二巷小区,,
芳邻家园,,
花冲苑,,
香江世纪名城,,
汪塘东区,,
江晨园,,
花冲盛世家园,,
绿宝电缆厂宿舍,,
快达小康苑,,
开关厂小区,,
天都花园小区,,
宝业・东城广场-住宅区,,
Z泰赢家广场,,
站塘小区,,
站塘新村,,
金盛花园,,
景辉家园,,
拓天万福家园,,
东苑雅居,,
华贝小区,,
天使苑铂金时代,,
聚业苑,,
博澳名苑,,
天使苑(东门),,
安琪园小区,,
栈塘住宅小区,,
庐东公寓,,
聚业苑(南门),,
瑞园西区,,
融侨星域,,
怡然居,,
瑞园东区,,
国风小区,,
安徽燎原化工公司生活区,,
玻璃厂宿舍,,
春暖花开,,
卫材厂宿舍,,
精工宿舍,,
水安小区,,
恒通小区,,
孙小郢,,
玉兰苑西区,,
二环新村,,
新庄家园,,
宁溪家园,,
丰盛华庭,,
大溪地天润轩,,
大溪地天悦轩,,
大溪地天籁轩,,
岳西新村,,
省建一公司二分公司宿舍,,
洪小郢,,
岳枫园小区,,
大溪地悦溪公馆,,
大溪地・天泽轩,,
五安家园,,
经典雅苑,,
大溪地御倾城,,
市建三公司宿舍,,
环东小区,,
红旗机械厂生活小区,,
正创西景苑,,
农行宿舍,,
省医红会小区,,
丰乐西海花园,,
岳西东村,,
动力二村,,
广利花园北区,,
汉嘉都市森林,,
天柱园小区,,
潜龙山庄,,
广利花园南区,,
电信大院,,
新华优阁,,
清源新村,,
八里岗小区,,
博澳丽苑,,
欣塘家园,,
和谐花园,,
合九新村,,
金大地・1912-住宅区,,
维也纳森林花园,,
皖岳新村,,
盛世名城桂竹苑,,
盛世名城,,
路缘小区,,
合轻家园,,
华帝学府名都,,
红园小区,,
和一花园北区,,
和一花园,,
三江小区,,
海雨家园,,
百合花园,,
翠宁雅苑,,
信达西山银杏,,
汇林阁西区,,
汇林阁东区,,
恒润花园,,
水墨兰庭北区,,
水墨兰庭,,
华地・学府公馆,,
当代moma,,
蜀鑫雅苑,,
华地公馆B区,,
华邦光明世家,,
天鹅湖畔,,
天鹅湾花园,,
警星楼小区,,
34中恢复楼,,
农委宿舍,,
众诚公寓,,
邮电技院生活区,,
牛奶公司宿舍,,
安居苑西村,,
电信工程公司宿舍,,
动力总厂一村,,
北苑小区,,
统计新村,,
辰元小区,,
金枫苑,,
安居苑北区,,
安居苑,,
彩虹家园,,
彩虹苑,,
平安家园,,
邮电新村,,
江南书苑,,
领势公馆,,
万科・金域华府,,
天鹅花园,,
通和・易居同辉,,
名君家园,,
长江家园,,
液压件总厂宿舍,,
光明苑,,
路桥公司宿舍,,
通和佳苑,,
光明苑南区,,
通和・易居同辉,,
北苑小区南区,,
省建机厂宿舍,,
新华・国际公寓,,
华林家园,,
新华学府春天,,
红鑫新村,,
世纪新城,,
港汇广场-住宅区,,
西城花园别墅,,
新华学府银座,,
邮政小区,,
建业・领翔,,
新华学府花园,,
新华学府花园南区,,
绿城百合公寓,,
自行车厂小区,,
伟星・国宾台,,
秀水花园,,
利恒嘉苑,,
欣南嘉园,,
合肥十七中生活区,,
上品家苑,,
朱大郢回迁房,,
馨怡家园,,
化机生活区,,
香樟雅苑,,
金环花园北村,,
常青棉织厂住宅楼,,
东汽小区,,
华府骏苑,,
华府骏苑西区,,
丁怡花园,,
华府骏苑南区,,
航鑫家苑,,
万科・金色名郡,,
黄山花园,,
丁香家园,,
汽修小区,,
南屏家园,,
金环花园南村,,
华润幸福里,,
幸福里南区,,
国际花都丹若苑,,
天香苑,,
国际花都雏菊苑,,
绿怡居(西区),,
绿怡居(东区),,
丹青花园,,
亚华豪苑,,
常青花园A区,,
绿怡居(南区),,
常青花园,,
亚华新城邦锦园,,
绿地国际花都郁金苑,,
国际花都玫瑰苑,,
华邦・世贸城,,
油库生活区,,
政务壹号,,
梅园公寓,,
桃源里,,
省建一公司宿舍,,
灯具厂宿舍,,
合九合作化新村,,
松涛里,,
枫林里,,
西园新村-桂香里,,
西园新村竹荫里,,
西园新村-梅影思,,
测绘局生活区,,
科大西区家属楼,,
西苑小区,,
合安花园,,
法院宿舍,,
轴承新村北区,,
孙北小区,,
新西南华庭,,
锻压机床厂宿舍,,
朝阳小区,,
安高城市天地,,
印象西湖,,
轴承新村,,
康馨名家,,
安粮城市广场,,
金隅南七里,,
安叉一村,,
安叉二村,,
明远新村,,
梅园居,,
地方铁路家园,,
皖物宿舍,,
轻钢龙骨厂宿舍,,
安叉三村,,
建派宿舍,,
电力设计院第二生活区,,
金湖新村,,
科技苑,,
明星苑,,
叉车厂宿舍,,
机械研究所宿舍,,
电科苑,,
化工站宿舍,,
文馨园・,,
物资局宿舍,,
百盛苑,,
稻香村,,
合肥学院生活区,,
农行宿舍,,
中行宿舍,,
黄金广场-住宅区,,
省电力生活区,,
华冶金石广场,,
省外贸绩溪新村,,
绩溪路银行宿舍,,
新都・万象新天,,
省公路管理局宿舍,,
金溪苑,,
安大生活区,,
西园南村,,
安医一附院宿舍,,
省教委宿舍,,
常青供销社宿舍,,
兴业苑,,
华徽家园,,
电子研究所宿舍,,
文惠园,,
星海都市公馆,,
中医学院梅山路宿舍,,
碧雨花园,,
文园,,
安农大宿舍,,
省文联宿舍,,
和平苑,,
庐阳街宿舍,,
稻香阁小区,,
春天花园,,
白鹭苑,,
石油勘探小区,,
梅山饭店宿舍,,
外办旅游局宿舍,,
人保宿舍,,
稻香楼宿舍,,
合肥一中生活区,,
CBD中央广场公寓楼,,
省皖能龚大塘小区,,
省药检所小区,,
师范学院宿舍楼,,
新闻出版宿舍,,
省农垦局宿舍,,
光明新村,,
银贵巷,,
工商小区,,
省电子局小区,,
安徽省外贸第一生活区,,
省供销社生活区,,
人民巷八号大院,,
庐阳电子工业局小区,,
省供销社大院,,
合肥学院金寨路宿舍,,
安徽日报金寨路宿舍,,
徽商小区,,
合肥邮政局宿舍,,
银河小区,,
市劳动局宿舍,,
气象局宿舍,,
邮电西村,,
省电力公司小区,,
屯溪路省人大宿舍,,
省卫生防疫宿舍,,
顶峰国际公寓,,
曙光苑,,
屯溪路电影学校宿舍,,
省建行宿舍,,
兰亭公馆,,
曙光新村,,
省化工进出口宿舍,,
纺院新村,,
创景花园,,
杂剧团小区,,
安徽省歌舞团宿舍,,
省电力宿舍,,
时尚家园,,
工艺美术厂宿舍,,
安徽省电力设计院宿舍,,
中国农业发展银行宿舍,,
科大东区生活区,,
旭景家园,,
科大东区家属楼,,
科苑新村,,
省水利设计大院,,
水安公司宿舍,,
省检察院宿舍,,
曙安新村,,
金安花园,,
金水花园,,
省水利建管局宿舍,,
景色家园,,
金龙苑,,
送变电家园,,
省水利厅关宿舍,,
桐城369,,
南园新村,,
同城花园,,
曙苑新村,,
广电小区,,
桐江新村,,
儿童医院宿舍,,
化三院宿舍,,
中铁四局大院,,
康南小区,,
常青镇,,
松湖苑,,
劳动保障厅宿舍,,
合肥三院宿舍,,
瀚海星座,,
太湖新村,,
江淮化肥厂小区,,
金江安居苑,,
供电西村,,
丝绸新村,,
名都花园,,
金丝园,,
晨光苑北苑,,
星光园,,
供电东村,,
手表厂生活区,,
美丽华公寓,,
鑫苑望江花园,,
曙宏新村,,
紫光苑,,
曙宏南苑,,
桐楠华苑,,
绿城玉兰公寓,,
宝业・桐城绿苑,,
曙宏新村-南区,,
科大花园闻青苑,,
晨光苑,,
江汽四村,,
竹苑小区,,
三棉小区,,
生雅家园,,
琥珀新天地西苑,,
合肥制药厂宿舍,,
西岗小郢,,
东航银燕小区,,
科大花园闻欣苑,,
科大花园2期,,
科大南区生活区,,
吴夹衡,,
东航卫岗小区,,
桐江小区,,
新桐小区,,
徽商望湖苑,,
美邻馨园,,
华苑小区,,
春晖田逸苑,,
恒生・阳光城,,
汇景花园,,
仪表厂小区,,
江南・新里程,,
省畜牧小区,,
绿园小区,,
省轻工和烟草局小区,,
九华山庄,,
电大宿舍,,
仕嘉名苑,,
省直机关宿舍,,
省烟草宿舍北区,,
紫荆花园,,
水安公司宿舍,,
省建材宿舍楼,,
省工商局宿舍,,
省党校生活区,,
青年一村,,
市容小区,,
市政小区,,
城市华庭,,
七中小区,,
邮电东村,,
建设厅大院,,
农委宿舍,,
省电台生活区,,
文化厅宿舍,,
京剧团宿舍,,
省经贸冶金小区,,
省经贸委轻工小区,,
省直第三生活区,,
省政府机关宿舍,,
财政厅宿舍,,
省卫生厅机关宿舍,,
省农委四牌楼宿舍,,
供电四牌楼小区,,
省文联宿舍,,
省立医院宿舍,,
省纪委宿舍,,
省医护校小区,,
省经委机械小区,,
农业区划研究所宿舍,,
雍景苑,,
省委机关大院,,
省地震局宿舍,,
省质监局宿舍,,
市政小区三区,,
青年一村,,
市政小区一区,,
锦桂花园,,
省图书馆宿舍,,
工大北村,,
新艺苑,,
兴丰苑小区,,
宁国新村,,
省乡企管理局宿舍,,
依爱城市花园,,
商务厅职位宿舍,,
电信局宿舍,,
省经委迪迈达小区,,
裕华小区,,
省体育局南村,,
星辰花园,,
怡景花园,,
体育西村,,
省体育局东村,,
又一居,,
市医供应站宿舍,,
工大生活区,,
青年新村,,
自来水公司宿舍,,
石化厅小区,,
青年西区,,
青年新苑B区,,
物化院小区,,
省安装公司大院,,
宝利丰・智慧公馆,,
安徽省地质科研所宿舍,,
青年新苑C区,,
青年小区花园村,,
美湖社区,,
景城花园,,
芳华梦苑,,
景治园,,
长江计量所宿舍,,
合肥市科学技术委员会宿舍,,
青阳苑,,
红阳苑,,
绿阳苑,,
兰阳苑,,
警民小区,,
信发小区,,
太湖苑,,
温馨家园,,
城发世纪阳光花园,,
青年小区东区,,
阳光小区,,
石油小区,,
金阳苑(东门),,
橙阳苑,,
下卫岗村,,
华泰商住楼,,
太阳岛花园,,
星光苑,,
省直家园,,
太宁花园,,
小葛郢新村,,
华太小区,,
交院宿舍楼,,
医供站宿舍,,
康良小区,,
路桥公司小区,,
高速公路卫岗小区,,
公交三厂宿舍,,
上卫岗村,,
民航小区,,
卫岗电信小区,,
松梅村,,
东航银杏小区,,
乐天花园,,
菱水苑北苑,,
银杏苑南区,,
银杏苑棕榈林,,
红枫园,,
莲花小区,,
滨湖日月名邸,,
群英苑,,
翼马小区,,
军干・阳光公寓,,
四季花园,,
百花苑,,
菱水苑-南区,,
华顺嘉园,,
中铁四局物资宿舍,,
和瑞华府,,
大建小区,,
王卫村,,
福巢居,,
骆苑小区,,
矿机一分厂小区,,
教师新村(南区),,
江客新村,,
铂金汉宫,,
柏林春天,,
交院宿舍楼,,
益力檀宫,,
珠光雅苑二期,,
警苑小区,,
绿苑小区,,
珠光雅苑,,
市总工会宿舍,,
矿机小区北区,,
群力新村,,
锦华苑小区,,
省直和平花园北区,,
淮南村小区,,
春晖苑小区,,
兴苑小区,,
东方银座,,
南都・云庭,,
开源西大院,,
省直和平花园,,
明光小区,,
明江小区,,
大通新村,,
荣成雅居苑,,
手帕厂宿舍,,
御景湾,,
教师新村东A区,,
黎明村,,
和明雅居,,
蓝岸雅居,,
矿机小区南区,,
教师新村东区,,
正创・鸣香苑,,
淮矿和平盛世,,
滨河苑小区,,
供水小区,,
水上园小区,,
春雨花园,,
锦绣园,,
工商小区,,
贵都花园,,
滨水华城,,
风和园,,
方圆居,,
省检察院宿舍,,
金湾龙城,,
方桥小区,,
新园小区,,
荣昌园小区,,
航运大院宿舍,,
开元小区,,
来安新村,,
合肥小汽车修配厂居民小区,,
车桥厂小区,,
五中教职工宿舍,,
开元公寓,,
紫云府,,
东来家园,,
开元府,,
来安花园,,
星海苑,,
水利厅储运站宿舍,,
三十八中教职工宿舍,,
丰大住宅,,
通联家园,,
合肥一建(南区),,
恒盛豪庭,,
市二院隆岗南小区,,
隆岗南村,,
安拖和平村,,
和平村二院小区,,
万和・新城广场小区,,
砂轮新村,,
樱花园,,
鼎元府邸,,
繁裕小区,,
城市绿苑西区,,
合寓家园,,
保利熙悦府,,
盛景名苑,,
华泰小区,,
裕园小区,,
聚贤小区,,
和龙华园,,
左岸名苑,,
中天左岸公馆,,
双井回迁楼,,
双井村,,
西子银马公寓,,
海滨家园,,
君柳河畔,,
机械施工小区,,
市政新颜小区,,
文明新村,,
远大家园,,
新都会国贸公寓,,
凤巢园,,
海达小区,,
香榭里花园,,
绿洲花园,,
周谷堆小区,,
蓝鼎星河府,,
文昌雅居,,
新河梗城中村,,
新河梗小区,,
张大郢,,
文昌新村A区,,
文昌村,,
文昌新村B区,,
联邦花园,,
信达文景雅居,,
金地国际城,,
万振逍遥苑,,
新里海顿公馆,,
皖东小区,,
地矿家园,,
珠光花园,,
珠光花园二期,,
和昌都汇华府,,
珠光南苑东区,,
珠光南苑西区,,
丽阳兰亭,,
和地蓝湾,,
碧湖云溪二期,,
淝河佳苑,,
碧湖云溪,,
海顿公馆,,
玫瑰绅城花园,,
王大郢家园沁苑,,
甘棠苑,,
独秀园小区,,
都市田园别墅,,
阳光上南怡园,,
元一柏庄,,
阳光上南嘉园,,
王大郢新村,,
皖江船厂宿舍,,
唐桥新村D区,,
四建公司宿舍,,
燃气小区,,
大众城市之光,,
唐桥国风小区,,
隆岗新村,,
唐桥新村,,
姑娘楼,,
隆岗村,,
隆岗新村矿机小区,,
市政东所宿舍,,
隆庭佳苑北区,,
公交合裕路小区,,
隆庭佳苑东区,,
隆庭佳苑南区,,
航道大院,,
城市绿苑东区,,
城市绿苑北区,,
安托生活小区,,
和平家园A1区,,
安拖东村,,
安拖家园,,
和平家园A2区,,
纺织二村,,
华裕家园,,
和平家园A3区,,
省二建小区,,
纺织一村,,
和平家园B1区,,
晨光小区,,
和平家园B3区,,
金桂园,,
华润国际城,,
柏景轩,,
纺织四村,,
园丁禾小区,,
华业苑,,
和平苑,,
公交集团生活区,,
铜南小区,,
万泰花园,,
铜陵新村,,
精铸小区,,
铜陵东区,,
科研小区,,
铜陵东村小区,,
影机宿舍,,
合浦南村小区,,
园林都市,,
航运新村,,
梦河雅居二期,,
当涂路小区,,
梦河雅居,,
花溪新村,,
电机厂557小区,,
新城公寓,,
路港小区,,
大米宿舍,,
黑玛国际,,
公园小区,,
花冲公园宿舍,,
香店村,,
福海新居,,
福海新居东区,,
华兴城市广场,,
土山路小区,,
合浦东村,,
合浦新村西区,,
新安江花园,,
新海西苑,,
精工恒南小区,,
九华华龙苑,,
金辉枫尚,,
东城世家,,
漕冲花园,,
新海家园,,
新海家园B区,,
新海家园C区,,
乐水苑北区,,
钢北二村(西区),,
绿宝小区,,
国安家园,,
省二建小区,,
福满华庭,,
紫竹苑,,
龙威・东城一品轩,,
海和锦和园,,
合钢文明大院,,
钢北一村,,
钢北二村,,
乐水苑南区,,
钢北新村,,
民建大院,,
采石苑C区,,
和平家园A4区,,
朱岗村,,
钢西生活区,,
合钢生活区,,
仙居苑西村,,
仙居苑东区,,
化西东区,,
红光新村,,
裕昌新村,,
汇鑫小区,,
化工西村,,
合化仙居苑南区,,
枞阳新村,,
红光村,,
幸福园小区,,
钢南生活区,,
幸福花园,,
聚福家园,,
胡岗小区,,
黄岗新村,,
李城小区,,
平塘王别墅,,
金隅大成郡,,
绿地内森庄园,,
御龙湾,,
山水名城,,
国际丽晶城,,
天河园,,
湖畔春天,,
翠庭园,,
国建香榭水都,,
太阳海岸花园,,
融侨天骏,,
国贸天琴湾,,
融科九重锦,,
森林海,,
信达水岸茗都2010,,
宋都西湖花苑,,
颐园世家(南门),,
合肥三盛颐景园,,
岸上玫瑰,,
书香苑,,
绿地花都・蓝蝶苑,,
岸上玫瑰北区,,
嘣酶北院,,
嘣酶,,
嘣霉馆,,
凯旋门二期,,
凯旋门一期,,
凯旋门三期,,
湖畔徽映阁,,
天鹅湖一号,,
嘉和苑,,
八二一小区,,
琥珀五环城,,
浅水湾,,
姚公新村,,
皖西新村,,
四方新村,,
近水阁小区,,
金祁花园,,
祥源・汇博名座,,
四方北区,,
陶然居,,
湖东景园南区,,
湖东景园北区,,
旭辉花园,,
天鹅湖九号,,
合肥壹号院,,
安粮云水居,,
水晶国际广场,,
滨湖龙川里,,
高铁都市花园,,
高铁都市花园东,,
清河园,,
柴油机厂二生活区,,
皖西机械厂宿舍,,
融侨观澜,,
建发雍龙符,,
东风新村,,
沿河恢复楼,,
东风村,,
姚公新苑,,
广福花园B区,,
天下锦城巴斯镇,,
广福花园A区,,
天下锦城温莎城,,
康桥郡,,
爱丁堡,,
姚公村,,
粮油小区,,
晨风苑,,
安建大生活区,,
东风小区,,
万振东祥府,,
天御琅诗郡,,
天宇邻里坊,,
国贸天悦西区,,
中海央墅,,
国贸天悦,,
天御枫丹阁,,
天御悦澜园,,
天御林语苑,,
绿地御徽,,
绿地铭公馆,,
绿地中心公馆,,
紫竹苑南区,,
紫竹苑,,
江汽三村,,
江汽一村,,
清和园,,
江淮新村,,
淝南家园北区,,
淝南家园,,
梅兰家园,,
南凌小区A区,,
望湖西苑,,
望湖南苑,,
南凌小区B区,,
桂香居金桂苑,,
桂香居丹桂苑,,
桂香居月桂苑,,
义城劳务公司小区,,
华力小区,,
望湖北苑,,
枫丹城市花园,,
信达好第坊,,
望湖东苑,,
电气学院生活区,,
望湖水苑,,
桂香居福桂苑,,
民航家园,,
瑞和苑,,
星海・四季经典园,,
桂香居日桂苑,,
山水西苑,,
山水东苑,,
和欣家园,,
桂香居紫桂苑,,
滨湖春天,,
望湖嘉苑,,
御景山庄,,
蜀翠苑西区,,
蜀翠苑(东区),,
和庄别墅东,,
和庄别墅,,
碧海山庄,,
蜀山名筑,,
蜀湖湾小区,,
城市庭院,,
丰乐小区,,
城市风景,,
园景天下,,
新鸿安公寓,,
望园别墅,,
望园小区,,
金濠小区,,
托基城市广场,,
顶间花园,,
卷烟厂小区,,
银城知庐,,
梦园小区,,
电建小区,,
幸福里程,,
华亿科学园,,
蓝鼎海棠湾,,
绿城桂花园,,
维多利亚,,
国联西嘉,,
蜀峰湾,,
澜溪镇,,
合肥市二十二中住宅小区,,
万科・高第,,
兴园北区,,
文一名门首府,,
上铁・银欣花园,,
兴园小区,,
尚成花园,,
煤田地质局宿舍,,
白帝・海棠小区,,
保利香槟国际,,
恒大华府,,
百商现代名苑,,
景尚名郡,,
信达馥帮天下,,
圣联香御公馆,,
华地紫园,,
御景城,,
百商・悦澜山,,
中国电子科技集团公司第三十八研究所专家楼住宅楼,,
绿地・乔治庄园,,
保利・西山林语,,
蜀南庭苑,,
桃园社区,,
油墩社区,,
玉兰苑小区,,
海尔公馆,,
金光苑小区,,
新站社区,,
风景雅苑,,
斯瑞新景苑,,
文一瑞泰中心家园,,
瑞泰城市家园,,
琥珀名城和园,,
创智家园,,
瑞泰中都,,
琥珀名城苑园,,
阳光棕榈园,,
罗岗恢复楼,,
琥珀名城沁园,,
河畔雅居,,
琥珀名城锦苑,,
龙湖花园,,
东景苑,,
龙岗制衣厂混合区,,
龙湖别墅,,
圣地雅阁,,
圣地雅阁二期,,
正罡家园,,
金源雅苑,,
地矿327队生活区,,
长江东路供销社宿舍,,
孙大郢新村,,
孙大郢(西区),,
兴漕新居,,
电信器材工业贸易有限责任公司宿舍,,
孙大郢村,,
东河丽景,,
静安新城,,
三星家园,,
马岗村,,
丽阳雅居,,
大鹏悦阳华庭,,
华都城市花园,,
华邦九狮水岸,,
嘉应茗阳水岸A区,,
襄河家园二期,,
襄河家园,,
杨柳河畔,,
点岗新村一期,,
嘉应茗阳水岸B区,,
裕存堂(彭岗村),,
东华府,,
文一锦门学府里,,
新城・桃李郡,,
东郡祥园,,
保利东郡律园,,
东郡仪园,,
曹冲小区西区,,
曹冲小区北区,,
文一云河湾,,
静安新城南区,,
龙谷华庭,,
文一云溪湾,,
尚大郢,,
禹州珑h湾,,
仙居苑东村,,
孙小郢,,
溪岸观邸,,
静安春晖里,,
广和花园,,
裕兴苑小区,,
裕东景园,,
兴集嘉和苑,,
中信小区,,
五幢楼集体宿舍,,
兴泰苑,,
大兴镇新居,,
弘阳欣悦府,,
金科海昱东方,,
百大东兴家园,,
戴小郢,,
海亮九玺南区,,
九和别墅,,
海亮九玺北区,,
华纺新华城,,
皖水公寓,,
湖山源著,,
岭湖墅,,
御湖上园,,
世贸国风,,
悦湖山院,,
祥源城湖山小筑,,
祥源城三期,,
湖山别墅,,
尚贤居,,
汇英楼,,
永和家园,,
雍锦半岛,,
祥源金港湾二期,,
金港湾公馆,,
永和家园三期A区,,
永和家园三期B区,,
永和家园三期C区,,
永和家园三期D区,,
名门学府里,,
幸福金色年华,,
禹州华侨城二期,,
禹州华侨城柳园,,
禹州华侨城,,
融创城融福园,,
禹州华侨城和园,,
禹州华侨城和园南区,,
上湖名院,,
商务厅和谐家园,,
报业园,,
文锦新城,,
融创城和园,,
融创城,,
佳境枫情苑,,
港澳花园,,
九溪江南园,,
明珠湖畔,,
梁坊北苑,,
禹州华侨城枫园,,
瑞格花园,,
瑞泽源一里洋房,,
翠微西园,,
葛洲坝玖珑府,,
华邦观筑里,,
芙蓉公寓(朱岗),,
高速翡翠湖畔,,
铂爵公馆,,
书缘居,,
新华徽府,,
西城秀里,,
翠微北园二,,
翠微北园,,
翠微南园,,
翠微苑,,
翡翠湖玫瑰园,,
金星家园,,
碧湖蓝庭,,
翰林府邸,,
中环云邸,,
中环紫金公园,,
国耀一方城,,
国耀花半里,,
翡翠湖玫瑰园南区,,
安大馨苑,,
九龙园,,
大学城博雅居,,
翰林雅居,,
新华九龙首府,,
原树提香二期,,
翡翠社区侯岗小区,,
原树提香,,
幸福大街,,
世贸翡翠府邸,,
柳树郢,,
世贸翡翠首府,,
禹州翡翠湖郡,,
学林雅苑,,
翡翠花园翠湖苑,,
桃华新村,,
花园锦绣大地城,,
翡翠花园二期,,
翡翠花园三期,,
翡翠花园,,
照山新村,,
水安盛世桃源,,
童话名苑,,
华宇未来城,,
蓝色湖畔,,
铜冠花园,,
海馨苑,,
银都香水郡,,
雍景台,,
紫御府,,
经典华城,,
丹霞新村,,
石门路小区,,
电力绿色港湾,,
电力绿色港湾南,,
汇景苑,,
大地雅苑,,
金历东海徽园,,
东海星城,,
丽景碧雅,,
怡缘小区,,
格林硅谷,,
汇林东园小区,,
汇林园,,
华地润园,,
明珠广场公寓,,
烟草住宅小区东,,
烟草住宅小区,,
时光原著,,
紫金山庄,,
福禄园北园B,,
海尔公寓,,
佳兴园,,
福禄园北区A区,,
福禄北区,,
华治・天然居,,
繁华世家,,
尚泽大都会,,
百乐门悦府,,
金丰园,,
东华园,,
御湖观邸,,
佳通生活区,,
习友园,,
福禄园,,
加侨乐园公馆,,
福禄园南园,,
福禄园C区,,
习友村,,
南艳村,,
依澜雅居,,
南湖春城花园,,
美丹家园,,
和安家园,,
江汽五村,,
桃花社区,,
苹果小镇,,
明珠华庭,,
金都嘉园,,
金典名筑,,
名筑花园,,
多伦多花园,,
公交锦绣园,,
红莲园,,
怡莲新城,,
乡村花园,,
合肥学院大学生公寓,,
金屿海岸,,
南艳瑞景,,
南艳湖滨时光,,
滨湖国际花都,,
康利园南区,,
康利园东区,,
康利园北区,,
南空花园,,
桃源小区,,
长安萨尔斯堡,,
尚泽紫金公馆,,
方兴园恢复楼,,
方兴桃园,,
方兴园,,
方兴南园,,
米兰阳光花园,,
锦绣年华(西门),,
蓬莱花园,,
天门湖花园,,
锦绣城市之光(A区),,
天门湖博雅居,,
天门湖花园,,
天门湖・锦城,,
天门湖・新界,,
紫云花园,,
始信花园,,
滨湖前城,,
新年新村,,
新年新村东区,,
观澜华庭,,
御景前城,,
绿地滨湖印象,,
中环・湖滨公馆,,
江汽六村,,
临滨苑,,
琼林苑,,
春融苑,,
徽贵苑,,
振徽苑,,
徽昌苑,,
徽杰苑,,
名门南郡,,
南郡明珠,,
卧云新村西区,,
远大尚林苑,,
香江龙韵豪庭,,
卧云新村,,
江汽七村,,
滨湖品阁,,
文华阁,,
滨湖康园,,
滨湖家园西区,,
滨湖家园东区,,
滨湖慧园,,
春晖园,,
书香门第,,
丽水家园,,
棠溪人家,,
滨湖明珠西区,,
滨湖明珠,,
人行小区,,
滨湖和园,,
滨湖假日清华园,,
滨湖假日枫丹园,,
滨湖假日金榈园,,
滨湖假日翰林院,,
蓝鼎湖苑,,
大店新村,,
葛大店村,,
丁大郢,,
京华世家,,
淝河安百苑,,
淝河安百苑B区,,
西边郢,,
临环苑,,
蓝天花园,,
仁和桂园,,
民康葛大店花园,,
滨江花园,,
滨江花月香樟苑,,
同和民康,,
同和民康丹桂园,,
盛大德馨苑,,
银杏尚都南区,,
银杏尚都,,
上风尚城,,
盛景融城,,
包河苑E区,,
包河苑,,
包河苑电厂小区,,
包河苑C区,,
包河苑D区,,
包河苑B区,,
包河苑F区,,
水丽坊,,
水丽坊・自在城北区,,
水丽坊・自在城,,
包和花园D区,,
包和花园园林小区,,
建筑雅苑,,
包和花园B区,,
包河花园C区,,
包河花园A区,,
包河花园E区,,
经开公租房,,
广视花园,,
九珑湾,,
格林雅地,,
广视花园东区,,
格林丽景,,
国开公馆,,
榆林桥畔二期,,
皖都徽韵,,
皖都徽韵B区,,
中央城邦二期,,
中央城邦,,
南丽湾,,
华夏茗湾学府,,
金科博翠天辰,,
时代首府,,
沪上人家,,
欣然居,,
阳光里,,
滨水湾小区,,
万科时代之光,,
碧桂园中堂,,
招商雍华府,,
滨湖康园,,
滨湖瑞园北区,,
滨湖康园南区,,
滨湖瑞园南区,,
琥珀瑞安家园,,
利港・银河幸福广场,,
徽盐世纪广场,,
高速时代城一期,,
高速时代城二期,,
万科蓝山一期,,
万科蓝山别墅,,
万科蓝山二期,,
滨湖紫园,,
名门胡语,,
葛洲坝紫郡府,,
佳缘小区一期,,
巴黎都市波旁宫,,
葛洲坝中国府,,
巴黎都市美泉宫,,
方兴花园,,
长宁家园,,
复兴家园,,
御湖山庄,,
保利・梧桐语,,
香樟花园,,
昌河汽车公司小区,,
紫兰苑,,
柏堰雅苑,,
车城小区(西区),,
江南新村,,
合肥昌河集体宿舍,,
堰湖山庄西区,,
堰湖山庄,,
新华国际阳光,,
桃华苑,,
好运长安,,
格力馨雅园,,
融创玖樟台,,
拓基・鼎元公馆,,
名门御府,,
旭日长安,,
前城上品,,
东冠繁华逸城,,
名门绿洲,,
禹州天玺,,
禹州天玺二期,,
信地华地城,,
信地华地城二期,,
繁华欣园,,
繁华新园南区,,
绿地海德公馆,,
中央悦府,,
光明观澜公馆,,
海德公馆二期,,
顺和家园南区,,
顺和家园北区,,
顺美家园,,
翡翠蓝湾畅园,,
翡翠蓝湾朗园,,
光明观澜印象,,
琥珀御宾府,,
翡翠蓝湾和园,,
翡翠家园,,
西城国际花都二期,,
幸福园,,
绿地国际花都,,
瑞康家园,,
金星和园四期,,
金星和园三期,,
光明观澜学院,,
新城家园,,
新城花园,,
云海家园,,
聚缘山庄,,
包公家园,,
滨河竹园,,
滨河小区,,
滨河家园,,
联宝公寓,,
滨河松园,,
天门湖花园,,
金星和园一期,,
金星和园,,
星河家园西区,,
金宇天地城,,
星河家园东区,,
安居苑,,
金桂苑小区,,
临湖如园,,
熔安家园,,
临湖吉园,,
临湖祥园,,
派河家园,,
张郢小区,,
张郢一区,,
水岸豪庭,,
龙飞明珠花园南区,,
青龙湾,,
家泰派河风景,,
龙飞明珠花园北区,,
派河春晓,,
城东小区,,
锦绣苑,,
王郢安置点,,
旺郢家园小区,,
康宏苑,,
中街・水晶城,,
公园新村,,
丽景湖小区,,
玫瑰苑(南区),,
沃顿花园,,
三圆小区,,
丽景湾,,
菁华园,,
宝地家园,,
新鑫公寓,,
肥西县直机关小区,,
瑞丰小区,,
清雅苑,,
泰来傲城,,
四十埠家园,,
钱江1号公馆,,
盛世珑门,,
书香雅苑,,
名邦中央公馆,,
名邦西城国际,,
家泰华悦公馆,,
鑫林雅居,,
警安花园,,
华地紫金府,,
桦樟名苑小区,,
方岗安置点,,
翡翠正荣府,,
李湾安置小区,,
万派城,,
徽创佳兆业未来城,,
凉亭雅苑,,
凉亭小区,,
翡翠家园,,
旭辉翡翠江来,,
和谐盛世,,
瑞泰翰林水岸,,
名邦西城秀里,,
翰林水岸上园,,
丽丰铂羽公馆,,
铁四局家属院,,
瑞景锦居,,
芮祠家园,,
阳光公寓,,
西城时代花园,,
春景花园,,
馆驿花园,,
文一西溪湾,,
新四十埠二期安置点,,
新型家园二期,,
新型家园,,
灯塔家园,,
绿锦家园,,
和谐锦园,,
舒雅文沁苑,,
光明府,,
皖投国滨世家,,
旭辉滨湖江来,,
金辉中梁优步学府,,
通和天誉,,
祥源花世界丹桂湾,,
滨湖欣园,,
旭辉御府,,
中铁滨湖名邸,,
滨湖桂园北区,,
滨湖桂园,,
高速时代广场,,
保利和盛公馆,,
滨湖万科城,,
华治水晶公馆,,
天慧紫辰阁,,
锦绣淮苑,,
滨湖竹园,,
滨湖菊园,,
云谷名庭,,
云谷金融城,,
万象公馆北区,,
万象公馆南区,,
豪门金地,,
都会1907,,
滨湖顺园北区,,
滨湖顺园,,
滨湖云镜,,
公元天下B,,
公元天下,,
湖光别院,,
正荣府,,
万达悦湖苑,,
亲湖苑B,,
悦湖台,,
亲湖苑C,,
万达城亲湖苑A,,
揽湖苑C,,
揽湖苑D,,
万达揽湖苑A,,
揽湖苑B,,
海上五月花C,,
海上五月花D,,
海上五月花B,,
海上五月花A,,
东方蓝海E,,
东方蓝海紫云轩,,
东方蓝海F,,
东方蓝海C,,
东方蓝海A,,
东方蓝海B,,
中海湖滨公馆洋房,,
中海湖滨公馆B,,
朗诗绿都,,
高速时代公馆,,
信达公园里,,
信达公园里东区,,
滨湖双玺,,
联投新安里B区,,
宝能城三期,,
联投新安里,,
宝能城一期北区,,
宝能城一期,,
宝能城一期南区,,
宝能城二期,,
临湖苑D,,
万达临湖苑A,,
临湖苑B,,
临湖苑E,,
临湖苑C,,
临湖苑F,,
津门雅韵园,,
津门浅酌园,,
安凯社区北区,,
安凯社区南区,,
达利庄园,,
关镇家园,,
绿色港湾塞维利亚,,
绿色港湾,,
李岗村,,
四岗村,,
钢红北区,,
钢红东区,,
东岗村,,
东岗小区,,
裕和兴苑,,
建华新村,,
建华新村二期,,
城发水岸花园,,
青年小区,,
宝翠园,,
华盛大运城,,
合钢南苑新村,,
龙祥家园小区,,
唐安幸福家园,,
圣联东方早城,,
文一名城金隅,,
夏岗村,,
禹州中央广场住宅区,,
文一国际,,
盛世家园,,
瑞景兰庭,,
瑞泰尚园东区,,
瑞泰尚园西区,,
南源居,,
东宸苑,,
迎河家园,,
新城家园,,
吾悦华府,,
文一云河湾,,
斌锋观邸,,
华盛南院,,
文德公园里,,
新城云樾观棠,,
皖新翡翠庄园,,
琥珀名都,,
中心花园,,
润和尚品,,
斌锋未来城,,
城南新村,,
琥珀庄园,,
恒大绿洲,,
斌锋和睦公馆,,
店忠家园,,
双桥新村,,
畅和家园,,
琥珀东澜赋,,
亿达东城国际,,
富马庄园,,
东城家园,,
东圣花园,,
琪瑶小区,,
和谐家园,,
撮镇化肥厂小区,,
安建锦绣花园,,
盛世新城,,
义和家园北区,,
义和家园南区,,
泰昌嘉园,,
义和家园东区,,
义和家园东区二期,,
东方明珠嘉苑,,
新安小区,,
金葡萄家园A区,,
金葡萄家园C区,,
金葡萄家园B区,,
金葡萄家园D区,,
滨湖润园,,
江山印,,
紫荆名郡馨园,,
紫荆名都沁园,,
紫荆名都和园,,
城西桥家园,,
望江台Z宸,,
望江台Z宸,,
西子曼城,,
保利柏林之春,,
西城西苑,,
小东郢,,
香榭丽都,,
美乐园,,
康宁家园,,
欣钰雅居苑,,
省国税局瑞园小区,,
新文采花园,,
美丽华花园,,
阳光花园联发小区,,
中兴花园西区,,
静源小区,,
阳光花园,,
福乐园别墅,,
蜀苑新村,,
桂竹苑,,
中翰名庭,,
同济小蜗公寓,,
玉兰新村,,
玉兰西新村,,
合肥城建琥珀蜀熙府,,
通用院生活区,,
万博科技职业学院宿舍,,
卫楼新村,,
临水家园,,
鼎元别院,,
金凯花园C,,
金色池塘三期B区,,
汪岗,,
华侨太阳湾,,
金色池塘,,
金色池塘三期A区,,
金色池塘二期,,
金凯花园,,
金凯花园B,,
植物园小区,,
新加坡花园,,
新加坡花园蜀山阁,,
新加坡花园,,
枫丹白露公馆,,
山湖新村,,
枫丹白露颐然居,,
幸福金色湖畔,,
市高新分局景观庭苑,,
天地人科文苑,,
蜀秀苑,,
井岗镇政府宿舍,,
半岛新村,,
城建小区,,
井岗镇,,
大埔头村,,
合粮三库蜀山生活区,,
蜀景园,,
西城山水居,,
沃野花园,,
上堤公寓,,
奥园城市天地,,
红皖家园,,
蜀新苑东区,,
蜀新苑西区,,
山水间花园,,
博威香山丽舍,,
山湖苑西区,,
山湖苑东区,,
山湖苑出租房,,
科学家园,,
公交蜀山园,,
蜀科苑,,
华润桃源里一期,,
华润桃源里,,
华润桃源里三期,,
蜀祥苑,,
御Z江山,,
御Z江山,,
蜀麓苑,,
加侨悦山国际,,
湖语山墅,,
中海原山,,
加侨悦山城,,
华邦蜀山里,,
大富鸿墅,,
大富山庄,,
卓然居,,
禹州平湖秋月,,
悠然居,,
南岗畅园,,
南岗畅园西区,,
南岗和园,,
南岗惠园,,
南岗惠园D区,,
中铁建国际公馆,,
惠民新村,,
南岗惠园B区,,
华丰小区,,
南岗惠园A区,,
南岗青年公寓,,
航空新城,,
科学岛东区,,
科学岛西区,,
清水苑,,
清水苑北区,,
金明华园四期,,
金明家园,,
临湖雅苑,,
金明华园三期,,
金地丽景B区,,
金地丽景,,
祥和公馆,,
金明花园,,
玉成明珠苑,,
金明花园二期,,
梅园小区,,
绿城雅苑,,
一号别墅,,
建材三场生活小区,,
尚水湖畔磊园,,
尚水湖畔晶园,,
尚水湖畔淼园,,
盛和佳苑小区,,
尚水湖畔森园,,
尚水湖畔鑫园,,
杨缘小区,,
合肥院子,,
皇嘉锦苑东区,,
建邦皇嘉锦苑,,
怡苑新区,,
恒大帝景,,
恒大帝景西区,,
圣联科瑞北郡,,
北城中环城玫瑰公馆,,
北城中环城,,
元一高尔夫别墅4期水果墅,,
元一高尔夫别墅5期菩提墅,,
元一高尔夫别墅3期,,
元一高尔夫别墅1期,,
元一高尔夫别墅2期,,
国强丰瑞园,,
奥青城,,
新慧金水岸,,
陆院生活区,,
