手机,4399.00,京品手机Apple iPhone 11 (A2223) 128GB 紫色 移动联通电信4G手机 双卡双待,https://item.jd.com/100004770263.html
手机,5699.00,Apple iPhone 12 (A2404) 256GB 黑色 支持移动联通电信5G 双卡双待手机,https://item.jd.com/100009077457.html
手机,799.00,Redmi 9A 5000mAh 1300万AI相机 八核处理器 人脸解锁 4GB+128GB 晴空蓝 游戏智能 小米 红米,https://item.jd.com/100008611953.html
手机,6799.00,Apple iPhone 13 (A2634) 256GB 星光色 支持移动联通电信5G 双卡双待手机,https://item.jd.com/100014352543.html
手机,1999.00,Redmi K40 骁龙870 三星AMOLED 120Hz高刷直屏 4800万高清三摄 8GB+128GB 亮黑 游戏电竞5G 小米 红米,https://item.jd.com/100010428315.html
手机,1399.00,京品手机Redmi Note 9 Pro 5G 一亿像素 骁龙750G 33W快充 120Hz刷新率 湖光秋色 8GB+256GB 智能 小米 红米,https://item.jd.com/100016799352.html
手机,899.00,Redmi Note8 4800万全场景四摄 4000mAh长续航 高通骁龙665 18W快充 小金刚品质保证 4GB+64GB 曜石黑 游戏智能 小米 红米,https://item.jd.com/100004575495.html
手机,1069.00,Redmi Note 11 4G FHD+ 90Hz高刷屏 5000万三摄 G88芯片 5000mAh电池 6GB+128GB 神秘黑境 小米 红米,https://item.jd.com/100016415675.html
手机,699.00,Redmi 8A 骁龙八核处理器 AI人脸解锁 莱茵护眼全面屏 4GB+64GB 耀夜黑 智能老人 小米 红米,https://item.jd.com/100009082466.html
手机,7499.00,京品手机Apple iPhone XS Max (A2104) 256GB 深空灰色 移动联通电信4G手机 双卡双待,https://item.jd.com/100000287113.html
手机,599.00,Redmi 9A 5000mAh大电量 大屏幕大字体大音量 1300万AI相机 八核处理器 人脸解锁 4GB+64GB 砂石黑 游戏智能 小米 红米【购机补贴版】,https://item.jd.com/100019154466.html
手机,599.00,Redmi 9A 5000mAh大电量 1300万AI相机 八核处理器 4GB+64GB 砂石黑 智能手机 小米 红米【电信新用户专享】,https://item.jd.com/100027937482.html
手机,1268.00,Redmi Note 9 5G 天玑800U 18W快充 4800万超清三摄 青山外 8GB+128GB 智能 小米 红米,https://item.jd.com/100009596081.html
手机,1299.00,Redmi Note8Pro 6400万全场景四摄 液冷游戏芯 4500mAh长续航 NFC 18W快充 红外遥控 6GB+128GB 冰翡翠 游戏智能 小米 红米,https://item.jd.com/7437714.html
手机,599.00,红米6A 1300万高清相机 AI人脸解锁 12nm高性能处理器 3GB+32GB 流沙金 游戏智能 小米,https://item.jd.com/8264403.html
手机,99.00,天语（K-Touch）T2 老人手机语音播报移动2G直板按键大字大声大屏超长待机老年学生备用功能 红色,https://item.jd.com/4270019.html
手机,1599.00,Redmi Note 10 Pro 5G 天玑1100旗舰芯 67W快充 120Hz旗舰变速金刚屏 星纱 8GB+128GB 智能 小米红米,https://item.jd.com/100011650795.html
手机,1099.00,荣耀Play5T 22.5W超级快充 5000mAh大电池 6.5英寸护眼屏 全网通8GB+128GB极光蓝,https://item.jd.com/100011493273.html
手机,3688.00,华为 HUAWEI P30 超感光徕卡三摄麒麟980AI智能芯片全面屏屏内指纹版手机8GB+128GB亮黑色全网通双4G,https://item.jd.com/100004404920.html
手机,1599.00,Redmi K30 5G双模 120Hz流速屏 骁龙765G 前置挖孔双摄 索尼6400万后置四摄 30W快充 6GB+128GB 深海微光 游戏智能 小米 红米,https://item.jd.com/100010617232.html
手机,899.00,荣耀畅玩20 5000mAh超大电池续航 6.5英寸大屏 莱茵护眼 4GB+128GB 钛空银 双卡双待 全网通,https://item.jd.com/100011186161.html
手机,799.00,Redmi 9 全场景AI四摄 高性能游戏芯 4GB+64GB 碳素黑 智能手机 小米 红米,https://item.jd.com/100007673355.html
手机,4099.00,小米11 5G 骁龙888 2K AMOLED四曲面柔性屏 1亿像素 55W有线闪充 50W无线闪充 12GB+256GB 黑色,https://item.jd.com/100009956273.html
手机,2788.00,华为 HUAWEI P20 AI智慧徕卡双摄全面屏游戏手机 6GB+64GB 亮黑色 全网通移动联通电信4G 双卡双待,https://item.jd.com/6946605.html
手机,599.00,Redmi 9A 5000mAh大电量 1300万AI相机 八核处理器 4GB+64GB 晴空蓝 智能手机 小米 红米【电信新用户专享】,https://item.jd.com/100015197405.html
手机,1699.00,京品手机Redmi K40游戏增强版 天玑1200处理器67W闪充 120Hz高刷直屏 8GB+128GB 暗影 游戏电竞智能5G 小米 红米,https://item.jd.com/100011284885.html
手机,2899.00,小米 Civi 3200万双柔光自拍120Hz曲面原色屏 4500mAh大电量 立体双扬声器 丝绒AG工艺 5G 8G+256GB 黑色,https://item.jd.com/100014628895.html
手机,9799.00,Apple iPhone 13 Pro Max (A2644) 256GB 石墨色 支持移动联通电信5G 双卡双待手机,https://item.jd.com/100026667964.html
手机,1699.00,vivo iQOO Z3 8GB+128GB 星云 高通骁龙768G 55W闪充 120Hz高刷竞速屏 6400万三摄 双模5G全网通,https://item.jd.com/100019230258.html
手机,1699.00,京品手机OPPO K7x 8+256GB 黑镜 4800万四摄 5000mAh长续航 90Hz电竞屏 30W闪充 智能 5G,https://item.jd.com/100009630527.html
手机,2299.00,【千玺代言】华为新品 HUAWEI nova 4 极点全面屏手机 4800万超广角三摄 8GB+128GB 苏音蓝 全网通双卡双待,https://item.jd.com/100001790789.html
手机,1689.00,荣耀Play5 5G 66W超级快充 6400万超清四摄 6.53英寸大屏 8GB+256GB 钛空银 双卡双待 全网通,https://item.jd.com/100011473965.html
手机,1099.00,荣耀Play5T Pro 6400万双摄 6.6英寸全视屏 22.5W超级快充 4000mAh大电池 全网通版8GB+128GB 钛空银,https://item.jd.com/100013102509.html
手机,2199.00,小米11青春版 骁龙780G处理器 AMOLED柔性直屏 8GB+256GB 清凉薄荷 5G时尚,https://item.jd.com/100010844217.html
手机,6799.00,Apple iPhone 13 (A2634) 256GB 粉色 支持移动联通电信5G 双卡双待手机【赠大王卡首月免月租】,https://item.jd.com/100014446089.html
手机,1799.00,OPPO A72 双模5G 90Hz灵点屏 大电池 18W快充 后置三摄AI美颜拍照视频手机8GB+128GB 霓虹,https://item.jd.com/100014372378.html
手机,299.00,诺基亚 NOKIA 220 4G 移动联通电信三网4G 蓝色 直板按键 双卡双待 备用功能机 老人老年 学生备用机,https://item.jd.com/100012797742.html
手机,1599.00,OPPO A93 8+128GB 炫黑 骁龙双模5G 超大存储 5000mAh大电池 18W疾速快充 90Hz高刷屏 4800万三摄 全面屏,https://item.jd.com/100010681479.html
手机,2099.00,京品手机realme 真我GT 骁龙888 120Hz屏幕 65W闪充 8GB+128GB 银河战舰 5ggt,https://item.jd.com/100010345793.html
手机,2499.00,京品手机荣耀50 1亿像素超清影像 5G 6.57英寸超曲屏 66W超级快充 3200万像素高清自拍 全网通版8GB+256GB 初雪水晶,https://item.jd.com/100011920595.html
手机,1999.00,HUAWEI nova 8 SE 4G全网通 8+128GB幻夜黑 6400万高清四摄 66W超级快充 6.5英寸OLED大屏华为 标配无充,https://item.jd.com/100016376331.html
手机,799.00,华为 HUAWEI 畅享 9e 实力大音量高像素珍珠屏3GB+64GB幻夜黑全网通版双4G手机,https://item.jd.com/100004323338.html
手机,1499.00,vivo Y70t 5G手机 8G+128GB 碧海蓝 4500mAh大电池 双引擎闪充 4800万后置三摄 双模5G全网通,https://item.jd.com/100021842078.html
手机,129.00,诺基亚（NOKIA）105 新 红色 直板按键 移动2G手机 老人老年手机 学生备用功能机 超长待机,https://item.jd.com/100004791609.html
手机,3199.00,京品手机一加 OnePlus 9 5G 120Hz 柔性屏12GB+256GB 鲸蓝 骁龙888 65W快充 哈苏专业模式 超广角拍照游戏,https://item.jd.com/100010594805.html
手机,1669.00,荣耀X30 骁龙6nm疾速5G芯 66W超级快充 120Hz全视屏 全网通版 8GB+128GB 晨曦金,https://item.jd.com/100016931001.html
手机,583.00,小米红米9A 智能老人手机 砂石黑 全网通4G+64G,https://item.jd.com/72032259399.html
手机,1999.00,realme 真我V15 6400万像素 50W智慧闪充 仅176g 新月银 8GB+128GB 双模5g手机,https://item.jd.com/100017533938.html
手机,1899.00,荣耀X20 66W超级快充 120Hz高刷屏 6400万超清影像 4300mAh 全网通版 8GB+128GB 幻夜黑,https://item.jd.com/100013102495.html
手机,282.00,飞利浦 PHILIPS E256S 移动联通2G 陨石黑 双屏翻盖大屏 老人机 老人手机 老年机老年学生备用机,https://item.jd.com/100000322417.html
手机,2659.00,vivo X60 8GB+256GB 微光 5G手机 蔡司光学镜头 微云台黑光夜视2.0 三星5nm旗舰芯片 双模5G全网通,https://item.jd.com/100009813735.html
手机,2378.00,vivo【酷客换新版】 iQOO Neo5 8GB+256GB 夜影黑 骁龙870 独立显示芯片 66W闪充 专业电竞游戏 5G全网通,https://item.jd.com/100028472622.html
手机,139.00,天语（K-Touch）E2 老人手机 电信老人机 直板按键大屏大字大声超长待机 学生备用2G老年功能机 铂光金,https://item.jd.com/4270023.html
手机,1389.00,荣耀X30i 7.45mm超薄全视屏 22.5W超级快充 6nm 5G疾速芯 全网通版 6G+128G 钛空银,https://item.jd.com/100028087936.html
手机,1399.00,OPPO A32 90Hz护眼灵点屏 5000mAh超大电池 长续航 18W疾速快充 全面屏拍照视频 8GB+128GB 幻想蓝,https://item.jd.com/100008603165.html
手机,1099.00,京品手机荣耀Play5T活力版 超级快充 5000mAh大电池 6.6英寸全面屏 全网通6GB+128GB极光蓝,https://item.jd.com/100020909324.html
手机,5499.00,小米 MIX4 骁龙888+ 一体化陶瓷机身 全面屏 一亿像素三摄 哈曼卡顿双扬声器 12GB+512GB 影青灰 5G旗舰,https://item.jd.com/100013223191.html
手机,4199.00,一加 OnePlus 9 Pro 5G旗舰2K+120Hz 柔性屏8GB+256GB 闪银 骁龙888 65W快充 哈苏专业模式 超广角拍照,https://item.jd.com/100018927438.html
手机,2799.00,OPPO Reno6 12+256GB 夏日晴海 6400万水光镜头 65W超级闪充 90Hz高感屏 36个月流畅护航 轻薄拍照 5G,https://item.jd.com/100011441995.html
手机,2899.00,realme 真我GT 大师探索版 120Hz三星AMOLED曲面屏 索尼IMX766传感器 骁龙870 雪山 8GB+128GB 双模5G gt,https://item.jd.com/100023828876.html
手机,2699.00,OPPO Reno7 8+128GB 星夜黑 星钻工艺 前置索尼 IMX709 超感光猫眼镜头 高通骁龙778G 90Hz高感电竞屏 5G,https://item.jd.com/100016155249.html
手机,2599.00,realme 真我GT Neo2 骁龙870 120Hz旗舰屏 5000mAh大电池 65W闪充 12+256GB 影黑 硬核游戏5g,https://item.jd.com/100014445613.html
手机,799.00,Redmi 9 全场景AI四摄 高性能游戏芯 4GB+64GB 墨黛青 游戏智能手机 小米 红米【购机补贴版】,https://item.jd.com/100016423726.html
手机,3199.00,vivo iQOO 8 12GB+256GB 传奇版 120W闪充 骁龙888 独立显示芯片 KPL官方赛事电竞 双模5G全网通iqoo8,https://item.jd.com/100024540670.html
手机,3999.00,京品手机OPPO Find X3 5000万双主摄IMX766 10亿色臻彩屏 60倍显微镜 骁龙870 8+256GB 镜黑 5G年度旗舰,https://item.jd.com/100010393083.html
手机,1899.00,OPPO K9 Pro 8+128GB 冰河序曲 天玑1200 120Hz OLED电竞屏 60W超级闪充 6400万三摄 拍照 5G,https://item.jd.com/100026379080.html
手机,138.00,纽曼 Newman R15 星空黑 中小学生手机 卡片手机 移动2G 超薄迷你儿童小手机 备用机非智能戒网 老人,https://item.jd.com/100002092243.html
手机,282.00,飞利浦 PHILIPS E256S 移动联通2G 炫酷红 双屏翻盖大屏 老人机 老人手机 老年机翻盖功能机学生备用功能机,https://item.jd.com/100000230600.html
手机,2399.00,魅族17 8GB+128GB 松深入墨 骁龙865 旗舰5G手机 30W快充 6400W后置主摄 90Hz屏幕 支持NFC 智能拍照游戏,https://item.jd.com/100007043745.html
手机,4299.00,魅族17 Pro 8GB+128GB 乌金 骁龙865 旗舰5G手机 27W无线充 6400W后置主摄 90Hz屏幕 支持NFC 拍照,https://item.jd.com/100012881836.html
手机,4195.00,Apple 苹果 iphone 11 手机 黑色 全网通128GB（新包装）,https://item.jd.com/55370143413.html
手机,319.00,诺基亚 NOKIA 220 4G 移动联通电信三网4G 黑色 直板按键 双卡双待 备用功能机 老人老年 学生备用机,https://item.jd.com/100012797716.html
手机,234.00,天语（K-Touch）L660+ 全网通4G翻盖老人手机移动联通电信三网老人机超长待机备用功能老年 魅力红,https://item.jd.com/100016411550.html
手机,5999.00,京品手机三星 SAMSUNG Galaxy Note20 Ultra 5G 5G手机 S Pen&三星笔记 120Hz 12GB+256GB 曜岩黑,https://item.jd.com/100008116763.html
手机,1199.00,京品手机OPPO A11s 8+128G 磨砂黑 超大存储 5000mAh大电池 18W疾速快充 90Hz护眼屏 全网通拍照,https://item.jd.com/100013902765.html
手机,6338.00,HUAWEI P50 Pro 骁龙888 4G全网通 原色双影像单元 万象双环设计 HarmonyOS 2 8GB+256GB可可茶金华为,https://item.jd.com/100016944081.html
手机,3669.00,小米12 骁龙8 Gen1 黄金手感 6.28英寸视感屏 120Hz高刷 5000万疾速影像 67W快充 8GB+128GB 蓝色 5G,https://item.jd.com/100017508619.html
手机,799.00,诺基亚（NOKIA）C20 Plus 海洋蓝 双卡双待 移动联通电信三网4G智能手机 全面屏 大字体 大音量 老人老年机,https://item.jd.com/100022569730.html
手机,1399.00,OPPO A53 双模5G 轻薄时尚外观 90Hz超清护眼屏 AI智能三摄 全面屏拍照视频手机 6GB+128GB 流光紫,https://item.jd.com/100017181184.html
手机,1599.00,vivo iQOO Z3 骁龙768G 120Hz竞速屏 55W闪充AI三摄5G全网通电竞智能手机 8GB 256GB深空 官方标配版,https://item.jd.com/10027680861328.html
手机,3799.00,OPPO Reno5 Pro 12+256GB 星河入梦 6400万人像四摄 65W超级闪充 5G手机,https://item.jd.com/100009700283.html
手机,2499.00,京品手机OPPO Reno5 5G 6400万水光人像四摄 65W超级闪充 8+128 星河入梦 全网通【购机补贴版】,https://item.jd.com/100017286220.html
手机,583.00,小米 Redmi 红米9A 智能老人 手机 湖光绿 全网通 4GB+64GB,https://item.jd.com/71865667943.html
手机,5399.00,小米12 Pro 骁龙8 Gen1 2K AMOLED 120Hz高刷 5000万疾速影像 120W小米澎湃秒充 12GB+256GB 原野绿 5G,https://item.jd.com/100017508653.html
手机,1699.00,vivo Y52s 5G手机 8GB+128GB 珊瑚海 5000mAh大电池 4800万影像系统 90Hz灵动护眼屏 双模5G全网通,https://item.jd.com/100009737503.html
手机,9799.00,Apple iPhone 13 Pro Max (A2644) 256GB 远峰蓝色 支持移动联通电信5G 双卡双待【赠大王卡首月免月租】,https://item.jd.com/100014446129.html
手机,2499.00,魅族16T 三摄拍照大屏娱乐游戏手机 8GB+256G 湖光绿 骁龙855 4500mAh大电池 超广角 全网通4G双卡双待,https://item.jd.com/100005304613.html
手机,592.00,小米红米9A Redmi智能老人手机 4G+64G 晴空蓝 官方标配,https://item.jd.com/70191996009.html
手机,233.00,飞利浦 PHILIPS E258C 直板电信2G 宝石蓝 老人机 老人手机 老年机 老年手机 按键功能机学生备用机,https://item.jd.com/100007411182.html
手机,2099.00,小米Redmi红米K40 5G游戏手机 全网通 8G+128G 幻境 官方标配【碎屏险+晒单有礼】,https://item.jd.com/10026658145534.html
手机,209.00,诺基亚 NOKIA 新150 黑色 直板按键 移动2G手机 双卡双待 老人老年手机 学生备用功能机 超长待机,https://item.jd.com/100007407545.html
手机,1899.00,京品手机OPPO K7 【学生专享】双模5G 骁龙765G 30W VOOC闪充 4800万超清四摄 8+128GB 海夜 全网通游戏电竞,https://item.jd.com/100011426469.html
手机,2999.00,vivo S10 Pro 5G手机 12GB+256GB 青柠 超轻薄机身 后置一亿像素 自然柔光人像 6nm旗舰芯片 拍照,https://item.jd.com/100012176095.html
手机,583.00,小米红米9A 智能老人手机 砂石黑 全网通4G (4GB+64GB),https://item.jd.com/72007965994.html
手机,115.00,纽曼 Newman L8 中国红 三防老人手机超长待机 移动2G 直板按键大字大声 双卡双待老年机 学生儿童备用功能机,https://item.jd.com/100006061203.html
手机,999.00,魅族 Note9 大屏游戏拍照手机 4GB+64GB 幻黑 4000mAh大电池 人脸解锁 全网通4G 双卡双待,https://item.jd.com/100003622444.html
手机,3299.00,魅族 18 8GB+128GB 踏雪 骁龙888 6.2英寸2K AMOLED曲面屏 6400W高清三摄光学防抖 36W超充 旗舰5G,https://item.jd.com/100018792476.html
手机,1899.00,realme 真我GT Neo2T 天玑1200-AI 5G处理器 120Hz三星AMOLED屏 65W闪充 8+256GB 釉白 5G,https://item.jd.com/100015029787.html
手机,6568.00,Apple/苹果 iPhone 13 (A2634) 支持移动联通电信5G 双卡双待手机 午夜色 全网通 256G【官方标配】,https://item.jd.com/10037151069398.html
手机,99.00,纽曼（Newman）L99S全网通4G老人手机移动联通电信双卡双待老年机 学生备用按键持久待机大声音 黑色 电信版,https://item.jd.com/31356761712.html
手机,2999.00,vivo S12 12GB+256GB 耀黑 一亿像素 4400万超清前置 KPL比赛用机测试认证 快充 智能 长续航 游戏 5G,https://item.jd.com/100017262415.html
手机,3399.00,京品手机realme 真我GT 骁龙888 120Hz屏幕 65W闪充 12GB+256GB曙光5g,https://item.jd.com/100010540761.html
手机,3399.00,京品手机realme 真我GT 骁龙888 120Hz屏幕 65W闪充 12GB+256GB 曙光 5g,https://item.jd.com/100026731456.html
手机,109.00,纽曼（Newman）N99 三防老人手机 超长待机大字体大声音 充电宝功能老年手机 移动2G按键备用功能 黑色,https://item.jd.com/100005135335.html
手机,18299.00,华为 HUAWEI Mate X2 麒麟9000旗舰芯片 超感知徕卡四摄 512GB冰晶蓝 5G全网通华为 折叠屏（无充版）,https://item.jd.com/100012248171.html
手机,1898.00,小米Redmi红米k30 至尊纪念版 智能5G手机 天玑1000plus旗舰芯片 全网通 8G+128G 薄荷绿 官方标配,https://item.jd.com/10020204554735.html
手机,6599.00,【搭载HarmonyOS 2】华为 HUAWEI Mate 40 Pro 4G 全网通 麒麟9000旗舰芯片 8GB+256GB亮黑色【购机补贴版】,https://item.jd.com/100024349950.html
手机,1098.00,vivo Y3s 4GB+128GB 绯玉红 5000mAh大电池 AI智慧双摄 面部识别 全网通智能手机,https://item.jd.com/100016153586.html
手机,1199.00,【到手价1139起！】OPPO K7x 5G新品手机90Hz电竞屏拍照游戏智能视频手机闪充拍照大电池 蓝影 6GB+128GB,https://item.jd.com/10023736250031.html
手机,1499.00,vivo Y53s (t2版) 5G手机 8GB+128GB 海盐 5000mAh大电池 6400万超清主摄 90Hz高刷屏 双模5G全网通,https://item.jd.com/100013694177.html
手机,3199.00,realme 真我GT 大师探索版 120Hz三星AMOLED曲面屏 骁龙870 雪山 12GB+256GB 双模5G gt【购机补贴版】,https://item.jd.com/100024849384.html
手机,6799.00,Apple iPhone 13 (A2634) 256GB 蓝色 支持移动联通电信5G 双卡双待手机 【移动用户专享优惠】,https://item.jd.com/100014382765.html
手机,5698.00,Apple 苹果 iPhone 13 (A2634) 全网通 5G手机 128GB 蓝色 官方标配,https://item.jd.com/10037124191770.html
手机,5499.00,vivo X70 Pro+ 骁龙888 Plus 2K屏幕 IP68级防水 全四摄光学防抖 50W无线闪充 5G 8GB+256GB 至黑,https://item.jd.com/100013670541.html
手机,252.00,天语（K-Touch）S8全网通4G智能老人手机移动联通电信VoLTE 4G双卡直板按键超长待机备用老年 黑色,https://item.jd.com/100003242113.html
手机,2699.00,vivo S10 5G手机 8GB+256GB 绮光焕彩 超轻薄机身 前置4400万自然柔光人像 光致变色工艺 6nm旗舰芯片,https://item.jd.com/100012176097.html
手机,1799.00,vivo T1 5G手机 8GB+128GB 电光青 高通骁龙778G 5000mAh大电池 6400万超清影像 游戏 拍照,https://item.jd.com/100014581613.html
手机,2299.00,京品手机realme 真我GT 骁龙888 120Hz屏幕 65W闪充 12GB+256GB深海飞艇5g【购机补贴版】,https://item.jd.com/100019101784.html
手机,899.00,OPPO A32 【频道专享】4GB+64GB 幻想蓝 90Hz护眼灵点屏 5000mAh超大电池 长续航 18W疾速快充 游戏,https://item.jd.com/100017023121.html
手机,899.00,OPPO A32 90Hz护眼灵点屏 5000mAh超大电池 长续航 18W疾速快充 全面屏拍照视频游戏 4GB+64GB 幻想蓝【购机补贴版】,https://item.jd.com/100020083494.html
电脑,5999.00,联想笔记本电脑小新Pro16 16英寸全面屏性能游戏轻薄本(标压R7-5800H 16G 512G 2.5K 120Hz GTX1650)锐龙版,https://item.jd.com/100011175665.html
电脑,3999.00,联想笔记本电脑小新Air14锐龙版 14英寸全面屏办公轻薄本(6核R5-5500U 16G 512G 高色域 WiFi6)深空灰,https://item.jd.com/100018584132.html
电脑,4299.00,联想笔记本电脑小新Air14Plus锐龙版 14英寸全面屏办公轻薄本(6核R5-5600U 16G 512G 2.2K护眼屏)深空灰,https://item.jd.com/100026957536.html
电脑,4999.00,联想笔记本电脑 小新Pro14锐龙版14英寸全面屏高性能轻薄本(标压6核R5-5600H 16G 512G 2.8K 90Hz 护眼屏)银,https://item.jd.com/100026957550.html
电脑,5799.00,联想笔记本电脑小新Pro14锐龙版 14英寸全面屏办公轻薄本(8核标压R7-5800H 16G 512G 2.8K 90Hz 护眼屏)银,https://item.jd.com/100026957566.html
电脑,4699.00,联想笔记本电脑 小新Air14Plus锐龙版14英寸全面屏办公轻薄本(8核R7-5800U 16G 512G 2.2K护眼屏 人脸识别),https://item.jd.com/100026957568.html
电脑,4799.00,联想笔记本电脑小新Air15锐龙版 15.6英寸全面屏办公轻薄本(8核R7-5700U 16G 512G 高色域 数字小键盘)深空灰,https://item.jd.com/100019867006.html
电脑,5699.00,联想笔记本电脑小新Pro16锐龙版 16英寸全面屏高性能游戏轻薄本(标压8核R7-5800H 16G 512G 2.5K光护眼屏 ),https://item.jd.com/100020877528.html
电脑,5599.00,联想笔记本电脑小新Pro16锐龙版 16英寸全面屏高性能游戏轻薄本 (6核R5-5600H 16G 512G 2.5K高刷屏 GTX1650),https://item.jd.com/100020877548.html
电脑,4999.00,联想笔记本电脑 小新Air14Plus锐龙版 14英寸全面屏高性能独轻薄(6核R5-5600U 16G 512G 2.2K屏 满血MX450)灰,https://item.jd.com/100020877742.html
电脑,6499.00,联想笔记本电脑小新Pro16锐龙版 16英寸高性能游戏轻薄本(8核R7-5800H 16G 512G RTX3050独显 2.5K高刷屏 ),https://item.jd.com/100021771660.html
电脑,5599.00,京品电脑惠普(HP)战66四代锐龙版 14英寸轻薄笔记本电脑(Zen3架构 8核 R7-5800U 16G 1T 400尼特高色域 一年上门),https://item.jd.com/100010241263.html
电脑,4299.00,京品电脑惠普(HP)战66四代 锐龙版15.6英寸轻薄笔记本电脑(Zen3架构 6核 R5-5600U 16G 512G 400尼特高色域 一年上门),https://item.jd.com/100010242577.html
电脑,3999.00,京品电脑惠普(HP)战66四代 锐龙版 15.6英寸轻薄笔记本电脑(Zen3架构 6核 R5-5600U 8G 512G 一年上门+意外 2年电池),https://item.jd.com/100010242579.html
电脑,4299.00,京品电脑惠普(HP)战66四代 锐龙版 14英寸轻薄笔记本电脑(Zen3架构 6核 R5-5600U 16G 512G 400尼特高色域 一年上门),https://item.jd.com/100018079978.html
电脑,4399.00,京品电脑惠普(HP)战66四代 锐龙版 14英寸轻薄笔记本电脑(Zen3架构 6核 R5-5600U 8G 512G 一年上门+意外 2年电池),https://item.jd.com/100018080000.html
电脑,4699.00,京品电脑惠普(HP)战66四代 锐龙版 14英寸轻薄笔记本电脑(Zen3架构 8核 R7-5800U 16G 512G 400尼特高色域 一年上门),https://item.jd.com/100018080014.html
电脑,4699.00,京品电脑惠普(HP)战66四代 锐龙版 14英寸轻薄笔记本电脑(Zen3架构 6核 R5-5600U 16G 512G 一年上门+意外 2年电池),https://item.jd.com/100018080018.html
电脑,4699.00,京品电脑惠普(HP)战66四代 锐龙版15.6英寸轻薄笔记本电脑(Zen3架构 8核 R7-5800U 16G 512G 400尼特高色域 一年上门),https://item.jd.com/100018083778.html
电脑,5299.00,惠普(HP)战66四代 锐龙版 15.6英寸轻薄笔记本电脑(Zen3架构 8核 R7-5800U 16G 1TB 400尼特高色域 一年上门),https://item.jd.com/100018083802.html
电脑,4499.00,京品电脑惠普(HP)战66四代 锐龙版 15.6英寸轻薄笔记本电脑(Zen3架构 6核 R5-5600U 16G 512G 一年上门+意外 2年电池),https://item.jd.com/100018083824.html
电脑,3299.00,京品电脑联想(Lenovo)天逸510S英特尔酷睿i3个人商务台式机电脑整机(i3-10100 8G 512G SSD wifi win10 )23英寸,https://item.jd.com/100014047034.html
电脑,2899.00,京品电脑联想(Lenovo)天逸510S 个人商务台式机电脑整机(i3-10100  8G 1T wifi win10 三年上门)21.45英寸,https://item.jd.com/100014047052.html
电脑,3699.00,京品电脑联想(Lenovo)天逸510S 个人商务台式机电脑整机(i5-10400 8G 1T wifi win10 三年上门)21.45英寸,https://item.jd.com/100014047068.html
电脑,6999.00,联想(Lenovo)天逸510Pro个人商务台式机电脑整机(11代i7-11700F 16G 1T+256G RX550X 4G独显 win11)23英寸,https://item.jd.com/100014515315.html
电脑,2999.00,联想(Lenovo)天逸510Pro英特尔酷睿i3个人商务台式机电脑整机(10代i3-10105 8G 512G SSD win11)21.45英寸,https://item.jd.com/100017131717.html
电脑,3799.00,京品电脑联想(Lenovo)天逸510Pro个人商务台式机电脑整机(11代i5-11400 8G 512G SSD win11)21.45英寸,https://item.jd.com/100026912588.html
电脑,4399.00,联想(Lenovo)天逸510Pro英特尔酷睿i5个人商务台式机电脑整机(11代i5-11400 16G 1TB+256G SSD win11)23英寸,https://item.jd.com/100026912626.html
电脑,3799.00,联想(Lenovo)天逸510Pro AMD个人商务台式机电脑整机(R5-5600G 8G 512G SSD win11)21.45英寸,https://item.jd.com/100027925680.html
电脑,5299.00,京品电脑联想(Lenovo)天逸510Pro AMD个人商务台式机电脑整机(锐龙7-5700G 16G 512G SSD win11 )23英寸,https://item.jd.com/100027925692.html
电脑,5899.00,华为笔记本电脑MateBook D 14 2022款 14英寸 11代酷睿 i7 16G+512G 集显 轻薄本/护眼全面屏/华为分享 银,https://item.jd.com/100030585438.html
电脑,4699.00,华为笔记本电脑MateBook D 14 2022款 14英寸 11代酷睿 i5 16G+512G 集显 轻薄本/护眼全面屏/华为分享 灰,https://item.jd.com/100030585506.html
电脑,3999.00,京品电脑华为笔记本电脑MateBook D 14 SE版 14英寸 11代酷睿 i5 集显 8G+512G 轻薄本/高清护眼防眩光屏/华为分享 银,https://item.jd.com/100032149194.html
电脑,4699.00,华为笔记本电脑MateBook D 14 2022款 14英寸 11代酷睿 i5 16G+512G 集显 轻薄本/护眼全面屏/华为分享 银,https://item.jd.com/100016960357.html
电脑,6499.00,联想小新Pro16 2021款 旗舰轻薄笔记本电脑 MX450独显游戏本 标压酷睿i5-11320H 16G内存 512G固态 标配版 16英寸 2.5K超高清 IPS高色域全面屏,https://item.jd.com/10032116651886.html
电脑,6999.00,联想小新Pro16 2021款 旗舰轻薄笔记本电脑 MX450独显游戏本 标压酷睿i5-11320H 16G内存 1TB固态 升级版 16英寸 2.5K超高清 IPS高色域全面屏,https://item.jd.com/10032116651887.html
电脑,5699.00,联想小新15 2021金属超轻薄笔记本电脑 学生办公 高色域设计师游戏本 六核锐龙R5-5500U 16G内存 1TB固态 升级版 IPS高色域全面屏｜DC调光 护眼无闪烁,https://item.jd.com/33950552703.html
电脑,5099.00,联想小新15 2021金属超轻薄笔记本电脑 学生办公 高色域设计师游戏本 六核锐龙R5-5500U 16G内存 512G固态 标配版 IPS高色域全面屏｜DC调光 护眼无闪烁,https://item.jd.com/33950552707.html
电脑,4999.00,联想小新Air14酷睿版高性能轻薄本 英特尔酷睿i5 14英寸全面屏学生笔记本电脑(i5 16G 512G 高色域 独显)银,https://item.jd.com/100011386554.html
电脑,4299.00,荣耀笔记本 MagicBook X 14 2021 14英寸全面屏轻薄笔记本电脑 （i5 16GB 512GB多屏协同）冰河银,https://item.jd.com/100011349191.html
电脑,3099.00,荣耀笔记本 MagicBook X 15 2021 15.6英寸全面屏轻薄笔记本电脑 （i3 8GB 256GB多屏协同）冰河银,https://item.jd.com/100021400856.html
电脑,2999.00,荣耀笔记本MagicBook X 14 2021 14英寸全面屏轻薄笔记本电脑 （i3 8GB 256GB多屏协同）冰河银,https://item.jd.com/100021400870.html
电脑,3499.00,京品电脑荣耀笔记本 MagicBook X 15 2021 15.6英寸全面屏轻薄笔记本电脑 （i5 8GB 512GB多屏协同）冰河银,https://item.jd.com/100021400874.html
电脑,4399.00,荣耀笔记本 MagicBook X 15 2021 15.6英寸全面屏轻薄笔记本电脑 （i5 16GB 512GB多屏协同）冰河银,https://item.jd.com/100021400882.html
电脑,5488.00,联想小新Air14Plus 2.2K超高清屏轻薄学生办公游戏笔记本电脑锐龙R7-5800U八核 16G内存 512G高速固态 标配版 100%sRGB 高色域 全面屏,https://item.jd.com/10042000805806.html
电脑,5888.00,联想小新Air14Plus 2.2K超高清屏轻薄学生办公游戏笔记本电脑锐龙R7-5800U八核 16G内存 1TB高速固态 升级版 100%sRGB 高色域 全面屏,https://item.jd.com/10042000805807.html
电脑,7199.00,联想笔记本电脑 小新Pro16全能本 超轻薄游戏本 16英寸2.5K高色域全面屏设计师办公学生本 八核旗舰定制R7-5800H 16G 1TB GTX1650-4G独显 120Hz高刷新 金属灰,https://item.jd.com/10035779755687.html
电脑,6799.00,联想笔记本电脑 小新Pro16全能本 超轻薄游戏本 16英寸2.5K高色域全面屏设计师办公学生本 八核旗舰标配R7-5800H 16G 512G GTX1650-4G独显 120Hz高刷新 金属灰,https://item.jd.com/10036475195544.html
电脑,4988.00,14英寸全面屏超轻薄笔记本电脑学生上网课设计师手提商务办公游戏本 新锐龙旗舰定制R5-5500U丨512G固态 DC调光无闪烁护眼屏 背光键盘 金属灰,https://item.jd.com/10039828047092.html
电脑,5599.00,联想ThinkBook 15 锐龙版（ANCD）15.6英寸轻薄笔记本电脑 (R5 5600U 16G 512G MX450独显),https://item.jd.com/100014616591.html
电脑,4699.00,京品电脑联想ThinkBook 14 锐龙版(BHCD) 2021款 14英寸轻薄笔记本电脑(R7 5800U 16G 512G 高色域 Win11),https://item.jd.com/100014815071.html
电脑,4799.00,联想ThinkBook 15 锐龙版（BKCD）15.6英寸轻薄笔记本电脑 (R7 5800U 16G 512G Win11),https://item.jd.com/100015556023.html
电脑,4999.00,京品电脑联想ThinkBook 14 锐龙版 2021款 14英寸轻薄笔记本电脑(7nm 六核 R5 5600U 16G 512G 高色域 长续航),https://item.jd.com/100021781178.html
电脑,5499.00,联想ThinkBook 15 锐龙版（APCD）15.6英寸轻薄笔记本电脑 (R7 5800U 16G 512G MX450独显 Win11),https://item.jd.com/100027064340.html
电脑,4999.00,联想笔记本电脑 ThinkBook 14 锐龙版（AMCD）14英寸轻薄笔记本(R5 5600U 16G 512G MX450独显),https://item.jd.com/100027064942.html
电脑,4699.00,京品电脑联想ThinkBook 14 锐龙版(BGCD) 2021款 14英寸轻薄笔记本电脑(R5 5600U 16G 512G 高色域 Win11),https://item.jd.com/100027363584.html
电脑,4299.00,联想ThinkBook 15 锐龙版（BJCD）15.6英寸轻薄笔记本电脑 (R5 5600U 16G 512G Win11),https://item.jd.com/100028478088.html
电脑,6999.00,戴尔DELL灵越14Pro-5418 14英寸高色域防蓝光轻薄商务笔记本电脑(标压i7-11370H 16G 512G 100%sRGB)银,https://item.jd.com/100011127283.html
电脑,6499.00,戴尔DELL灵越14Pro-5418 14英寸高色域防蓝光轻薄商务笔记本电脑(标压i7-11390H 16G 512G MX450 100%sRGB)绿,https://item.jd.com/100013495991.html
电脑,6399.00,京品电脑戴尔DELL灵越14Pro-5418 14英寸高色域防蓝光轻薄商务笔记本电脑(标压i7-11390H 16G 512G MX450 100%sRGB)银,https://item.jd.com/100013495999.html
电脑,4999.00,联想小新Air14 2021 金属超轻薄笔记本电脑 学生游戏设计办公本 11代酷睿i5-1155G7 8G内存 512G固态 升级版 广视角高清全面屏,https://item.jd.com/10038059065096.html
电脑,6199.00,联想笔记本电脑 小新Pro14 Evo平台14英寸超轻薄学生游戏本 2.8K高清屏设计师办公手提 新11代酷睿I5-11320H 16G 512G 锐炬显卡 100％sRGB高色域 金属银,https://item.jd.com/10023423231958.html
电脑,5999.00,京品电脑武极武神 i5 10400F/12400F/GTX1660S/直播吃鸡游戏台式主机DIY组装机,https://item.jd.com/1238701404.html
电脑,3999.00,联想笔记本电脑 小新AIR14 锐龙版六核R5超轻薄学生游戏办公商务设计笔记本 升配：R5-5500U丨8GB丨512G固态,https://item.jd.com/47878949717.html
电脑,5199.00,联想笔记本电脑 小新AIR14 锐龙版六核R5超轻薄学生游戏办公商务设计笔记本 高色域标配R5-5500U 16G 512G固态,https://item.jd.com/47878949721.html
电脑,5199.00,联想笔记本电脑 小新AIR14 锐龙版六核R5超轻薄学生游戏办公商务设计笔记本 标配：R5-5500U 8G内存 256G固态,https://item.jd.com/47878949722.html
电脑,5699.00,联想笔记本电脑 小新AIR14 锐龙版六核R5超轻薄学生游戏办公商务设计笔记本 高色域定制R5-5500U 16GB 1TB固态,https://item.jd.com/47878949727.html
电脑,4399.00,戴尔（DELL）笔记本灵越15-3511 15.6英寸超极本轻薄家用学生网课商务办公游戏笔记本 四核酷睿i5-1035G1 高性能集显 16G内存 512GPCIE固态硬盘 热款选择,https://item.jd.com/18788509139.html
电脑,4799.00,戴尔（DELL）笔记本灵越15-3511 15.6英寸超极本轻薄家用学生网课商务办公游戏笔记本 四核酷睿i5-1035G1 高性能集显 16G内存 1.0TBPCIE固态硬盘 超大存储,https://item.jd.com/18788509140.html
电脑,4799.00,戴尔（DELL）笔记本灵越15-3511 15.6英寸超极本轻薄家用学生网课商务办公游戏笔记本 11代酷睿i5-1135G7 锐炬Xe显卡 16G内存 512GPCIE固态硬盘 热款选择,https://item.jd.com/18788509146.html
电脑,4799.00,戴尔（DELL）笔记本灵越15-3511 15.6英寸超极本轻薄家用学生网课商务办公游戏笔记本 11代酷睿i5-1135G7 锐炬Xe显卡 16G内存 1.0TBPCIE固态硬盘 超大存储,https://item.jd.com/18788509147.html
电脑,5099.00,戴尔（DELL）笔记本灵越15-3511 15.6英寸超极本轻薄家用学生网课商务办公游戏笔记本 四核酷睿i5-1035G1 高性能集显 32G内存 1.0TBPCIE固态硬盘 顶配版,https://item.jd.com/10022990814451.html
电脑,5399.00,戴尔（DELL）笔记本灵越15-3511 15.6英寸超极本轻薄家用学生网课商务办公游戏笔记本 11代酷睿i5-1135G7 锐炬Xe显卡 32G内存 1.0TBPCIE固态硬盘 顶配版,https://item.jd.com/10022990814452.html
电脑,9999.00,Apple MacBook Pro 13.3 八核M1芯片 8G 256G SSD 深空灰 笔记本电脑 轻薄本 MYD82CH/A,https://item.jd.com/100009464821.html
电脑,11499.00,Apple MacBook Pro 13.3 八核M1芯片 16G 256G SSD 深空灰 笔记本电脑 轻薄本 Z11B,https://item.jd.com/100009536763.html
电脑,11499.00,Apple MacBook Pro 13.3 八核M1芯片 8G 512G SSD 银色 笔记本电脑 轻薄本 MYDC2CH/A,https://item.jd.com/100016616028.html
电脑,11499.00,Apple MacBook Pro 13.3 八核M1芯片 8G 512G SSD 深空灰 笔记本电脑 轻薄本 MYD92CH/A,https://item.jd.com/100016616046.html
电脑,9999.00,Apple MacBook Pro 13.3 八核M1芯片 8G 256G SSD 银色 笔记本电脑 轻薄本 MYDA2CH/A,https://item.jd.com/100016616048.html
电脑,12999.00,Apple MacBook Pro 13.3 八核M1芯片 16G 512G SSD 深空灰 笔记本电脑 轻薄本 Z11C,https://item.jd.com/100016724434.html
电脑,11499.00,Apple MacBook Pro 13.3 八核M1芯片 16G 256G SSD 银色 笔记本电脑 轻薄本 Z11D,https://item.jd.com/100016724446.html
电脑,12999.00,Apple MacBook Pro 13.3 八核M1芯片 16G 512G SSD 银色 笔记本电脑 轻薄本 Z11F,https://item.jd.com/100016724490.html
电脑,4399.00,联想笔记本电脑 S14 酷睿版 14英寸办公轻薄本(酷睿i5-1135G7 16G 512G 锐炬显卡),https://item.jd.com/100015098179.html
电脑,4499.00,京品电脑联想笔记本电脑 S14 酷睿版 14英寸办公轻薄本(酷睿i5-1135G7 16G 512G 锐炬显卡 高色域),https://item.jd.com/100022287892.html
电脑,5999.00,京品电脑武极剑星i7 10700/11700F/GTX1650/永劫无间游戏电脑主机DIY组装机/组装,https://item.jd.com/1555771170.html
电脑,2699.00,京品电脑联想(Lenovo)天逸510S 个人商务台式机电脑整机(i3-10100 8G 1T wifi win10 三年上门)单主机,https://item.jd.com/100007773441.html
电脑,3099.00,京品电脑联想(Lenovo)天逸510S 十代英特尔酷睿i3 台式机电脑整机(i3-10100 8G 1T wifi win10 三年上门)19.5英寸IPS,https://item.jd.com/100008476189.html
电脑,3099.00,京品电脑联想(Lenovo)天逸510S 个人商务台式机电脑整机(i3-10100  8G 1T wifi win10 三年上门)来酷27英寸IPS,https://item.jd.com/100012723019.html
电脑,2999.00,京品电脑联想(Lenovo)天逸510S 个人商务台式机电脑整机(i3-10100 8G 1T wifi win10 三年上门)23英寸,https://item.jd.com/100014072648.html
电脑,5699.00,京品电脑荣耀MagicBook 16 Pro 2021 16.1英寸高性能标压轻薄游戏笔记本电脑(R7-5800H 16+512G 144Hz GTX1650)星空灰,https://item.jd.com/100014373843.html
电脑,4999.00,荣耀MagicBook 16 2021 16.1英寸高性能标压轻薄笔记本电脑(R7-5800H 16+512G 144Hz 7nm)冰河银,https://item.jd.com/100014373845.html
电脑,5599.00,联想ThinkPad E14 酷睿i7 14英寸轻薄笔记本电脑(i7-1165G7 8G 512G 100%sRGB)银,https://item.jd.com/100010013939.html
电脑,4799.00,京品电脑联想ThinkPad E14 酷睿i5 14英寸轻薄笔记本电脑(i5-1135G7 16G 512G 100%sRGB)银,https://item.jd.com/100016514918.html
电脑,5898.00,京品电脑ThinkPad E14 酷睿i7 14英寸轻薄笔记本电脑(i7-1165G7 16G 512G 100%sRGB)银,https://item.jd.com/100016514926.html
电脑,4499.00,联想ThinkPad E14 酷睿i5 14英寸轻薄笔记本电脑(i5-1135G7 8G 512G 100%sRGB)银,https://item.jd.com/100017442148.html
电脑,5399.00,联想小新AIR14 2021旗舰版 14英寸全面屏超轻薄笔记本电脑学生上网课设计师手提商务办公游戏本 新11代旗舰定制i5-1155G7丨512G IPS全面屏 背光键盘 月光银,https://item.jd.com/10026625493456.html
电脑,7198.00,华硕(ASUS) VivoBook14 F 14英寸翻转触控轻薄笔记本电脑(十一代i7-1165G7 16G 512G 锐炬Xe MAX 4G 独显)银,https://item.jd.com/100019498826.html
电脑,4469.00,京品电脑华硕(ASUS) VivoBook15X 11代英特尔酷睿i5 15.6英寸轻薄笔记本电脑(i5-1135G7 16G 100%sRGB 金属版)冰川银,https://item.jd.com/100025195628.html
电脑,4699.00,京品电脑华硕（ASUS）VivoBook15 X 金属板 11代英特尔酷睿 15.6英寸轻薄办公笔记本 i5-1135G7 16G 512G固态 锐炬显卡 银色,https://item.jd.com/28206239565.html
电脑,5499.00,联想小新Air14Plus Win11新品超轻薄笔记本电脑 学习办公设计游戏本 八核R7-5800U 16G内存 512G固态 标配版 IPS高色域全面屏｜DC调光 护眼无闪烁,https://item.jd.com/10030021357914.html
电脑,5899.00,联想小新Air14Plus Win11新品超轻薄笔记本电脑 学习办公设计游戏本 八核R7-5800U 16G内存 1TB固态 升级版 IPS高色域全面屏｜DC调光 护眼无闪烁,https://item.jd.com/10032485224910.html
电脑,5499.00,RedmiBook Air 13.3英寸 轻薄笔记本电脑（酷睿i7 16+512G 2.5K全面屏 金属机身）紫晶灰,https://item.jd.com/100008203517.html
电脑,4599.00,京品电脑RedmiBook Pro 15增强版 15.6英寸轻薄笔记本电脑（标压i5-11320H 16+512G 3.2K 90HZ全面屏 铝合金机身）灰,https://item.jd.com/100013483267.html
电脑,5998.00,京品电脑RedmiBook Pro15增强版15.6英寸轻薄笔记本电脑(标压i7-11390H MX450 16+512G 3.2K全面屏90Hz 铝合金机身)灰,https://item.jd.com/100013483269.html
电脑,4999.00,京品电脑RedmiBook Pro15增强版15.6英寸轻薄笔记本电脑(标压i5-11320H MX450 16+512G 3.2K全面屏90Hz 铝合金机身)灰,https://item.jd.com/100013483271.html
电脑,5399.00,京品电脑RedmiBook Pro 14增强版 14英寸轻薄笔记本电脑（标压i7-11390H MX450 16+512G 2.5K全面屏 铝合金机身）灰,https://item.jd.com/100025374004.html
电脑,4499.00,京品电脑RedmiBook Pro 14增强版 14英寸轻薄笔记本电脑（标压i5-11320H 16+512G 2.5K全面屏 铝合金机身）灰,https://item.jd.com/100025374022.html
电脑,4599.00,京品电脑RedmiBook Pro 14增强版 14英寸轻薄笔记本电脑（标压i5-11320H MX450 16+512G 2.5K全面屏 铝合金机身）灰,https://item.jd.com/100025374024.html
电脑,3199.00,酷耶 酷睿i7级八核/游戏独显/16G内存台式机电脑主机整机全套组装家用电竞企业办公主机 套餐四(i9级E5十核+GTX1060吃鸡),https://item.jd.com/11672444043.html
电脑,3998.00,酷耶 酷睿i7级八核/游戏独显/16G内存台式机电脑主机整机全套组装家用电竞企业办公主机 套餐四(i9级十核+GTX1060)+显示器,https://item.jd.com/11672444044.html
电脑,2198.00,酷耶 酷睿i7级八核/游戏独显/16G内存台式机电脑主机整机全套组装家用电竞企业办公主机 套餐一(i5四核+756G)+显示器,https://item.jd.com/12784088653.html
电脑,1399.00,酷耶 酷睿i7级八核/游戏独显/16G内存台式机电脑主机整机全套组装家用电竞企业办公主机 套餐一(i5四核/8G/756G/HD核显),https://item.jd.com/12784088654.html
电脑,2499.00,酷耶 酷睿i7级八核/游戏独显/16G内存台式机电脑主机整机全套组装家用电竞企业办公主机 套餐三(i9级E5十核+GTX1050),https://item.jd.com/13836773521.html
电脑,3298.00,酷耶 酷睿i7级八核/游戏独显/16G内存台式机电脑主机整机全套组装家用电竞企业办公主机 套餐三(i9级E5十核+GTX1050)+显示器,https://item.jd.com/13836773522.html
电脑,2798.00,酷耶 酷睿i7级八核/游戏独显/16G内存台式机电脑主机整机全套组装家用电竞企业办公主机 套餐二(i7级E5八核+R9-370)+显示器,https://item.jd.com/17651966214.html
电脑,1999.00,酷耶 酷睿i7级八核/游戏独显/16G内存台式机电脑主机整机全套组装家用电竞企业办公主机 套餐二(i7级E5八核+R9-370 4G),https://item.jd.com/17651966215.html
电脑,1599.00,酷耶 酷睿i7级八核/游戏独显/16G内存台式机电脑主机整机全套组装家用电竞企业办公主机 推荐（i7级八核/16G/R7-350独显2G）,https://item.jd.com/10037026109559.html
电脑,3379.00,硕扬 i5 12400F/GTX1650/16G内存/永劫无间游戏吃鸡台式电脑主机DIY组装机,https://item.jd.com/1085794603.html
电脑,3899.00,联想（Lenovo）扬天M590 商用台式机办公台式电脑整机(锐龙5-5600G 8G 512G WiFi Office 三年上门)21.45英寸,https://item.jd.com/100013934511.html
电脑,3099.00,京品电脑联想 (Lenovo)扬天M4000q 商用台式机电脑整机 (酷睿i3-10100 8G 1T 键鼠 串口 四年上门)21.45英寸,https://item.jd.com/100014417236.html
电脑,3399.00,京品电脑联想 (Lenovo)扬天M4000q 商用台式机台式电脑主机 (酷睿i5-10400 8G 1T 键鼠 串口 四年上门),https://item.jd.com/100014417246.html
图书,25.60,安徒生童话（儿童注音美绘本）,https://item.jd.com/11905665.html
图书,25.60,格林童话（儿童注音美绘本）,https://item.jd.com/11905667.html
图书,25.60,伊索寓言（儿童注音美绘本）,https://item.jd.com/11905671.html
图书,25.60,影响男孩成长的经典故事（儿童注音美绘本）,https://item.jd.com/11905673.html
图书,25.60,法布尔昆虫记（儿童注音美绘本）,https://item.jd.com/11911316.html
图书,25.60,一千零一夜（儿童注音美绘本）,https://item.jd.com/11911324.html
图书,25.60,彼得兔的故事（儿童注音美绘本）,https://item.jd.com/11911326.html
图书,25.60,植物百科（儿童注音版）,https://item.jd.com/11940857.html
图书,25.60,小学生美绘本四大名著：红楼梦,https://item.jd.com/11940861.html
图书,25.60,唐诗三百首（精选版儿童注音美绘本）,https://item.jd.com/11977252.html
图书,25.60,动物百科（儿童注音版）,https://item.jd.com/11977266.html
图书,25.60,恐龙百科（儿童注音版）,https://item.jd.com/11977270.html
图书,25.60,超有趣幼儿成语故事（儿童注音美绘本）,https://item.jd.com/11977272.html
图书,25.60,世界兵器大全（儿童注音版）,https://item.jd.com/11977274.html
图书,25.60,地球科普绘本 地球小历史（生僻字注音美绘本）,https://item.jd.com/12752134.html
图书,25.60,太空科普绘本 太空小历史（生僻字注音美绘本）,https://item.jd.com/12752152.html
图书,25.60,自然生命小历史,https://item.jd.com/12847070.html
图书,25.60,万物小历史,https://item.jd.com/12898918.html
图书,38.00,亲爱的小孩 我把世界读给你听,https://item.jd.com/12401321.html
图书,38.00,亲爱的小孩 从这里发现世界,https://item.jd.com/12412046.html
图书,42.00,游世界 和爸妈去旅行 献给孩子的超有趣手绘世界地理百科绘本,https://item.jd.com/12497148.html
图书,38.00,亲爱的小孩，猜猜世界多有趣,https://item.jd.com/12606236.html
图书,42.00,游中国 和爸妈去旅行 献给孩子的超有趣手绘世界地理百科绘本,https://item.jd.com/12707928.html
图书,38.00,亲爱的小孩，和世界一起长大,https://item.jd.com/12715197.html
图书,42.00,二十四节气自然绘本,https://item.jd.com/12916514.html
图书,38.00,亲爱的小孩，牵你小手看世界,https://item.jd.com/12956906.html
图书,42.00,幼儿大科学绘本：大宇宙,https://item.jd.com/12638691.html
图书,42.00,身体，认识我自己,https://item.jd.com/12766953.html
图书,30.00,幼儿趣味中国历史绘本 100历史大人物,https://item.jd.com/12853164.html
图书,25.00,影响孩子一生的环球100成长旅行地,https://item.jd.com/12854084.html
图书,58.50,迷宫大冒险----3-6岁宝宝思维训练迷宫游戏书（思维力，专注力，判断力，记忆力，观察力，想象力）,https://item.jd.com/12882394.html
图书,51.80,揭秘机器人（大开本精装绘本）,https://item.jd.com/12904801.html
图书,75.00,儿童财商启蒙绘本（套装8册）引导孩子正确的消费理念 培养孩子的财富价值观,https://item.jd.com/13023700.html
图书,75.00,儿童大格局培养绘本（套装8册）培养孩子更大的格局 实现人生的更大目标,https://item.jd.com/13023732.html
图书,75.00,走进奇妙的数学世界(套装8册)孩子爱上数学：儿童数学思维培养绘本,https://item.jd.com/13025356.html
图书,58.50,超强大脑（全6册）日本专注3-6岁全脑开发游戏书,https://item.jd.com/13050620.html
图书,51.80,全景图说人类简史：画给孩子的世界发展简史,https://item.jd.com/13050644.html
图书,51.80,画给孩子的身体密码：启蒙幼儿性别认知，揭秘人体结构奥秘,https://item.jd.com/13145356.html
图书,75.00,学会爱自己（套装8册）儿童安全教育启蒙绘本,https://item.jd.com/13321140.html
图书,40.00,聪明宝宝思维训练游戏书（全8册）给孩子的思维能力提升启蒙书,https://item.jd.com/13518754.html
图书,43.50,画给孩子的中国传统节日（精装彩绘本）,https://item.jd.com/12614820.html
图书,41.00,画给孩子的中国神话 : 精装彩绘本,https://item.jd.com/12650041.html
图书,41.00,画给孩子的十二生肖 : 精装彩绘本（送给孩子的吉祥礼物，让孩子了解自己的生肖故事，体验祖先文化遗,https://item.jd.com/12650043.html
图书,43.50,画给孩子的宋词：精装彩绘本（60首经典古诗词，提升孩子的诗词鉴赏能力， 让语文从此变简单！）,https://item.jd.com/12731321.html
图书,43.50,画给孩子的中国民间故事：精装彩绘本。,https://item.jd.com/12731323.html
图书,43.50,画给孩子的恐龙百科：精装彩绘本 ,https://item.jd.com/12731341.html
图书,34.50,趣味天文学：趣味科学系列（深受全世界青少年喜爱。）,https://item.jd.com/12739559.html
图书,34.50,趣味力学：趣味科学系列（深受全世界青少年喜爱。） ,https://item.jd.com/12739571.html
图书,43.50,画给孩子的世界历史：精装彩绘本,https://item.jd.com/12788675.html
图书,22.50,漫画发明简史 : 彩色插图本（专为中小学生“量身定制”。）,https://item.jd.com/12789213.html
图书,43.50,画给孩子的生命简史：精装彩绘本（一本书告诉孩子，“我从哪里来”。）,https://item.jd.com/12814769.html
图书,37.40,中国传统节日故事,https://item.jd.com/12856208.html
图书,43.50,画给孩子的国家宝藏 : 精装彩绘本,https://item.jd.com/12856232.html
图书,43.50,画给孩子的中国历史 : 精装彩绘本（地图里的上下五千年，孩子拿起来就放不下。）,https://item.jd.com/12856258.html
图书,43.50,画给孩子的二十四节气 : 精装彩绘本,https://item.jd.com/12856268.html
图书,43.50,画给孩子的唐诗：精装彩绘本（一部有料有趣的唐诗读本，给孩子一个与众不同的唐诗世界。）,https://item.jd.com/12981076.html
图书,43.50,画给孩子的人类简史：精装彩绘本 ,https://item.jd.com/12981096.html
图书,43.50,画给孩子的姓氏故事：精装彩绘本（姓氏是中华民族寻根溯源的“活化石”。）,https://item.jd.com/12981146.html
图书,37.40,趣味代数学：趣味科学系列（深受全世界青少年喜爱。）,https://item.jd.com/12994280.html
图书,37.40,趣味物理学（深受全世界青少年喜爱。） ,https://item.jd.com/12994304.html
图书,132.00,米小圈图画日记本（套装5册）,https://item.jd.com/12666873.html
图书,22.00,米小圈漫画成语 马不停蹄,https://item.jd.com/12820288.html
图书,21.60,米小圈漫画成语 画蛇添足,https://item.jd.com/12820290.html
图书,21.60,米小圈漫画成语 狐假虎威,https://item.jd.com/12820292.html
图书,15.80,米小圈脑筋急转弯(第二辑)：神灯变变变,https://item.jd.com/12871836.html
图书,62.70,米小圈脑筋急转弯(第二辑)（套装共4册）,https://item.jd.com/12871964.html
图书,128.00,米小圈脑筋急转弯（第一辑+第二辑)（套装共8册）,https://item.jd.com/12879012.html
图书,66.00,米小圈漫画成语（第二辑）【狼吞虎咽+多如牛毛+欢呼雀跃+叶公好龙+漫画成语游戏小蓝书】(套装共5册）,https://item.jd.com/13013757.html
图书,149.40,米小圈漫画成语（1+2合辑）（套装共10册）,https://item.jd.com/13530578.html
图书,37.40,新概念英语1基础学习套装(全新扫码音频版 学生用书+练习册 套装共2册),https://item.jd.com/12621453.html
图书,26.80,朗文・外研社・新概念英语1 英语初阶 学生用书（全新版 附扫码音频）,https://item.jd.com/12757956.html
图书,32.80,朗文・外研社・新概念英语2 实践与进步 学生用书（全新版 附扫码音频）,https://item.jd.com/12757960.html
图书,75.00,企鹅萌萌 AR立体有声儿童情景故事书 枕边童话小绘本（套装共10册）0-6岁 全新立体阅读模式,https://item.jd.com/12085905.html
图书,58.00,萌鸡小队 AR故事绘本（套装全10册） [3-6岁],https://item.jd.com/12532127.html
图书,23.00,中国科幻基石丛书：三体（1）地球往事/中国科幻银河奖特别获奖作品,https://item.jd.com/10019917.html
图书,139.00,中国科幻基石丛书：三体全集+超新星纪元+球状闪电（套装共5册）,https://item.jd.com/10616501.html
图书,34.00,刘慈欣科幻短篇小说集1：带上她的眼睛,https://item.jd.com/11716978.html
图书,93.00,中国科幻基石丛书：三体全集（套装1-3册）,https://item.jd.com/11757834.html
图书,42.00,中国科幻基石丛书：三体（2）黑暗森林（典藏版）,https://item.jd.com/11982170.html
图书,48.00,中国科幻基石丛书：三体（3）死神永生（典藏版）,https://item.jd.com/11982172.html
图书,26.00,中国科幻基石丛书：三体（1）地球往事（典藏版）,https://item.jd.com/11982184.html
图书,25.00,中国科幻基石丛书：球状闪电（典藏版）,https://item.jd.com/11992539.html
图书,30.00,中国科幻基石丛书：超新星纪元（典藏版）,https://item.jd.com/12052646.html
图书,288.00,中国科幻基石丛书：三体（纪念版）（套装共3册）,https://item.jd.com/12155241.html
图书,27.00,自卑与超越（经典全译本）,https://item.jd.com/12173997.html
图书,27.00,乌合之众（原版插图，无删减版）,https://item.jd.com/12174001.html
图书,36.00,菊与刀：无删减足本,https://item.jd.com/12376304.html
图书,37.40,所谓会说话，就是懂心理,https://item.jd.com/12403864.html
图书,37.40,极简逻辑学（好读又好用的零基础逻辑学入门书，让决策更优质，思维更理性，口才更卓越。）,https://item.jd.com/12680905.html
图书,56.00,理想国（2020全译本，西方哲学的源头。）,https://item.jd.com/12897386.html
图书,13.30,水浒传/青少版 中小学课外阅读 无障碍阅读 五年级下册推荐书籍 四大名著/智慧熊,https://item.jd.com/11051357.html
图书,13.30,三国演义/青少版 中小学课外阅读 无障碍阅读 五年级课外推荐阅读书 四大名著/智慧熊,https://item.jd.com/11051358.html
图书,50.30,四大名著青少版：西游记+红楼梦+水浒传+三国演义 五年级下册课外阅读书 /智慧熊,https://item.jd.com/11179524.html
图书,14.20,爱丽丝漫游仙境（又名爱丽丝漫游奇境 中小学课外阅读 无障碍阅读）快乐读书吧六年级下册阅读 智慧熊,https://item.jd.com/11333711.html
图书,15.10,尼尔斯骑鹅旅行记（中小学课外阅读）快乐读书吧六年级下册阅读 智慧熊,https://item.jd.com/11362483.html
图书,12.60,四大名著知识点一本全 中小学课外阅读 无障碍阅读 智慧熊,https://item.jd.com/11439738.html
图书,49.80,快乐读书吧六年级下册阅读：鲁滨逊漂流记 爱丽丝漫游仙境 尼尔斯骑鹅旅行记 汤姆索亚历险记（4册）智慧熊,https://item.jd.com/12458310.html
图书,17.80,小英雄雨来 经典红色系列 快乐读书吧小学六年级上册阅读（ 中小学课外阅读）中小学生革命传统教育读本/智慧熊,https://item.jd.com/12583713.html
图书,54.60,学而思秘籍 小学数学思维培养 教程2级+练习2级 （2册） 一年级适用,https://item.jd.com/12943480.html
图书,43.50,八十天环游世界,https://item.jd.com/12581822.html
图书,43.50,了不起的盖茨比（2019年全新未删减本）,https://item.jd.com/12582680.html
图书,59.60,纳兰词：彩色图文版（选集了纳兰性德《纳兰词》的古本手稿，原文对译、100多幅绝美名画）,https://item.jd.com/12598789.html
图书,37.40,在轮下（村上春树爱不释手的读物，他的文字最符合年轻人向往的“诗和远方”的气质。）,https://item.jd.com/12655517.html
图书,37.40,杨绛传 : 简朴的生活，高贵的灵魂 （杨绛先生诞辰110周年纪念版，周国平、董卿、杨澜盛赞。）,https://item.jd.com/12661713.html
图书,37.40,双城记（狄更斯经典代表作，逝世150周年纪念版！翻译泰斗宋兆霖权威译本。）,https://item.jd.com/12694815.html
图书,37.40,局外人（诺贝尔文学奖得主加缪的代表作，同时收录《局外人》《堕落》）,https://item.jd.com/12748232.html
图书,37.40,呼啸山庄（豆瓣9.5高评分，《纽约时报》“世界十大名著”名列第四。）,https://item.jd.com/12798787.html
图书,37.40,一个陌生女人的来信 : 茨威格中短篇小说选（2020全新译本，一字未删，豆瓣9.5高评分译作）,https://item.jd.com/12906006.html
图书,37.40,痴人之爱（7次获诺贝尔文学奖提名，三岛由纪夫、川端康成、春上村树盛赞推崇！）,https://item.jd.com/12937646.html
图书,37.40,鼠疫（诺贝尔文学奖得主加缪代表作）,https://item.jd.com/12975566.html
图书,37.40,我们(“反乌托邦三部曲”的开山之作_焚书年代的文学珍品),https://item.jd.com/12975588.html
图书,37.40,西西弗神话（诺贝尔文学奖得主_加缪的荒诞哲学代表作),https://item.jd.com/12984498.html
图书,37.40,茶馆（原汁原味老舍作品，无删节经典完整版。）,https://item.jd.com/12984582.html
图书,37.40,牛虻（我一定要走自己的路，追随我所见到的光明。无数人因为读它重获力量。）,https://item.jd.com/12986482.html
图书,43.50,罪与罚（“俄罗斯文学天才”陀思妥耶夫斯基成名之作，人能从洁白里拷打出罪恶，也能从罪恶中拷打出洁白。）,https://item.jd.com/12990562.html
图书,37.40,夜航船（读过《夜航船》，灵魂才有趣！),https://item.jd.com/12994394.html
图书,37.40,了凡四训（命由我作，福自己求。400年来深刻影响中国人的“传家之宝”。）,https://item.jd.com/12994404.html
图书,37.40,少年维特之烦恼（拿破仑读过7遍，没读过《少年维特之烦恼》的青年，是不足以谈成长的。 ）,https://item.jd.com/13022374.html
图书,13.30,伊索寓言（中小学课外阅读 无障碍阅读）快乐读书吧三年级下册阅读 智慧熊,https://item.jd.com/11051360.html
图书,14.20,稻草人/三年级课外阅读 中小学课外阅读无障碍阅读快乐读书吧三年级上册阅读/智慧熊,https://item.jd.com/11092971.html
